2025-07-01 15:20:03,468 INFO Loaded 2963 lines from data\output\output.txt.
2025-07-01 15:20:03,468 INFO Extracted lines 1173 to 2929 (inclusive). Text length: 78066. Preview: '\n25 \nSECTION IV \nTESTING MATRICES \n\n=== PAGE 26 ===\n\n26 \n\nControl # \nControl Activity Specified by SimpleLegal \nBoulay’s Test of Controls \nTest Results \nControl Environment \nCC1.1 COSO Principle 1: The entity demonstrates a commitment to integrity and ethical values. \nCC1.1.1 \nSimpleLegal has establ'
2025-07-01 15:20:03,468 INFO Chunking text: chunk_size=2935, overlap=1000, total_chunks=40
2025-07-01 15:20:03,468 INFO CHUNK 0 LENGTH: 2935. PREVIEW: '\n25 \nSECTION IV \nTESTING MATRICES \n\n=== PAGE 26 ===\n\n26 \n\nControl # \nControl Activity Specified by SimpleLegal \nBoulay’s Test of Controls \nTest Results \nControl Environment \nCC1.1 COSO Principle 1: The entity demonstrates a commitment to integrity and ethical values. \nCC1.1.1 \nSimpleLegal has establ'
2025-07-01 15:20:03,468 INFO CHUNK 1 LENGTH: 2935. PREVIEW: ' verify \nwhether the Board of Directors met on a quarterly basis to \ndiscuss Company performance, strategic objectives, and \ninformation security matters. \nNo exceptions noted. \nCC1.3 COSO Principle 3: Management establishes, with board oversight, structures, reporting lines, and appropriate authori'
2025-07-01 15:20:03,468 INFO CHUNK 2 LENGTH: 2935. PREVIEW: 'sent to \ncommunicate important information security events to \nmanagement and the Board of Directors. \nNo exceptions noted. \nCC1.4 COSO Principle 4: The entity demonstrates a commitment to attract, develop, and retain competent individuals in alignment with objectives. \nCC1.4.1 \nAll positions have a'
2025-07-01 15:20:03,468 INFO CHUNK 3 LENGTH: 2935. PREVIEW: 'on an annual basis. \nFor a selection of active personnel during the period, \ninspected completed performance evaluations to verify \nwhether each individual received a formalized performance \nevaluation during the period which incorporated internal \ncontrol responsibilities. \nNo exceptions noted. \n=='
2025-07-01 15:20:03,468 INFO CHUNK 4 LENGTH: 2935. PREVIEW: 'ey outlined roles and \nresponsibilities around internal control performance.  \nInspected the internal shared folder to verify whether up-to-\ndate policies and procedures were available to all \nSimpleLegal personnel. \nFor all new hires during the period, inspected the signed \nhandbook to verify wheth'
2025-07-01 15:20:03,468 INFO CHUNK 5 LENGTH: 2935. PREVIEW: 'ons. \nInspected a test submission to the SimpleLegal support \nchannel to verify whether it was actively monitored and \nmanaged by the support team. \nNo exceptions noted. \nCC2.3.2 \nObjective descriptions of SimpleLegal’s system and its \nboundaries are available to authorized external users \nand custo'
2025-07-01 15:20:03,469 INFO CHUNK 6 LENGTH: 2935. PREVIEW: ' across the entity and analyzes risks as a basis for determining how the risks \nshould be managed. \nCC3.2.1 \nOn a quarterly basis, SimpleLegal performs a risk \nassessment, which includes the identification of relevant \ninternal and external threats, an analysis of the \nsignificance of the risks asso'
2025-07-01 15:20:03,469 INFO CHUNK 7 LENGTH: 2935. PREVIEW: ' security, data \nintegrity, scalability, and privacy. \nFor a selection of quarters, inspected the completed risk \nassessment to verify whether it included an evaluation of \nchanges pertaining to data security, data integrity, \nscalability, and privacy. \nNo exceptions noted. \nMonitoring Activities \nC'
2025-07-01 15:20:03,469 INFO CHUNK 8 LENGTH: 2935. PREVIEW: 'packages used in the \nCompany’s infrastructure. System patching is performed \non a periodic basis by the infrastructure team for proper \nvulnerability mitigation. \nFor a selection of months during the period, inspected the \nProbely vulnerability scanning reports to verify whether \nSimpleLegal had im'
2025-07-01 15:20:03,469 INFO CHUNK 9 LENGTH: 2935. PREVIEW: 'arate evaluations. Deficiencies are communicated to \nrelevant parties for corrective action, and management \ntracks whether the deficiencies are remediated in a \ntimely manner. \nFor all high severity findings from the penetration test, \ninspected the letter of attestation to verify whether \nSimpleLe'
2025-07-01 15:20:03,469 INFO CHUNK 10 LENGTH: 2935. PREVIEW: 'and \ndetective controls, including segregation of duties. \nNo exceptions noted. \nCC5.2 COSO Principle 11: The entity also selects and develops general control activities over technology to support the achievement of objectives. \nCC5.2.1 \nSimpleLegal maintains a suite of Information Technology \nGener'
2025-07-01 15:20:03,469 INFO CHUNK 11 LENGTH: 2935. PREVIEW: " from security \nevents to meet the entity’s objectives. \nCC6.1.1 \nSimpleLegal maintains an updated inventory of \ninformation assets within the organization. \nInspected SimpleLegal's information asset inventory to \nverify whether a comprehensive inventory of information \nassets was documented. \nNo ex"
2025-07-01 15:20:03,469 INFO CHUNK 12 LENGTH: 2935. PREVIEW: " production data was encrypted at rest using AES-\n256. \nNo exceptions noted. \nCC6.1.7 \nSimpleLegal maintains active SHA-256 encryption \ncertificates for its web application to ensure secure \nconnections for its users.  \nInspected SimpleLegal's web application login page to verify \nwhether an active "
2025-07-01 15:20:03,469 INFO CHUNK 13 LENGTH: 2935. PREVIEW: "oles. \nFor a selection of role changes during the period, inspected \nIT tickets to verify whether access rights to SimpleLegal's \nsystems and applications were approved by a system \nadministrator and were appropriate. \nNo exceptions noted. \nCC6.2.2 \nSystem access is removed within 48 hours upon \nemp"
2025-07-01 15:20:03,469 INFO CHUNK 14 LENGTH: 2935. PREVIEW: 'ate. \nNo exceptions noted. \n=== PAGE 35 ===\n\n35 \nControl # \nControl Activity Specified by SimpleLegal \nBoulay’s Test of Controls \nTest Results \nCC6.3.2 \nSystem access is removed within 48 hours upon \nemployee or contractor termination.  \nFor a selection of terminated personnel during the period, \nin'
2025-07-01 15:20:03,469 INFO CHUNK 15 LENGTH: 2935. PREVIEW: 'y. \nNo exceptions noted. \nCC6.4.3 \nOnit utilizes video surveillance cameras that provide 24/7 \nvideo streaming, recoding, and motion detection. \nInspected images of the Onit office in Houston to verify \nwhether Onit utilized cameras to provide 24/7 surveillance of \nthe office. \nNo exceptions noted. '
2025-07-01 15:20:03,469 INFO CHUNK 16 LENGTH: 2935. PREVIEW: 'on to verify \nwhether workstations and removable media were stored in a \nsecure location prior to reuse or disposal.  \nPer inspection of the asset inventory and inquiry of \nmanagement, noted that there were no disposals of \nobsolete workstations or removable media during the \nperiod. Therefore, furt'
2025-07-01 15:20:03,469 INFO CHUNK 17 LENGTH: 2935. PREVIEW: 'owned workstations to \nenforce built-in security controls. \nInspected the Jamf Pro dashboard to verify whether a \ncentralized mobile device management solution had been \ndeployed to Company-owned workstations to enforce built-\nin security controls. \nNo exceptions noted. \n=== PAGE 37 ===\n\n37 \nControl'
2025-07-01 15:20:03,469 INFO CHUNK 18 LENGTH: 2935. PREVIEW: '1) changes to configurations that result in the introduction of new \nvulnerabilities and (2) susceptibilities to newly discovered vulnerabilities.  \nCC7.1.1 \nSimpleLegal maintains baseline configurations for its \ninformation systems and system components to reflect \nthe current enterprise architectu'
2025-07-01 15:20:03,469 INFO CHUNK 19 LENGTH: 2935. PREVIEW: "o \nachieve its security objectives. \nInspected the Elastic dashboard to verify whether a log \nmanagement tool was utilized to identify trends that may \nhave a potential impact on the Company's ability to achieve \nits security objectives. \nNo exceptions noted. \nCC7.2: The entity monitors system compo"
2025-07-01 15:20:03,469 INFO CHUNK 20 LENGTH: 2935. PREVIEW: 'ed in a failure of the entity to meet its objectives (security incidents) and, if \nso, takes actions to prevent or address such failures. \nCC7.3.1 \nIncidents related to security are logged, tracked, and \ncommunicated to affected parties. Incidents are resolved \nin a timely manner in accordance with '
2025-07-01 15:20:03,469 INFO CHUNK 21 LENGTH: 2935. PREVIEW: 't strategy, \nremediating identified vulnerabilities, and communicating \nremediation activities. \nFor all incidents that occurred during the period, inspected \nthe incident tickets to verify whether SimpleLegal followed \nthe incident response program. \nNo exceptions noted. \nCC7.5: The entity identifi'
2025-07-01 15:20:03,469 INFO CHUNK 22 LENGTH: 2935. PREVIEW: 'ssible, to prevent and detect \nrecurrences of similar incidents. This includes conducting \nadditional training to educate personnel on how to \nprevent future incidents. \nInspected the Incident Reporting and Response Policy to \nverify whether it outlined processes for performing an \nincident postmort'
2025-07-01 15:20:03,469 INFO CHUNK 23 LENGTH: 2935. PREVIEW: 'elease labeling, and other \nchange management tasks. \nFor all new hires during the period, inspected onboarding \ntickets to verify whether access rights to SimpleLegal’s \nsystems and applications were approved by a system \nadministrator and were appropriate based on each of the \nnew hires’ roles. \nN'
2025-07-01 15:20:03,469 INFO CHUNK 24 LENGTH: 2935. PREVIEW: ' updated business continuity and \ndisaster recovery plans that guide the organization in \nhow to respond to and recover from disruptions in \nnetworks, systems, and internal operations. The plans \nare tested on an annual basis.  \nInspected the Business Continuity and Disaster Recovery \nPlans to verif'
2025-07-01 15:20:03,469 INFO CHUNK 25 LENGTH: 2935. PREVIEW: 'sponses to information security questionnaires \nprior to onboarding. \nFor all existing high-risk vendors, inspected the completed \nsecurity review documentation and collected reports to \nverify whether SimpleLegal had reviewed SOC 2 reports, \nSOC 3 reports, ISO 27001 certifications, and/or responses'
2025-07-01 15:20:03,469 INFO CHUNK 26 LENGTH: 2935. PREVIEW: 'y zones. \nInspected the AWS dashboard to verify whether multiple \navailability zones were established to distribute application \ntraffic. \nNo exceptions noted. \nA1.2: The entity authorizes, designs, develops or acquires, implements, operates, approves, maintains, and monitors environmental protectio'
2025-07-01 15:20:03,469 INFO CHUNK 27 LENGTH: 2935. PREVIEW: 'hether a test of the Business Continuity and Disaster \nRecovery plans had been conducted during the period. \nNo exceptions noted. \nA1.3.2 \nSimpleLegal tests the integrity and completeness of \nbackups on at least an annual basis. \nInspected the continuity plan checklist to verify whether \nSimpleLegal'
2025-07-01 15:20:03,469 INFO CHUNK 28 LENGTH: 2935. PREVIEW: "ed the SimpleLegal Terms of Service to verify \nwhether it demonstrated the Company's security and \nconfidentiality commitments. \nNo exceptions noted. \nC1.2: The entity disposes of confidential information to meet the entity’s objectives related to confidentiality. \nC1.2.1 \nSimpleLegal has policies a"
2025-07-01 15:20:03,469 INFO CHUNK 29 LENGTH: 2935. PREVIEW: 'ther authorized persons, if required. Such consent is obtained only for the intended purpose of the information to meet the entity’s objectives related to \nprivacy. The entity’s basis for determining implicit consent for the collection, use, retention, disclosure, and disposal of personal informatio'
2025-07-01 15:20:03,469 INFO CHUNK 30 LENGTH: 2935. PREVIEW: 'hey collect information \nfairly and lawfully. \nNo exceptions noted. \nP3.1.4 \nData subjects are informed if SimpleLegal develops or \nacquires additional information about them for its use.  \nInspected the Privacy Policy to verify whether it provided \nan objective description of the personal informati'
2025-07-01 15:20:03,469 INFO CHUNK 31 LENGTH: 2935. PREVIEW: 'e Legal Services Request dashboard, \nnoted there were no data subject requests during the \nperiod. Therefore, further testing was not applicable. \nNo exceptions noted. \nP4.2.2 \nSimpleLegal maintains policies and procedures to \nprotect personal information from erasure during the \nspecified retention'
2025-07-01 15:20:03,469 INFO CHUNK 32 LENGTH: 2935. PREVIEW: ' Therefore, further testing was not applicable. \nNo exceptions noted. \nP4.3.3 \nSimpleLegal maintains policies and procedures to erase \nor otherwise destroy personal information that has been \nidentified for destruction.  \nInspected the Records Retention and Information \nDisposal policies to verify w'
2025-07-01 15:20:03,469 INFO CHUNK 33 LENGTH: 2935. PREVIEW: ' no data subject requests during the \nperiod. Therefore, further testing was not applicable. \nNo exceptions noted. \nP5.1.3 \nSimpleLegal authenticates the identify of data subjects \nwho request access to their personal information before \ngiving them access to that information. \nInspected procedure d'
2025-07-01 15:20:03,469 INFO CHUNK 34 LENGTH: 2935. PREVIEW: 'uests to verify whether it included \nrequirements to provide personal information to data \nsubjects in an understandable form, in a reasonable \ntimeframe, and at a reasonable cost, if necessary.  \nPer inspection of the Legal Services Request dashboard, \nnoted there were no data subject requests duri'
2025-07-01 15:20:03,469 INFO CHUNK 35 LENGTH: 2935. PREVIEW: 'reates and retains a complete, accurate, and timely record of authorized disclosures of personal information to meet the entity’s objectives related \nto privacy. \nP6.2.1 \nSimpleLegal creates and maintains a record of \nauthorized disclosures of personal information that is \ncomplete, accurate, and ti'
2025-07-01 15:20:03,469 INFO CHUNK 36 LENGTH: 2935. PREVIEW: 'nspected signed \nagreements to verify whether SimpleLegal obtained \ncommitments from third parties to report unauthorized \ndisclosures of personal information. \nNo exceptions noted. \nP6.4.2 \nSimpleLegal takes remedial action in response to \nmisuse of personal information by a third party to whom \nSi'
2025-07-01 15:20:03,469 INFO CHUNK 37 LENGTH: 2935. PREVIEW: 'ments to verify whether they included commitments \nto inform SimpleLegal of actual or suspected \nunauthorized disclosures. \nNo exceptions noted. \nP6.5.2 \nSimpleLegal takes remedial action in response to \nmisuse of personal information by a third party to whom \nSimpleLegal has transferred such inform'
2025-07-01 15:20:03,469 INFO CHUNK 38 LENGTH: 2935. PREVIEW: ' The entity provides data subjects with an accounting of the personal information held and disclosure of the data subjects’ personal information, upon the data \nsubjects’ request, to meet the entity’s objectives related to privacy. \nP6.7.1 \nSimpleLegal identifies the types of personal information \na'
2025-07-01 15:20:03,469 INFO CHUNK 39 LENGTH: 2601. PREVIEW: 'd the SimpleLegal Privacy Policy to verify \nwhether it defined limitations on the use and retention of \npersonal information. \nInspected the organizational chart and inquired of the \nGeneral Counsel to verify whether a legal and \ncompliance team is in place to evaluate the methods by \nwhich personal'
2025-07-01 15:20:03,469 INFO STARTING MULTI-THREADED EXTRACTION: 40 chunks
2025-07-01 15:20:03,470 INFO PROCESSING CHUNK 0:
CHUNK TEXT (first 500 chars):

25 
SECTION IV 
TESTING MATRICES 

=== PAGE 26 ===

26 

Control # 
Control Activity Specified by SimpleLegal 
Boulay’s Test of Controls 
Test Results 
Control Environment 
CC1.1 COSO Principle 1: The entity demonstrates a commitment to integrity and ethical values. 
CC1.1.1 
SimpleLegal has established a Code of Conduct policy 
that is acknowledged by all new employees and full-time 
contractors upon hire. This policy outlines expectations 
the Company has set related to ethics and standards o
2025-07-01 15:20:03,470 INFO CHUNK 0 PROMPT:
You are an expert at reading SOC reports. Given the following text, extract all controls tested. Controls may be listed under section headings (such as COSO or TSC sections), and control IDs may appear in many formats: e.g., 'CC9.1', 'CC 9.1', 'CC.9.1', '9.1', or as a section like 'CC9.0' with controls listed as 1, 2, 3, etc. Do your best to distinguish between section IDs and control IDs, and capture the most specific control ID for each control. For each control, extract the following fields as accurately as possible: 
- control_id: (string, the control's unique identifier as shown in the report, or null if not found)
- control_desc: (string, the description of the control—what the company is supposed to comply with)
- control_test: (string, what the auditor tested to determine design and operating effectiveness)
- control_test_results: (string, the results of the test, e.g., 'No exceptions noted', 'No deviations noted', or a description of any exceptions or findings)
- control_page_ref: (int, page number if available, else null)
- control_line_ref: (int, line number in the text where the control was found)
If you cannot find a value, use null. Output a JSON array, one object per control. Do not include any explanation, markdown, or extra text.
Text:

25 
SECTION IV 
TESTING MATRICES 

=== PAGE 26 ===

26 

Control # 
Control Activity Specified by SimpleLegal 
Boulay’s Test of Controls 
Test Results 
Control Environment 
CC1.1 COSO Principle 1: The entity demonstrates a commitment to integrity and ethical values. 
CC1.1.1 
SimpleLegal has established a Code of Conduct policy 
that is acknowledged by all new employees and full-time 
contractors upon hire. This policy outlines expectations 
the Company has set related to ethics and standards of 
conduct. Additionally, this policy outlines processes that 
management has established to evaluate adherence to 
standards of conduct and address deviations in a timely 
manner. 
Inspected the Employee Handbook to verify whether it 
outlined expectations around ethical conduct for employees 
and contractors, as well as disciplinary actions if the policy 
is violated.  
For all new hires during the period, inspected the signed 
handbook to verify whether each individual had 
acknowledged and accepted the Code of Conduct policy. 
No exceptions noted. 
CC1.2 COSO Principle 2: The board of directors demonstrates independence from management and exercises oversight of the development and performance of 
internal control. 
CC1.2.1 
SimpleLegal is a subsidiary of Onit, whose leaders have 
relevant skills and industry expertise that enable them to 
provide independent oversight over management. 
Inspected Onit’s website to verify whether Onit’s executive 
leadership team consists of individuals with relevant skills 
and industry expertise that enables them to provide 
independent oversight over management. 
No exceptions noted. 
CC1.2.2 
SimpleLegal meets with the Onit Board of Directors on at 
least a quarterly basis to discuss Company performance, 
strategic objectives, and information security matters. 
For a selection of quarters during the period, inspected the 
Board of Directors meeting invitation and notes to verify 
whether the Board of Directors met on a quarterly basis to 
discuss Company performance, strategic objectives, and 
information security matters. 
No exceptions noted. 
CC1.3 COSO Principle 3: Management establishes, with board oversight, structures, reporting lines, and appropriate authorities and responsibilities in the pursuit of 
objectives. 
CC1.3.1 
SimpleLegal maintains an updated organizational chart 
that establishes structure, reporting lines, and delegation 
of authority and responsibility across the Company. 
Inspected the organizational chart to verify whether it 
established the structure, reporting lines, and delegation of 
authority and responsibility across the Company. 
No exceptions noted. 
CC1.3.2 
SimpleLegal’s executive leadership meets on a monthly 
basis to discuss operations, issues relating to internal 
controls, and delivery on key performance metrics. 
For a selection of months, inspected executive leadership 
meeting invitations and agendas to veri

2025-07-01 15:20:03,471 INFO PROCESSING CHUNK 1:
CHUNK TEXT (first 500 chars):
 verify 
whether the Board of Directors met on a quarterly basis to 
discuss Company performance, strategic objectives, and 
information security matters. 
No exceptions noted. 
CC1.3 COSO Principle 3: Management establishes, with board oversight, structures, reporting lines, and appropriate authorities and responsibilities in the pursuit of 
objectives. 
CC1.3.1 
SimpleLegal maintains an updated organizational chart 
that establishes structure, reporting lines, and delegation 
of authority and 
2025-07-01 15:20:03,471 INFO CHUNK 1 PROMPT:
You are an expert at reading SOC reports. Given the following text, extract all controls tested. Controls may be listed under section headings (such as COSO or TSC sections), and control IDs may appear in many formats: e.g., 'CC9.1', 'CC 9.1', 'CC.9.1', '9.1', or as a section like 'CC9.0' with controls listed as 1, 2, 3, etc. Do your best to distinguish between section IDs and control IDs, and capture the most specific control ID for each control. For each control, extract the following fields as accurately as possible: 
- control_id: (string, the control's unique identifier as shown in the report, or null if not found)
- control_desc: (string, the description of the control—what the company is supposed to comply with)
- control_test: (string, what the auditor tested to determine design and operating effectiveness)
- control_test_results: (string, the results of the test, e.g., 'No exceptions noted', 'No deviations noted', or a description of any exceptions or findings)
- control_page_ref: (int, page number if available, else null)
- control_line_ref: (int, line number in the text where the control was found)
If you cannot find a value, use null. Output a JSON array, one object per control. Do not include any explanation, markdown, or extra text.
Text:
 verify 
whether the Board of Directors met on a quarterly basis to 
discuss Company performance, strategic objectives, and 
information security matters. 
No exceptions noted. 
CC1.3 COSO Principle 3: Management establishes, with board oversight, structures, reporting lines, and appropriate authorities and responsibilities in the pursuit of 
objectives. 
CC1.3.1 
SimpleLegal maintains an updated organizational chart 
that establishes structure, reporting lines, and delegation 
of authority and responsibility across the Company. 
Inspected the organizational chart to verify whether it 
established the structure, reporting lines, and delegation of 
authority and responsibility across the Company. 
No exceptions noted. 
CC1.3.2 
SimpleLegal’s executive leadership meets on a monthly 
basis to discuss operations, issues relating to internal 
controls, and delivery on key performance metrics. 
For a selection of months, inspected executive leadership 
meeting invitations and agendas to verify whether they 
included discussions regarding operations, issues relating to 
internal controls, and delivery on key performance metrics. 
No exceptions noted. 
SECURITY 
=== PAGE 27 ===

27 
Control # 
Control Activity Specified by SimpleLegal 
Boulay’s Test of Controls 
Test Results 
CC1.3.3 
SimpleLegal has an assigned security team that is 
responsible for the design, implementation, and 
oversight of the Company’s security policies and 
procedures. The security team communicates important 
information security events to management and the 
Board of Directors in a timely manner. 
Inspected the Incident Reporting and Response Policy to 
verify whether a security team had been formally 
designated, along with clearly defined roles and 
responsibilities. 
For a selection of quarters during the period, inspected the 
Board of Directors meeting invitation and notes to verify 
whether a member of the security team was present to 
communicate important information security events to 
management and the Board of Directors. 
No exceptions noted. 
CC1.4 COSO Principle 4: The entity demonstrates a commitment to attract, develop, and retain competent individuals in alignment with objectives. 
CC1.4.1 
All positions have a detailed job description that lists 
qualifications, such as required skills and experience, 
which candidates must meet in order to be hired by 
SimpleLegal.  
Inspected the Onit careers website to verify whether open 
positions had job descriptions that listed the qualifications 
Onit was seeking for the role. 
No exceptions noted. 
CC1.4.2 
SimpleLegal performs background checks on new 
employees prior to hire, as permitted by local laws. The 
results are reviewed by Human Resources and 
appropriate action is taken if deemed necessary. 
For all new hires during the period, inspected the completed 
background check report to verify whether each individual 
had a comprehensive background c

2025-07-01 15:20:03,471 INFO PROCESSING CHUNK 2:
CHUNK TEXT (first 500 chars):
sent to 
communicate important information security events to 
management and the Board of Directors. 
No exceptions noted. 
CC1.4 COSO Principle 4: The entity demonstrates a commitment to attract, develop, and retain competent individuals in alignment with objectives. 
CC1.4.1 
All positions have a detailed job description that lists 
qualifications, such as required skills and experience, 
which candidates must meet in order to be hired by 
SimpleLegal.  
Inspected the Onit careers website to 
2025-07-01 15:20:03,471 INFO CHUNK 2 PROMPT:
You are an expert at reading SOC reports. Given the following text, extract all controls tested. Controls may be listed under section headings (such as COSO or TSC sections), and control IDs may appear in many formats: e.g., 'CC9.1', 'CC 9.1', 'CC.9.1', '9.1', or as a section like 'CC9.0' with controls listed as 1, 2, 3, etc. Do your best to distinguish between section IDs and control IDs, and capture the most specific control ID for each control. For each control, extract the following fields as accurately as possible: 
- control_id: (string, the control's unique identifier as shown in the report, or null if not found)
- control_desc: (string, the description of the control—what the company is supposed to comply with)
- control_test: (string, what the auditor tested to determine design and operating effectiveness)
- control_test_results: (string, the results of the test, e.g., 'No exceptions noted', 'No deviations noted', or a description of any exceptions or findings)
- control_page_ref: (int, page number if available, else null)
- control_line_ref: (int, line number in the text where the control was found)
If you cannot find a value, use null. Output a JSON array, one object per control. Do not include any explanation, markdown, or extra text.
Text:
sent to 
communicate important information security events to 
management and the Board of Directors. 
No exceptions noted. 
CC1.4 COSO Principle 4: The entity demonstrates a commitment to attract, develop, and retain competent individuals in alignment with objectives. 
CC1.4.1 
All positions have a detailed job description that lists 
qualifications, such as required skills and experience, 
which candidates must meet in order to be hired by 
SimpleLegal.  
Inspected the Onit careers website to verify whether open 
positions had job descriptions that listed the qualifications 
Onit was seeking for the role. 
No exceptions noted. 
CC1.4.2 
SimpleLegal performs background checks on new 
employees prior to hire, as permitted by local laws. The 
results are reviewed by Human Resources and 
appropriate action is taken if deemed necessary. 
For all new hires during the period, inspected the completed 
background check report to verify whether each individual 
had a comprehensive background check performed prior to 
their starting date, as permitted by local laws. 
No exceptions noted. 
CC1.4.3 
Executive management holds monthly meetings that 
include analyzing the competency of its staff against the 
required business objectives and forecasted growth to 
determine whether additional resources are necessary. 
For a selection of months, inspected executive leadership 
meeting invitations and agendas to verify whether they 
included discussions regarding human resources. 
No exceptions noted. 
CC1.5 COSO Principle 5: The entity holds individuals accountable for their internal control responsibilities in the pursuit of objectives. 
CC1.5.1 
SimpleLegal maintains formalized performance 
expectations for each position and uses these 
expectations as a basis for evaluating the performance 
of each of its employees. These performance 
evaluations, which incorporate internal control 
responsibilities, are completed on an annual basis. 
For a selection of active personnel during the period, 
inspected completed performance evaluations to verify 
whether each individual received a formalized performance 
evaluation during the period which incorporated internal 
control responsibilities. 
No exceptions noted. 
=== PAGE 28 ===

28 
Control # 
Control Activity Specified by SimpleLegal 
Boulay’s Test of Controls 
Test Results 
Communication and Information 
CC2.1 COSO Principle 13: The entity obtains or generates and uses relevant, quality information to support the functioning of internal control. 
CC2.1.1 
SimpleLegal’s mission-critical systems and sensitive 
information are identified as part of their asset inventory, 
which includes capturing internal and external sources of 
data.  
Inspected the AWS dashboard and Jamf inventory report to 
verify whether SimpleLegal had identified its mission-critical 
systems and sources of sensitive information. 
No exceptions noted. 
CC2.1.2 
SimpleLegal mainta

2025-07-01 15:20:03,471 INFO PROCESSING CHUNK 3:
CHUNK TEXT (first 500 chars):
on an annual basis. 
For a selection of active personnel during the period, 
inspected completed performance evaluations to verify 
whether each individual received a formalized performance 
evaluation during the period which incorporated internal 
control responsibilities. 
No exceptions noted. 
=== PAGE 28 ===

28 
Control # 
Control Activity Specified by SimpleLegal 
Boulay’s Test of Controls 
Test Results 
Communication and Information 
CC2.1 COSO Principle 13: The entity obtains or generate
2025-07-01 15:20:03,471 INFO CHUNK 3 PROMPT:
You are an expert at reading SOC reports. Given the following text, extract all controls tested. Controls may be listed under section headings (such as COSO or TSC sections), and control IDs may appear in many formats: e.g., 'CC9.1', 'CC 9.1', 'CC.9.1', '9.1', or as a section like 'CC9.0' with controls listed as 1, 2, 3, etc. Do your best to distinguish between section IDs and control IDs, and capture the most specific control ID for each control. For each control, extract the following fields as accurately as possible: 
- control_id: (string, the control's unique identifier as shown in the report, or null if not found)
- control_desc: (string, the description of the control—what the company is supposed to comply with)
- control_test: (string, what the auditor tested to determine design and operating effectiveness)
- control_test_results: (string, the results of the test, e.g., 'No exceptions noted', 'No deviations noted', or a description of any exceptions or findings)
- control_page_ref: (int, page number if available, else null)
- control_line_ref: (int, line number in the text where the control was found)
If you cannot find a value, use null. Output a JSON array, one object per control. Do not include any explanation, markdown, or extra text.
Text:
on an annual basis. 
For a selection of active personnel during the period, 
inspected completed performance evaluations to verify 
whether each individual received a formalized performance 
evaluation during the period which incorporated internal 
control responsibilities. 
No exceptions noted. 
=== PAGE 28 ===

28 
Control # 
Control Activity Specified by SimpleLegal 
Boulay’s Test of Controls 
Test Results 
Communication and Information 
CC2.1 COSO Principle 13: The entity obtains or generates and uses relevant, quality information to support the functioning of internal control. 
CC2.1.1 
SimpleLegal’s mission-critical systems and sensitive 
information are identified as part of their asset inventory, 
which includes capturing internal and external sources of 
data.  
Inspected the AWS dashboard and Jamf inventory report to 
verify whether SimpleLegal had identified its mission-critical 
systems and sources of sensitive information. 
No exceptions noted. 
CC2.1.2 
SimpleLegal maintains an updated cloud architecture 
diagram outlining how data is processed and secured 
within AWS. 
Inspected SimpleLegal's cloud architecture diagrams to 
verify whether they provided a comprehensive illustration of 
the AWS architecture and how data is processed and 
secured. 
No exceptions noted. 
CC2.2 COSO Principle 14: The entity internally communicates information, including objectives and responsibilities for internal control, necessary to support the 
functioning of internal control. 
CC2.2.1 
SimpleLegal maintains updated policies and procedures 
that enable all personnel to understand and carry out 
their internal control responsibilities, including ensuring 
confidentiality, integrity, and availability of all systems 
and data. These policies and procedures are accessible 
to all personnel and are acknowledged upon hire. 
Inspected the collection of organizational policies and 
procedures to verify whether they outlined roles and 
responsibilities around internal control performance.  
Inspected the internal shared folder to verify whether up-to-
date policies and procedures were available to all 
SimpleLegal personnel. 
For all new hires during the period, inspected the signed 
handbook to verify whether each individual had 
acknowledged and accepted the organizational policies and 
procedures. 
No exceptions noted. 
CC2.2.2 
SimpleLegal employees are required to complete 
information security awareness training upon hire and on 
at least an annual basis thereafter. 
For all new hires during the period, inspected security 
training completion certificates to verify whether training was 
completed upon hire. 
For a selection of active personnel during the period, 
inspected security training completion certificates to verify 
whether training was completed annually. 
No exceptions noted. 
CC2.2.3 
SimpleLegal provides a process for employees and 
contractors to report security failures, in

2025-07-01 15:20:03,472 INFO PROCESSING CHUNK 4:
CHUNK TEXT (first 500 chars):
ey outlined roles and 
responsibilities around internal control performance.  
Inspected the internal shared folder to verify whether up-to-
date policies and procedures were available to all 
SimpleLegal personnel. 
For all new hires during the period, inspected the signed 
handbook to verify whether each individual had 
acknowledged and accepted the organizational policies and 
procedures. 
No exceptions noted. 
CC2.2.2 
SimpleLegal employees are required to complete 
information security awar
2025-07-01 15:20:03,472 INFO CHUNK 4 PROMPT:
You are an expert at reading SOC reports. Given the following text, extract all controls tested. Controls may be listed under section headings (such as COSO or TSC sections), and control IDs may appear in many formats: e.g., 'CC9.1', 'CC 9.1', 'CC.9.1', '9.1', or as a section like 'CC9.0' with controls listed as 1, 2, 3, etc. Do your best to distinguish between section IDs and control IDs, and capture the most specific control ID for each control. For each control, extract the following fields as accurately as possible: 
- control_id: (string, the control's unique identifier as shown in the report, or null if not found)
- control_desc: (string, the description of the control—what the company is supposed to comply with)
- control_test: (string, what the auditor tested to determine design and operating effectiveness)
- control_test_results: (string, the results of the test, e.g., 'No exceptions noted', 'No deviations noted', or a description of any exceptions or findings)
- control_page_ref: (int, page number if available, else null)
- control_line_ref: (int, line number in the text where the control was found)
If you cannot find a value, use null. Output a JSON array, one object per control. Do not include any explanation, markdown, or extra text.
Text:
ey outlined roles and 
responsibilities around internal control performance.  
Inspected the internal shared folder to verify whether up-to-
date policies and procedures were available to all 
SimpleLegal personnel. 
For all new hires during the period, inspected the signed 
handbook to verify whether each individual had 
acknowledged and accepted the organizational policies and 
procedures. 
No exceptions noted. 
CC2.2.2 
SimpleLegal employees are required to complete 
information security awareness training upon hire and on 
at least an annual basis thereafter. 
For all new hires during the period, inspected security 
training completion certificates to verify whether training was 
completed upon hire. 
For a selection of active personnel during the period, 
inspected security training completion certificates to verify 
whether training was completed annually. 
No exceptions noted. 
CC2.2.3 
SimpleLegal provides a process for employees and 
contractors to report security failures, incidents and 
concerns, and other complaints to management.  
Inspected the Incident Reporting and Response Policy to 
verify whether it provided a process for employees and 
contractors to report security failures, incidents and 
concerns, and other complaints to management. 
No exceptions noted. 
=== PAGE 29 ===

29 
Control # 
Control Activity Specified by SimpleLegal 
Boulay’s Test of Controls 
Test Results 
CC2.3 COSO Principle 15: The entity communicates with external parties regarding matters affecting the functioning of internal control. 
CC2.3.1 
SimpleLegal enables inbound communications from 
customers and other stakeholders by maintaining contact 
information on their website for general inquiries, 
customer support, partnerships, and public relations. 
Inspected the SimpleLegal website to verify whether contact 
information was available for general inquiries, customer 
support, partnerships, and public relations. 
Inspected a test submission to the SimpleLegal support 
channel to verify whether it was actively monitored and 
managed by the support team. 
No exceptions noted. 
CC2.3.2 
Objective descriptions of SimpleLegal’s system and its 
boundaries are available to authorized external users 
and customers.  
Inspected the Company website to verify whether objective 
descriptions of SimpleLegal’s system and its boundaries 
were available to authorized external users and customers. 
No exceptions noted. 
CC2.3.3 
SimpleLegal maintains an updated Terms of Service and 
Service Level Agreement on its website that 
communicates the Company's commitment to security, 
availability, and confidentiality to external users. 
Inspected the SimpleLegal Terms of Service and Service 
Level Agreement to verify whether it demonstrated the 
Company's security, availability, and confidentiality 
commitments. 
No exceptions noted. 
Risk Assessment 
CC3.1 COSO Principle 6: The entity specifies objectives with

2025-07-01 15:20:04,533 DEBUG Request options: {'method': 'post', 'url': '/chat/completions', 'files': None, 'idempotency_key': 'stainless-python-retry-0b6faa2e-09ea-4628-81d3-3a8a772b9cab', 'json_data': {'messages': [{'role': 'user', 'content': "You are an expert at reading SOC reports. Given the following text, extract all controls tested. Controls may be listed under section headings (such as COSO or TSC sections), and control IDs may appear in many formats: e.g., 'CC9.1', 'CC 9.1', 'CC.9.1', '9.1', or as a section like 'CC9.0' with controls listed as 1, 2, 3, etc. Do your best to distinguish between section IDs and control IDs, and capture the most specific control ID for each control. For each control, extract the following fields as accurately as possible: \n- control_id: (string, the control's unique identifier as shown in the report, or null if not found)\n- control_desc: (string, the description of the control—what the company is supposed to comply with)\n- control_test: (string, what the auditor tested to determine design and operating effectiveness)\n- control_test_results: (string, the results of the test, e.g., 'No exceptions noted', 'No deviations noted', or a description of any exceptions or findings)\n- control_page_ref: (int, page number if available, else null)\n- control_line_ref: (int, line number in the text where the control was found)\nIf you cannot find a value, use null. Output a JSON array, one object per control. Do not include any explanation, markdown, or extra text.\nText:\n verify \nwhether the Board of Directors met on a quarterly basis to \ndiscuss Company performance, strategic objectives, and \ninformation security matters. \nNo exceptions noted. \nCC1.3 COSO Principle 3: Management establishes, with board oversight, structures, reporting lines, and appropriate authorities and responsibilities in the pursuit of \nobjectives. \nCC1.3.1 \nSimpleLegal maintains an updated organizational chart \nthat establishes structure, reporting lines, and delegation \nof authority and responsibility across the Company. \nInspected the organizational chart to verify whether it \nestablished the structure, reporting lines, and delegation of \nauthority and responsibility across the Company. \nNo exceptions noted. \nCC1.3.2 \nSimpleLegal’s executive leadership meets on a monthly \nbasis to discuss operations, issues relating to internal \ncontrols, and delivery on key performance metrics. \nFor a selection of months, inspected executive leadership \nmeeting invitations and agendas to verify whether they \nincluded discussions regarding operations, issues relating to \ninternal controls, and delivery on key performance metrics. \nNo exceptions noted. \nSECURITY \n=== PAGE 27 ===\n\n27 \nControl # \nControl Activity Specified by SimpleLegal \nBoulay’s Test of Controls \nTest Results \nCC1.3.3 \nSimpleLegal has an assigned security team that is \nresponsible for the design, implementation, and \noversight of the Company’s security policies and \nprocedures. The security team communicates important \ninformation security events to management and the \nBoard of Directors in a timely manner. \nInspected the Incident Reporting and Response Policy to \nverify whether a security team had been formally \ndesignated, along with clearly defined roles and \nresponsibilities. \nFor a selection of quarters during the period, inspected the \nBoard of Directors meeting invitation and notes to verify \nwhether a member of the security team was present to \ncommunicate important information security events to \nmanagement and the Board of Directors. \nNo exceptions noted. \nCC1.4 COSO Principle 4: The entity demonstrates a commitment to attract, develop, and retain competent individuals in alignment with objectives. \nCC1.4.1 \nAll positions have a detailed job description that lists \nqualifications, such as required skills and experience, \nwhich candidates must meet in order to be hired by \nSimpleLegal.  \nInspected the Onit careers website to verify whether open \npositions had job descriptions that listed the qualifications \nOnit was seeking for the role. \nNo exceptions noted. \nCC1.4.2 \nSimpleLegal performs background checks on new \nemployees prior to hire, as permitted by local laws. The \nresults are reviewed by Human Resources and \nappropriate action is taken if deemed necessary. \nFor all new hires during the period, inspected the completed \nbackground check report to verify whether each individual \nhad a comprehensive background c\n"}], 'model': 'gpt-3.5-turbo', 'temperature': 0.0, 'top_p': 0.0}}
2025-07-01 15:20:04,534 DEBUG Request options: {'method': 'post', 'url': '/chat/completions', 'files': None, 'idempotency_key': 'stainless-python-retry-1798ff2f-bda2-4f6c-afcd-f2cf4b83675d', 'json_data': {'messages': [{'role': 'user', 'content': "You are an expert at reading SOC reports. Given the following text, extract all controls tested. Controls may be listed under section headings (such as COSO or TSC sections), and control IDs may appear in many formats: e.g., 'CC9.1', 'CC 9.1', 'CC.9.1', '9.1', or as a section like 'CC9.0' with controls listed as 1, 2, 3, etc. Do your best to distinguish between section IDs and control IDs, and capture the most specific control ID for each control. For each control, extract the following fields as accurately as possible: \n- control_id: (string, the control's unique identifier as shown in the report, or null if not found)\n- control_desc: (string, the description of the control—what the company is supposed to comply with)\n- control_test: (string, what the auditor tested to determine design and operating effectiveness)\n- control_test_results: (string, the results of the test, e.g., 'No exceptions noted', 'No deviations noted', or a description of any exceptions or findings)\n- control_page_ref: (int, page number if available, else null)\n- control_line_ref: (int, line number in the text where the control was found)\nIf you cannot find a value, use null. Output a JSON array, one object per control. Do not include any explanation, markdown, or extra text.\nText:\ney outlined roles and \nresponsibilities around internal control performance.  \nInspected the internal shared folder to verify whether up-to-\ndate policies and procedures were available to all \nSimpleLegal personnel. \nFor all new hires during the period, inspected the signed \nhandbook to verify whether each individual had \nacknowledged and accepted the organizational policies and \nprocedures. \nNo exceptions noted. \nCC2.2.2 \nSimpleLegal employees are required to complete \ninformation security awareness training upon hire and on \nat least an annual basis thereafter. \nFor all new hires during the period, inspected security \ntraining completion certificates to verify whether training was \ncompleted upon hire. \nFor a selection of active personnel during the period, \ninspected security training completion certificates to verify \nwhether training was completed annually. \nNo exceptions noted. \nCC2.2.3 \nSimpleLegal provides a process for employees and \ncontractors to report security failures, incidents and \nconcerns, and other complaints to management.  \nInspected the Incident Reporting and Response Policy to \nverify whether it provided a process for employees and \ncontractors to report security failures, incidents and \nconcerns, and other complaints to management. \nNo exceptions noted. \n=== PAGE 29 ===\n\n29 \nControl # \nControl Activity Specified by SimpleLegal \nBoulay’s Test of Controls \nTest Results \nCC2.3 COSO Principle 15: The entity communicates with external parties regarding matters affecting the functioning of internal control. \nCC2.3.1 \nSimpleLegal enables inbound communications from \ncustomers and other stakeholders by maintaining contact \ninformation on their website for general inquiries, \ncustomer support, partnerships, and public relations. \nInspected the SimpleLegal website to verify whether contact \ninformation was available for general inquiries, customer \nsupport, partnerships, and public relations. \nInspected a test submission to the SimpleLegal support \nchannel to verify whether it was actively monitored and \nmanaged by the support team. \nNo exceptions noted. \nCC2.3.2 \nObjective descriptions of SimpleLegal’s system and its \nboundaries are available to authorized external users \nand customers.  \nInspected the Company website to verify whether objective \ndescriptions of SimpleLegal’s system and its boundaries \nwere available to authorized external users and customers. \nNo exceptions noted. \nCC2.3.3 \nSimpleLegal maintains an updated Terms of Service and \nService Level Agreement on its website that \ncommunicates the Company's commitment to security, \navailability, and confidentiality to external users. \nInspected the SimpleLegal Terms of Service and Service \nLevel Agreement to verify whether it demonstrated the \nCompany's security, availability, and confidentiality \ncommitments. \nNo exceptions noted. \nRisk Assessment \nCC3.1 COSO Principle 6: The entity specifies objectives with\n"}], 'model': 'gpt-3.5-turbo', 'temperature': 0.0, 'top_p': 0.0}}
2025-07-01 15:20:04,534 DEBUG Request options: {'method': 'post', 'url': '/chat/completions', 'files': None, 'idempotency_key': 'stainless-python-retry-6c508b18-0136-4e81-a5b1-40dcbc8faa7e', 'json_data': {'messages': [{'role': 'user', 'content': "You are an expert at reading SOC reports. Given the following text, extract all controls tested. Controls may be listed under section headings (such as COSO or TSC sections), and control IDs may appear in many formats: e.g., 'CC9.1', 'CC 9.1', 'CC.9.1', '9.1', or as a section like 'CC9.0' with controls listed as 1, 2, 3, etc. Do your best to distinguish between section IDs and control IDs, and capture the most specific control ID for each control. For each control, extract the following fields as accurately as possible: \n- control_id: (string, the control's unique identifier as shown in the report, or null if not found)\n- control_desc: (string, the description of the control—what the company is supposed to comply with)\n- control_test: (string, what the auditor tested to determine design and operating effectiveness)\n- control_test_results: (string, the results of the test, e.g., 'No exceptions noted', 'No deviations noted', or a description of any exceptions or findings)\n- control_page_ref: (int, page number if available, else null)\n- control_line_ref: (int, line number in the text where the control was found)\nIf you cannot find a value, use null. Output a JSON array, one object per control. Do not include any explanation, markdown, or extra text.\nText:\nsent to \ncommunicate important information security events to \nmanagement and the Board of Directors. \nNo exceptions noted. \nCC1.4 COSO Principle 4: The entity demonstrates a commitment to attract, develop, and retain competent individuals in alignment with objectives. \nCC1.4.1 \nAll positions have a detailed job description that lists \nqualifications, such as required skills and experience, \nwhich candidates must meet in order to be hired by \nSimpleLegal.  \nInspected the Onit careers website to verify whether open \npositions had job descriptions that listed the qualifications \nOnit was seeking for the role. \nNo exceptions noted. \nCC1.4.2 \nSimpleLegal performs background checks on new \nemployees prior to hire, as permitted by local laws. The \nresults are reviewed by Human Resources and \nappropriate action is taken if deemed necessary. \nFor all new hires during the period, inspected the completed \nbackground check report to verify whether each individual \nhad a comprehensive background check performed prior to \ntheir starting date, as permitted by local laws. \nNo exceptions noted. \nCC1.4.3 \nExecutive management holds monthly meetings that \ninclude analyzing the competency of its staff against the \nrequired business objectives and forecasted growth to \ndetermine whether additional resources are necessary. \nFor a selection of months, inspected executive leadership \nmeeting invitations and agendas to verify whether they \nincluded discussions regarding human resources. \nNo exceptions noted. \nCC1.5 COSO Principle 5: The entity holds individuals accountable for their internal control responsibilities in the pursuit of objectives. \nCC1.5.1 \nSimpleLegal maintains formalized performance \nexpectations for each position and uses these \nexpectations as a basis for evaluating the performance \nof each of its employees. These performance \nevaluations, which incorporate internal control \nresponsibilities, are completed on an annual basis. \nFor a selection of active personnel during the period, \ninspected completed performance evaluations to verify \nwhether each individual received a formalized performance \nevaluation during the period which incorporated internal \ncontrol responsibilities. \nNo exceptions noted. \n=== PAGE 28 ===\n\n28 \nControl # \nControl Activity Specified by SimpleLegal \nBoulay’s Test of Controls \nTest Results \nCommunication and Information \nCC2.1 COSO Principle 13: The entity obtains or generates and uses relevant, quality information to support the functioning of internal control. \nCC2.1.1 \nSimpleLegal’s mission-critical systems and sensitive \ninformation are identified as part of their asset inventory, \nwhich includes capturing internal and external sources of \ndata.  \nInspected the AWS dashboard and Jamf inventory report to \nverify whether SimpleLegal had identified its mission-critical \nsystems and sources of sensitive information. \nNo exceptions noted. \nCC2.1.2 \nSimpleLegal mainta\n"}], 'model': 'gpt-3.5-turbo', 'temperature': 0.0, 'top_p': 0.0}}
2025-07-01 15:20:04,534 DEBUG Request options: {'method': 'post', 'url': '/chat/completions', 'files': None, 'idempotency_key': 'stainless-python-retry-01cadb0c-13e2-4db0-8697-02c66c013582', 'json_data': {'messages': [{'role': 'user', 'content': "You are an expert at reading SOC reports. Given the following text, extract all controls tested. Controls may be listed under section headings (such as COSO or TSC sections), and control IDs may appear in many formats: e.g., 'CC9.1', 'CC 9.1', 'CC.9.1', '9.1', or as a section like 'CC9.0' with controls listed as 1, 2, 3, etc. Do your best to distinguish between section IDs and control IDs, and capture the most specific control ID for each control. For each control, extract the following fields as accurately as possible: \n- control_id: (string, the control's unique identifier as shown in the report, or null if not found)\n- control_desc: (string, the description of the control—what the company is supposed to comply with)\n- control_test: (string, what the auditor tested to determine design and operating effectiveness)\n- control_test_results: (string, the results of the test, e.g., 'No exceptions noted', 'No deviations noted', or a description of any exceptions or findings)\n- control_page_ref: (int, page number if available, else null)\n- control_line_ref: (int, line number in the text where the control was found)\nIf you cannot find a value, use null. Output a JSON array, one object per control. Do not include any explanation, markdown, or extra text.\nText:\non an annual basis. \nFor a selection of active personnel during the period, \ninspected completed performance evaluations to verify \nwhether each individual received a formalized performance \nevaluation during the period which incorporated internal \ncontrol responsibilities. \nNo exceptions noted. \n=== PAGE 28 ===\n\n28 \nControl # \nControl Activity Specified by SimpleLegal \nBoulay’s Test of Controls \nTest Results \nCommunication and Information \nCC2.1 COSO Principle 13: The entity obtains or generates and uses relevant, quality information to support the functioning of internal control. \nCC2.1.1 \nSimpleLegal’s mission-critical systems and sensitive \ninformation are identified as part of their asset inventory, \nwhich includes capturing internal and external sources of \ndata.  \nInspected the AWS dashboard and Jamf inventory report to \nverify whether SimpleLegal had identified its mission-critical \nsystems and sources of sensitive information. \nNo exceptions noted. \nCC2.1.2 \nSimpleLegal maintains an updated cloud architecture \ndiagram outlining how data is processed and secured \nwithin AWS. \nInspected SimpleLegal's cloud architecture diagrams to \nverify whether they provided a comprehensive illustration of \nthe AWS architecture and how data is processed and \nsecured. \nNo exceptions noted. \nCC2.2 COSO Principle 14: The entity internally communicates information, including objectives and responsibilities for internal control, necessary to support the \nfunctioning of internal control. \nCC2.2.1 \nSimpleLegal maintains updated policies and procedures \nthat enable all personnel to understand and carry out \ntheir internal control responsibilities, including ensuring \nconfidentiality, integrity, and availability of all systems \nand data. These policies and procedures are accessible \nto all personnel and are acknowledged upon hire. \nInspected the collection of organizational policies and \nprocedures to verify whether they outlined roles and \nresponsibilities around internal control performance.  \nInspected the internal shared folder to verify whether up-to-\ndate policies and procedures were available to all \nSimpleLegal personnel. \nFor all new hires during the period, inspected the signed \nhandbook to verify whether each individual had \nacknowledged and accepted the organizational policies and \nprocedures. \nNo exceptions noted. \nCC2.2.2 \nSimpleLegal employees are required to complete \ninformation security awareness training upon hire and on \nat least an annual basis thereafter. \nFor all new hires during the period, inspected security \ntraining completion certificates to verify whether training was \ncompleted upon hire. \nFor a selection of active personnel during the period, \ninspected security training completion certificates to verify \nwhether training was completed annually. \nNo exceptions noted. \nCC2.2.3 \nSimpleLegal provides a process for employees and \ncontractors to report security failures, in\n"}], 'model': 'gpt-3.5-turbo', 'temperature': 0.0, 'top_p': 0.0}}
2025-07-01 15:20:04,535 DEBUG Request options: {'method': 'post', 'url': '/chat/completions', 'files': None, 'idempotency_key': 'stainless-python-retry-20927ce4-fce8-4f00-9682-534b47d7f82d', 'json_data': {'messages': [{'role': 'user', 'content': "You are an expert at reading SOC reports. Given the following text, extract all controls tested. Controls may be listed under section headings (such as COSO or TSC sections), and control IDs may appear in many formats: e.g., 'CC9.1', 'CC 9.1', 'CC.9.1', '9.1', or as a section like 'CC9.0' with controls listed as 1, 2, 3, etc. Do your best to distinguish between section IDs and control IDs, and capture the most specific control ID for each control. For each control, extract the following fields as accurately as possible: \n- control_id: (string, the control's unique identifier as shown in the report, or null if not found)\n- control_desc: (string, the description of the control—what the company is supposed to comply with)\n- control_test: (string, what the auditor tested to determine design and operating effectiveness)\n- control_test_results: (string, the results of the test, e.g., 'No exceptions noted', 'No deviations noted', or a description of any exceptions or findings)\n- control_page_ref: (int, page number if available, else null)\n- control_line_ref: (int, line number in the text where the control was found)\nIf you cannot find a value, use null. Output a JSON array, one object per control. Do not include any explanation, markdown, or extra text.\nText:\n\n25 \nSECTION IV \nTESTING MATRICES \n\n=== PAGE 26 ===\n\n26 \n\nControl # \nControl Activity Specified by SimpleLegal \nBoulay’s Test of Controls \nTest Results \nControl Environment \nCC1.1 COSO Principle 1: The entity demonstrates a commitment to integrity and ethical values. \nCC1.1.1 \nSimpleLegal has established a Code of Conduct policy \nthat is acknowledged by all new employees and full-time \ncontractors upon hire. This policy outlines expectations \nthe Company has set related to ethics and standards of \nconduct. Additionally, this policy outlines processes that \nmanagement has established to evaluate adherence to \nstandards of conduct and address deviations in a timely \nmanner. \nInspected the Employee Handbook to verify whether it \noutlined expectations around ethical conduct for employees \nand contractors, as well as disciplinary actions if the policy \nis violated.  \nFor all new hires during the period, inspected the signed \nhandbook to verify whether each individual had \nacknowledged and accepted the Code of Conduct policy. \nNo exceptions noted. \nCC1.2 COSO Principle 2: The board of directors demonstrates independence from management and exercises oversight of the development and performance of \ninternal control. \nCC1.2.1 \nSimpleLegal is a subsidiary of Onit, whose leaders have \nrelevant skills and industry expertise that enable them to \nprovide independent oversight over management. \nInspected Onit’s website to verify whether Onit’s executive \nleadership team consists of individuals with relevant skills \nand industry expertise that enables them to provide \nindependent oversight over management. \nNo exceptions noted. \nCC1.2.2 \nSimpleLegal meets with the Onit Board of Directors on at \nleast a quarterly basis to discuss Company performance, \nstrategic objectives, and information security matters. \nFor a selection of quarters during the period, inspected the \nBoard of Directors meeting invitation and notes to verify \nwhether the Board of Directors met on a quarterly basis to \ndiscuss Company performance, strategic objectives, and \ninformation security matters. \nNo exceptions noted. \nCC1.3 COSO Principle 3: Management establishes, with board oversight, structures, reporting lines, and appropriate authorities and responsibilities in the pursuit of \nobjectives. \nCC1.3.1 \nSimpleLegal maintains an updated organizational chart \nthat establishes structure, reporting lines, and delegation \nof authority and responsibility across the Company. \nInspected the organizational chart to verify whether it \nestablished the structure, reporting lines, and delegation of \nauthority and responsibility across the Company. \nNo exceptions noted. \nCC1.3.2 \nSimpleLegal’s executive leadership meets on a monthly \nbasis to discuss operations, issues relating to internal \ncontrols, and delivery on key performance metrics. \nFor a selection of months, inspected executive leadership \nmeeting invitations and agendas to veri\n"}], 'model': 'gpt-3.5-turbo', 'temperature': 0.0, 'top_p': 0.0}}
2025-07-01 15:20:04,744 DEBUG Sending HTTP Request: POST https://api.openai.com/v1/chat/completions
2025-07-01 15:20:04,744 DEBUG connect_tcp.started host='api.openai.com' port=443 local_address=None timeout=5.0 socket_options=None
2025-07-01 15:20:04,745 DEBUG Sending HTTP Request: POST https://api.openai.com/v1/chat/completions
2025-07-01 15:20:04,745 DEBUG connect_tcp.started host='api.openai.com' port=443 local_address=None timeout=5.0 socket_options=None
2025-07-01 15:20:04,747 DEBUG Sending HTTP Request: POST https://api.openai.com/v1/chat/completions
2025-07-01 15:20:04,747 DEBUG connect_tcp.started host='api.openai.com' port=443 local_address=None timeout=5.0 socket_options=None
2025-07-01 15:20:04,748 DEBUG Sending HTTP Request: POST https://api.openai.com/v1/chat/completions
2025-07-01 15:20:04,748 DEBUG connect_tcp.started host='api.openai.com' port=443 local_address=None timeout=5.0 socket_options=None
2025-07-01 15:20:04,755 DEBUG Sending HTTP Request: POST https://api.openai.com/v1/chat/completions
2025-07-01 15:20:04,755 DEBUG connect_tcp.started host='api.openai.com' port=443 local_address=None timeout=5.0 socket_options=None
2025-07-01 15:20:04,927 DEBUG connect_tcp.complete return_value=<httpcore._backends.sync.SyncStream object at 0x000001B9727CF0E0>
2025-07-01 15:20:04,927 DEBUG connect_tcp.complete return_value=<httpcore._backends.sync.SyncStream object at 0x000001B973AD3D90>
2025-07-01 15:20:04,927 DEBUG start_tls.started ssl_context=<ssl.SSLContext object at 0x000001B9727460F0> server_hostname='api.openai.com' timeout=5.0
2025-07-01 15:20:04,927 DEBUG start_tls.started ssl_context=<ssl.SSLContext object at 0x000001B9727460F0> server_hostname='api.openai.com' timeout=5.0
2025-07-01 15:20:04,938 DEBUG connect_tcp.complete return_value=<httpcore._backends.sync.SyncStream object at 0x000001B973AD3ED0>
2025-07-01 15:20:04,939 DEBUG start_tls.started ssl_context=<ssl.SSLContext object at 0x000001B9727460F0> server_hostname='api.openai.com' timeout=5.0
2025-07-01 15:20:04,939 DEBUG connect_tcp.complete return_value=<httpcore._backends.sync.SyncStream object at 0x000001B97396B6F0>
2025-07-01 15:20:04,939 DEBUG connect_tcp.complete return_value=<httpcore._backends.sync.SyncStream object at 0x000001B97396B490>
2025-07-01 15:20:04,939 DEBUG start_tls.started ssl_context=<ssl.SSLContext object at 0x000001B9727460F0> server_hostname='api.openai.com' timeout=5.0
2025-07-01 15:20:04,939 DEBUG start_tls.started ssl_context=<ssl.SSLContext object at 0x000001B9727460F0> server_hostname='api.openai.com' timeout=5.0
2025-07-01 15:20:04,977 DEBUG start_tls.complete return_value=<httpcore._backends.sync.SyncStream object at 0x000001B973AEDD90>
2025-07-01 15:20:04,977 DEBUG send_request_headers.started request=<Request [b'POST']>
2025-07-01 15:20:04,978 DEBUG send_request_headers.complete
2025-07-01 15:20:04,978 DEBUG send_request_body.started request=<Request [b'POST']>
2025-07-01 15:20:04,978 DEBUG send_request_body.complete
2025-07-01 15:20:04,978 DEBUG receive_response_headers.started request=<Request [b'POST']>
2025-07-01 15:20:04,988 DEBUG start_tls.complete return_value=<httpcore._backends.sync.SyncStream object at 0x000001B973BC0380>
2025-07-01 15:20:04,989 DEBUG send_request_headers.started request=<Request [b'POST']>
2025-07-01 15:20:04,989 DEBUG send_request_headers.complete
2025-07-01 15:20:04,989 DEBUG send_request_body.started request=<Request [b'POST']>
2025-07-01 15:20:04,989 DEBUG send_request_body.complete
2025-07-01 15:20:04,989 DEBUG receive_response_headers.started request=<Request [b'POST']>
2025-07-01 15:20:05,000 DEBUG start_tls.complete return_value=<httpcore._backends.sync.SyncStream object at 0x000001B973BC0050>
2025-07-01 15:20:05,000 DEBUG send_request_headers.started request=<Request [b'POST']>
2025-07-01 15:20:05,000 DEBUG send_request_headers.complete
2025-07-01 15:20:05,000 DEBUG send_request_body.started request=<Request [b'POST']>
2025-07-01 15:20:05,001 DEBUG start_tls.complete return_value=<httpcore._backends.sync.SyncStream object at 0x000001B973BADA50>
2025-07-01 15:20:05,001 DEBUG send_request_headers.started request=<Request [b'POST']>
2025-07-01 15:20:05,001 DEBUG send_request_body.complete
2025-07-01 15:20:05,001 DEBUG receive_response_headers.started request=<Request [b'POST']>
2025-07-01 15:20:05,001 DEBUG send_request_headers.complete
2025-07-01 15:20:05,002 DEBUG send_request_body.started request=<Request [b'POST']>
2025-07-01 15:20:05,001 DEBUG start_tls.complete return_value=<httpcore._backends.sync.SyncStream object at 0x000001B973BADB50>
2025-07-01 15:20:05,002 DEBUG send_request_headers.started request=<Request [b'POST']>
2025-07-01 15:20:05,002 DEBUG send_request_body.complete
2025-07-01 15:20:05,002 DEBUG receive_response_headers.started request=<Request [b'POST']>
2025-07-01 15:20:05,002 DEBUG send_request_headers.complete
2025-07-01 15:20:05,002 DEBUG send_request_body.started request=<Request [b'POST']>
2025-07-01 15:20:05,002 DEBUG send_request_body.complete
2025-07-01 15:20:05,003 DEBUG receive_response_headers.started request=<Request [b'POST']>
2025-07-01 15:20:09,467 DEBUG receive_response_headers.complete return_value=(b'HTTP/1.1', 200, b'OK', [(b'Date', b'Tue, 01 Jul 2025 19:20:08 GMT'), (b'Content-Type', b'application/json'), (b'Transfer-Encoding', b'chunked'), (b'Connection', b'keep-alive'), (b'access-control-expose-headers', b'X-Request-ID'), (b'openai-organization', b'user-58hzvdaaovkznpa7grjzxtja'), (b'openai-processing-ms', b'3940'), (b'openai-version', b'2020-10-01'), (b'x-envoy-upstream-service-time', b'3947'), (b'x-ratelimit-limit-requests', b'5000'), (b'x-ratelimit-limit-tokens', b'4000000'), (b'x-ratelimit-remaining-requests', b'4999'), (b'x-ratelimit-remaining-tokens', b'3998943'), (b'x-ratelimit-reset-requests', b'12ms'), (b'x-ratelimit-reset-tokens', b'15ms'), (b'x-request-id', b'req_cff107c1c8d1dbc6343b87bf9699b3ea'), (b'strict-transport-security', b'max-age=31536000; includeSubDomains; preload'), (b'cf-cache-status', b'DYNAMIC'), (b'Set-Cookie', b'__cf_bm=ALFYDcsHT3BREwtm.df6syKLijRoSgWuggPeBZBlkZg-1751397608-1.0.1.1-V_us_hfHQfqaxIW1_e10.JKs0cYp8JWJnSKodA2L9cgs0SRNYg0QRmjMWOCDDKKk6TKa05dX5979uKbBNGX471nbRkQ.D87ryb7fxiC5.OI; path=/; expires=Tue, 01-Jul-25 19:50:08 GMT; domain=.api.openai.com; HttpOnly; Secure; SameSite=None'), (b'X-Content-Type-Options', b'nosniff'), (b'Set-Cookie', b'_cfuvid=rsPHPzV_WQG6W0.36.EDD4h95CQHYAC041_fZhuvjLw-1751397608621-0.0.1.1-604800000; path=/; domain=.api.openai.com; HttpOnly; Secure; SameSite=None'), (b'Server', b'cloudflare'), (b'CF-RAY', b'958842324f6610a1-ORD'), (b'Content-Encoding', b'gzip'), (b'alt-svc', b'h3=":443"; ma=86400')])
2025-07-01 15:20:09,469 INFO HTTP Request: POST https://api.openai.com/v1/chat/completions "HTTP/1.1 200 OK"
2025-07-01 15:20:09,469 DEBUG receive_response_body.started request=<Request [b'POST']>
2025-07-01 15:20:09,469 DEBUG receive_response_body.complete
2025-07-01 15:20:09,469 DEBUG response_closed.started
2025-07-01 15:20:09,470 DEBUG response_closed.complete
2025-07-01 15:20:09,470 DEBUG HTTP Response: POST https://api.openai.com/v1/chat/completions "200 OK" Headers([('date', 'Tue, 01 Jul 2025 19:20:08 GMT'), ('content-type', 'application/json'), ('transfer-encoding', 'chunked'), ('connection', 'keep-alive'), ('access-control-expose-headers', 'X-Request-ID'), ('openai-organization', 'user-58hzvdaaovkznpa7grjzxtja'), ('openai-processing-ms', '3940'), ('openai-version', '2020-10-01'), ('x-envoy-upstream-service-time', '3947'), ('x-ratelimit-limit-requests', '5000'), ('x-ratelimit-limit-tokens', '4000000'), ('x-ratelimit-remaining-requests', '4999'), ('x-ratelimit-remaining-tokens', '3998943'), ('x-ratelimit-reset-requests', '12ms'), ('x-ratelimit-reset-tokens', '15ms'), ('x-request-id', 'req_cff107c1c8d1dbc6343b87bf9699b3ea'), ('strict-transport-security', 'max-age=31536000; includeSubDomains; preload'), ('cf-cache-status', 'DYNAMIC'), ('set-cookie', '__cf_bm=ALFYDcsHT3BREwtm.df6syKLijRoSgWuggPeBZBlkZg-1751397608-1.0.1.1-V_us_hfHQfqaxIW1_e10.JKs0cYp8JWJnSKodA2L9cgs0SRNYg0QRmjMWOCDDKKk6TKa05dX5979uKbBNGX471nbRkQ.D87ryb7fxiC5.OI; path=/; expires=Tue, 01-Jul-25 19:50:08 GMT; domain=.api.openai.com; HttpOnly; Secure; SameSite=None'), ('x-content-type-options', 'nosniff'), ('set-cookie', '_cfuvid=rsPHPzV_WQG6W0.36.EDD4h95CQHYAC041_fZhuvjLw-1751397608621-0.0.1.1-604800000; path=/; domain=.api.openai.com; HttpOnly; Secure; SameSite=None'), ('server', 'cloudflare'), ('cf-ray', '958842324f6610a1-ORD'), ('content-encoding', 'gzip'), ('alt-svc', 'h3=":443"; ma=86400')])
2025-07-01 15:20:09,470 DEBUG request_id: req_cff107c1c8d1dbc6343b87bf9699b3ea
2025-07-01 15:20:09,474 DEBUG Chunk 3 response: [
    {
        "control_id": "CC2.1.1",
        "control_desc": "SimpleLegal’s mission-critical systems and sensitive information are identified as part of their asset inventory, which includes capturing internal and external sources of data.",
        "control_test": "Inspected the AWS dashboard and Jamf inventory report to verify whether SimpleLegal had identified its mission-critical systems and sources of sensitive information.",
        "control_test_results": "No exceptions noted.",
        "control_page_ref": 28,
        "control_line_ref": 10
    },
    {
        "control_id": "CC2.1.2",
        "control_desc": "SimpleLegal maintains an updated cloud architecture diagram outlining how data is processed and secured within AWS.",
        "control_test": "Inspected SimpleLegal's cloud architecture diagrams to verify whether they provided a comprehensive illustration of the AWS architecture and how data is processed and secured.",
        "control_test_results": "No exceptions noted.",
        "control_page_ref": 28,
        "control_line_ref": 20
    },
    {
        "control_id": "CC2.2.1",
        "control_desc": "SimpleLegal maintains updated policies and procedures that enable all personnel to understand and carry out their internal control responsibilities, including ensuring confidentiality, integrity, and availability of all systems and data. These policies and procedures are accessible to all personnel and are acknowledged upon hire.",
        "control_test": "Inspected the collection of organizational policies and procedures to verify whether they outlined roles and responsibilities around internal control performance. Inspected the internal shared folder to verify whether up-to-date policies and procedures were available to all SimpleLegal personnel. For all new hires during the period, inspected the signed handbook to verify whether each individual had acknowledged and accepted the organizational policies and procedures.",
        "control_test_results": "No exceptions noted.",
        "control_page_ref": 28,
        "control_line_ref": 38
    },
    {
        "control_id": "CC2.2.2",
        "control_desc": "SimpleLegal employees are required to complete information security awareness training upon hire and on at least an annual basis thereafter.",
        "control_test": "For all new hires during the period, inspected security training completion certificates to verify whether training was completed upon hire. For a selection of active personnel during the period, inspected security training completion certificates to verify whether training was completed annually.",
        "control_test_results": "No exceptions noted.",
        "control_page_ref": 28,
        "control_line_ref": 56
    }
]
2025-07-01 15:20:09,474 INFO CHUNK 3 EXTRACTED 4 CONTROLS
2025-07-01 15:20:09,474 INFO PROCESSING CHUNK 5:
CHUNK TEXT (first 500 chars):
ons. 
Inspected a test submission to the SimpleLegal support 
channel to verify whether it was actively monitored and 
managed by the support team. 
No exceptions noted. 
CC2.3.2 
Objective descriptions of SimpleLegal’s system and its 
boundaries are available to authorized external users 
and customers.  
Inspected the Company website to verify whether objective 
descriptions of SimpleLegal’s system and its boundaries 
were available to authorized external users and customers. 
No exceptions no
2025-07-01 15:20:09,474 INFO CHUNK 5 PROMPT:
You are an expert at reading SOC reports. Given the following text, extract all controls tested. Controls may be listed under section headings (such as COSO or TSC sections), and control IDs may appear in many formats: e.g., 'CC9.1', 'CC 9.1', 'CC.9.1', '9.1', or as a section like 'CC9.0' with controls listed as 1, 2, 3, etc. Do your best to distinguish between section IDs and control IDs, and capture the most specific control ID for each control. For each control, extract the following fields as accurately as possible: 
- control_id: (string, the control's unique identifier as shown in the report, or null if not found)
- control_desc: (string, the description of the control—what the company is supposed to comply with)
- control_test: (string, what the auditor tested to determine design and operating effectiveness)
- control_test_results: (string, the results of the test, e.g., 'No exceptions noted', 'No deviations noted', or a description of any exceptions or findings)
- control_page_ref: (int, page number if available, else null)
- control_line_ref: (int, line number in the text where the control was found)
If you cannot find a value, use null. Output a JSON array, one object per control. Do not include any explanation, markdown, or extra text.
Text:
ons. 
Inspected a test submission to the SimpleLegal support 
channel to verify whether it was actively monitored and 
managed by the support team. 
No exceptions noted. 
CC2.3.2 
Objective descriptions of SimpleLegal’s system and its 
boundaries are available to authorized external users 
and customers.  
Inspected the Company website to verify whether objective 
descriptions of SimpleLegal’s system and its boundaries 
were available to authorized external users and customers. 
No exceptions noted. 
CC2.3.3 
SimpleLegal maintains an updated Terms of Service and 
Service Level Agreement on its website that 
communicates the Company's commitment to security, 
availability, and confidentiality to external users. 
Inspected the SimpleLegal Terms of Service and Service 
Level Agreement to verify whether it demonstrated the 
Company's security, availability, and confidentiality 
commitments. 
No exceptions noted. 
Risk Assessment 
CC3.1 COSO Principle 6: The entity specifies objectives with sufficient clarity to enable the identification and assessment of risks relating to objectives. 
CC3.1.1 
SimpleLegal maintains a risk management program that 
describes the processes the Company has in place to 
identify new business and technical risks and how those 
risks are mitigated. 
Inspected the risk management policy to verify whether it 
was up-to-date and documented requirements and 
guidelines to performing a comprehensive risk assessment. 
No exceptions noted. 
CC3.1.2 
On a quarterly basis, SimpleLegal conducts an 
assessment on the risks related to data security, data 
integrity, scalability, and privacy. 
For a selection of quarters, inspected the completed risk 
assessment to verify whether it incorporated risks and 
controls related to data security, data integrity, scalability, 
and privacy. 
No exceptions noted. 
CC3.2 COSO Principle 7: The entity identifies risks to the achievement of its objectives across the entity and analyzes risks as a basis for determining how the risks 
should be managed. 
CC3.2.1 
On a quarterly basis, SimpleLegal performs a risk 
assessment, which includes the identification of relevant 
internal and external threats, an analysis of the 
significance of the risks associated with those threats, a 
determination of appropriate risk mitigation strategies, 
and the development or modification of controls 
consistent with the risk mitigation strategy. 
For a selection of quarters, inspected the completed risk 
assessment to verify whether it incorporated a 
comprehensive threat analysis, including probability and 
impact ratings, mitigating controls, and any action plans to 
further mitigate risks to an acceptable level. 
No exceptions noted. 
=== PAGE 30 ===

30 
Control # 
Control Activity Specified by SimpleLegal 
Boulay’s Test of Controls 
Test Results 
CC3.3 COSO Principle 8: The entity considers the potential for fraud in assessing risks to the achievem

2025-07-01 15:20:09,476 DEBUG Request options: {'method': 'post', 'url': '/chat/completions', 'files': None, 'idempotency_key': 'stainless-python-retry-2b3f9fde-c2a8-445f-b04b-179c98fc5f2f', 'json_data': {'messages': [{'role': 'user', 'content': "You are an expert at reading SOC reports. Given the following text, extract all controls tested. Controls may be listed under section headings (such as COSO or TSC sections), and control IDs may appear in many formats: e.g., 'CC9.1', 'CC 9.1', 'CC.9.1', '9.1', or as a section like 'CC9.0' with controls listed as 1, 2, 3, etc. Do your best to distinguish between section IDs and control IDs, and capture the most specific control ID for each control. For each control, extract the following fields as accurately as possible: \n- control_id: (string, the control's unique identifier as shown in the report, or null if not found)\n- control_desc: (string, the description of the control—what the company is supposed to comply with)\n- control_test: (string, what the auditor tested to determine design and operating effectiveness)\n- control_test_results: (string, the results of the test, e.g., 'No exceptions noted', 'No deviations noted', or a description of any exceptions or findings)\n- control_page_ref: (int, page number if available, else null)\n- control_line_ref: (int, line number in the text where the control was found)\nIf you cannot find a value, use null. Output a JSON array, one object per control. Do not include any explanation, markdown, or extra text.\nText:\nons. \nInspected a test submission to the SimpleLegal support \nchannel to verify whether it was actively monitored and \nmanaged by the support team. \nNo exceptions noted. \nCC2.3.2 \nObjective descriptions of SimpleLegal’s system and its \nboundaries are available to authorized external users \nand customers.  \nInspected the Company website to verify whether objective \ndescriptions of SimpleLegal’s system and its boundaries \nwere available to authorized external users and customers. \nNo exceptions noted. \nCC2.3.3 \nSimpleLegal maintains an updated Terms of Service and \nService Level Agreement on its website that \ncommunicates the Company's commitment to security, \navailability, and confidentiality to external users. \nInspected the SimpleLegal Terms of Service and Service \nLevel Agreement to verify whether it demonstrated the \nCompany's security, availability, and confidentiality \ncommitments. \nNo exceptions noted. \nRisk Assessment \nCC3.1 COSO Principle 6: The entity specifies objectives with sufficient clarity to enable the identification and assessment of risks relating to objectives. \nCC3.1.1 \nSimpleLegal maintains a risk management program that \ndescribes the processes the Company has in place to \nidentify new business and technical risks and how those \nrisks are mitigated. \nInspected the risk management policy to verify whether it \nwas up-to-date and documented requirements and \nguidelines to performing a comprehensive risk assessment. \nNo exceptions noted. \nCC3.1.2 \nOn a quarterly basis, SimpleLegal conducts an \nassessment on the risks related to data security, data \nintegrity, scalability, and privacy. \nFor a selection of quarters, inspected the completed risk \nassessment to verify whether it incorporated risks and \ncontrols related to data security, data integrity, scalability, \nand privacy. \nNo exceptions noted. \nCC3.2 COSO Principle 7: The entity identifies risks to the achievement of its objectives across the entity and analyzes risks as a basis for determining how the risks \nshould be managed. \nCC3.2.1 \nOn a quarterly basis, SimpleLegal performs a risk \nassessment, which includes the identification of relevant \ninternal and external threats, an analysis of the \nsignificance of the risks associated with those threats, a \ndetermination of appropriate risk mitigation strategies, \nand the development or modification of controls \nconsistent with the risk mitigation strategy. \nFor a selection of quarters, inspected the completed risk \nassessment to verify whether it incorporated a \ncomprehensive threat analysis, including probability and \nimpact ratings, mitigating controls, and any action plans to \nfurther mitigate risks to an acceptable level. \nNo exceptions noted. \n=== PAGE 30 ===\n\n30 \nControl # \nControl Activity Specified by SimpleLegal \nBoulay’s Test of Controls \nTest Results \nCC3.3 COSO Principle 8: The entity considers the potential for fraud in assessing risks to the achievem\n"}], 'model': 'gpt-3.5-turbo', 'temperature': 0.0, 'top_p': 0.0}}
2025-07-01 15:20:09,476 DEBUG Sending HTTP Request: POST https://api.openai.com/v1/chat/completions
2025-07-01 15:20:09,477 DEBUG send_request_headers.started request=<Request [b'POST']>
2025-07-01 15:20:09,477 DEBUG send_request_headers.complete
2025-07-01 15:20:09,477 DEBUG send_request_body.started request=<Request [b'POST']>
2025-07-01 15:20:09,477 DEBUG send_request_body.complete
2025-07-01 15:20:09,477 DEBUG receive_response_headers.started request=<Request [b'POST']>
2025-07-01 15:20:09,750 DEBUG receive_response_headers.complete return_value=(b'HTTP/1.1', 200, b'OK', [(b'Date', b'Tue, 01 Jul 2025 19:20:08 GMT'), (b'Content-Type', b'application/json'), (b'Transfer-Encoding', b'chunked'), (b'Connection', b'keep-alive'), (b'access-control-expose-headers', b'X-Request-ID'), (b'openai-organization', b'user-58hzvdaaovkznpa7grjzxtja'), (b'openai-processing-ms', b'4400'), (b'openai-version', b'2020-10-01'), (b'x-envoy-upstream-service-time', b'4403'), (b'x-ratelimit-limit-requests', b'5000'), (b'x-ratelimit-limit-tokens', b'4000000'), (b'x-ratelimit-remaining-requests', b'4999'), (b'x-ratelimit-remaining-tokens', b'3998943'), (b'x-ratelimit-reset-requests', b'12ms'), (b'x-ratelimit-reset-tokens', b'15ms'), (b'x-request-id', b'req_349e30d39662886fb4e2090547b5475f'), (b'strict-transport-security', b'max-age=31536000; includeSubDomains; preload'), (b'cf-cache-status', b'DYNAMIC'), (b'Set-Cookie', b'__cf_bm=chl7oarsTf4hsC9TWUSW5lg1ehO0u9p6o1bN2hhaeT8-1751397608-1.0.1.1-yahr2qvpxaS3OWpe21QkUABZUa2AqNL1TGEcGvLoX2asSy7va6BjzYCHz5nwkJKOR6l_ZEqkCNyJ9lLGMSrYGg53nchmKY61vO2HRf0oHXc; path=/; expires=Tue, 01-Jul-25 19:50:08 GMT; domain=.api.openai.com; HttpOnly; Secure; SameSite=None'), (b'X-Content-Type-Options', b'nosniff'), (b'Set-Cookie', b'_cfuvid=MR9JP9TJUS36Tj_kevPyC1htJxIUZ6L3QarxyF8vqMg-1751397608906-0.0.1.1-604800000; path=/; domain=.api.openai.com; HttpOnly; Secure; SameSite=None'), (b'Server', b'cloudflare'), (b'CF-RAY', b'958842323c68e991-ORD'), (b'Content-Encoding', b'gzip'), (b'alt-svc', b'h3=":443"; ma=86400')])
2025-07-01 15:20:09,751 INFO HTTP Request: POST https://api.openai.com/v1/chat/completions "HTTP/1.1 200 OK"
2025-07-01 15:20:09,751 DEBUG receive_response_body.started request=<Request [b'POST']>
2025-07-01 15:20:09,751 DEBUG receive_response_body.complete
2025-07-01 15:20:09,752 DEBUG response_closed.started
2025-07-01 15:20:09,752 DEBUG response_closed.complete
2025-07-01 15:20:09,752 DEBUG HTTP Response: POST https://api.openai.com/v1/chat/completions "200 OK" Headers([('date', 'Tue, 01 Jul 2025 19:20:08 GMT'), ('content-type', 'application/json'), ('transfer-encoding', 'chunked'), ('connection', 'keep-alive'), ('access-control-expose-headers', 'X-Request-ID'), ('openai-organization', 'user-58hzvdaaovkznpa7grjzxtja'), ('openai-processing-ms', '4400'), ('openai-version', '2020-10-01'), ('x-envoy-upstream-service-time', '4403'), ('x-ratelimit-limit-requests', '5000'), ('x-ratelimit-limit-tokens', '4000000'), ('x-ratelimit-remaining-requests', '4999'), ('x-ratelimit-remaining-tokens', '3998943'), ('x-ratelimit-reset-requests', '12ms'), ('x-ratelimit-reset-tokens', '15ms'), ('x-request-id', 'req_349e30d39662886fb4e2090547b5475f'), ('strict-transport-security', 'max-age=31536000; includeSubDomains; preload'), ('cf-cache-status', 'DYNAMIC'), ('set-cookie', '__cf_bm=chl7oarsTf4hsC9TWUSW5lg1ehO0u9p6o1bN2hhaeT8-1751397608-1.0.1.1-yahr2qvpxaS3OWpe21QkUABZUa2AqNL1TGEcGvLoX2asSy7va6BjzYCHz5nwkJKOR6l_ZEqkCNyJ9lLGMSrYGg53nchmKY61vO2HRf0oHXc; path=/; expires=Tue, 01-Jul-25 19:50:08 GMT; domain=.api.openai.com; HttpOnly; Secure; SameSite=None'), ('x-content-type-options', 'nosniff'), ('set-cookie', '_cfuvid=MR9JP9TJUS36Tj_kevPyC1htJxIUZ6L3QarxyF8vqMg-1751397608906-0.0.1.1-604800000; path=/; domain=.api.openai.com; HttpOnly; Secure; SameSite=None'), ('server', 'cloudflare'), ('cf-ray', '958842323c68e991-ORD'), ('content-encoding', 'gzip'), ('alt-svc', 'h3=":443"; ma=86400')])
2025-07-01 15:20:09,752 DEBUG request_id: req_349e30d39662886fb4e2090547b5475f
2025-07-01 15:20:09,753 DEBUG Chunk 2 response: [
    {
        "control_id": "CC1.4.1",
        "control_desc": "All positions have a detailed job description that lists qualifications, such as required skills and experience, which candidates must meet in order to be hired by SimpleLegal.",
        "control_test": "Inspected the Onit careers website to verify whether open positions had job descriptions that listed the qualifications Onit was seeking for the role.",
        "control_test_results": "No exceptions noted.",
        "control_page_ref": null,
        "control_line_ref": null
    },
    {
        "control_id": "CC1.4.2",
        "control_desc": "SimpleLegal performs background checks on new employees prior to hire, as permitted by local laws. The results are reviewed by Human Resources and appropriate action is taken if deemed necessary.",
        "control_test": "For all new hires during the period, inspected the completed background check report to verify whether each individual had a comprehensive background check performed prior to their starting date, as permitted by local laws.",
        "control_test_results": "No exceptions noted.",
        "control_page_ref": null,
        "control_line_ref": null
    },
    {
        "control_id": "CC1.4.3",
        "control_desc": "Executive management holds monthly meetings that include analyzing the competency of its staff against the required business objectives and forecasted growth to determine whether additional resources are necessary.",
        "control_test": "For a selection of months, inspected executive leadership meeting invitations and agendas to verify whether they included discussions regarding human resources.",
        "control_test_results": "No exceptions noted.",
        "control_page_ref": null,
        "control_line_ref": null
    },
    {
        "control_id": "CC1.5.1",
        "control_desc": "SimpleLegal maintains formalized performance expectations for each position and uses these expectations as a basis for evaluating the performance of each of its employees. These performance evaluations, which incorporate internal control responsibilities, are completed on an annual basis.",
        "control_test": "For a selection of active personnel during the period, inspected completed performance evaluations to verify whether each individual received a formalized performance evaluation during the period which incorporated internal control responsibilities.",
        "control_test_results": "No exceptions noted.",
        "control_page_ref": null,
        "control_line_ref": null
    },
    {
        "control_id": "CC2.1.1",
        "control_desc": "SimpleLegal’s mission-critical systems and sensitive information are identified as part of their asset inventory, which includes capturing internal and external sources of data.",
        "control_test": "Inspected the AWS dashboard and Jamf inventory report to verify whether SimpleLegal had identified its mission-critical systems and sources of sensitive information.",
        "control_test_results": "No exceptions noted.",
        "control_page_ref": 28,
        "control_line_ref": null
    }
]
2025-07-01 15:20:09,754 INFO CHUNK 2 EXTRACTED 5 CONTROLS
2025-07-01 15:20:09,754 INFO PROCESSING CHUNK 6:
CHUNK TEXT (first 500 chars):
 across the entity and analyzes risks as a basis for determining how the risks 
should be managed. 
CC3.2.1 
On a quarterly basis, SimpleLegal performs a risk 
assessment, which includes the identification of relevant 
internal and external threats, an analysis of the 
significance of the risks associated with those threats, a 
determination of appropriate risk mitigation strategies, 
and the development or modification of controls 
consistent with the risk mitigation strategy. 
For a selection 
2025-07-01 15:20:09,754 INFO CHUNK 6 PROMPT:
You are an expert at reading SOC reports. Given the following text, extract all controls tested. Controls may be listed under section headings (such as COSO or TSC sections), and control IDs may appear in many formats: e.g., 'CC9.1', 'CC 9.1', 'CC.9.1', '9.1', or as a section like 'CC9.0' with controls listed as 1, 2, 3, etc. Do your best to distinguish between section IDs and control IDs, and capture the most specific control ID for each control. For each control, extract the following fields as accurately as possible: 
- control_id: (string, the control's unique identifier as shown in the report, or null if not found)
- control_desc: (string, the description of the control—what the company is supposed to comply with)
- control_test: (string, what the auditor tested to determine design and operating effectiveness)
- control_test_results: (string, the results of the test, e.g., 'No exceptions noted', 'No deviations noted', or a description of any exceptions or findings)
- control_page_ref: (int, page number if available, else null)
- control_line_ref: (int, line number in the text where the control was found)
If you cannot find a value, use null. Output a JSON array, one object per control. Do not include any explanation, markdown, or extra text.
Text:
 across the entity and analyzes risks as a basis for determining how the risks 
should be managed. 
CC3.2.1 
On a quarterly basis, SimpleLegal performs a risk 
assessment, which includes the identification of relevant 
internal and external threats, an analysis of the 
significance of the risks associated with those threats, a 
determination of appropriate risk mitigation strategies, 
and the development or modification of controls 
consistent with the risk mitigation strategy. 
For a selection of quarters, inspected the completed risk 
assessment to verify whether it incorporated a 
comprehensive threat analysis, including probability and 
impact ratings, mitigating controls, and any action plans to 
further mitigate risks to an acceptable level. 
No exceptions noted. 
=== PAGE 30 ===

30 
Control # 
Control Activity Specified by SimpleLegal 
Boulay’s Test of Controls 
Test Results 
CC3.3 COSO Principle 8: The entity considers the potential for fraud in assessing risks to the achievement of objectives. 
CC3.3.1 
As part of the risk assessment process, management 
considers various types of fraud exposure, the probability 
and impact of the event occurring, the controls in place 
to mitigate the risk of fraud, and what, if any, additional 
mitigation measures are necessary.  
For a selection of quarters, inspected the completed risk 
assessment to verify whether it incorporated fraud 
considerations, including probability and impact ratings, 
mitigating controls and any action plans to further mitigate 
the risk of fraud to an acceptable level. 
No exceptions noted. 
CC3.4 COSO Principle 9: The entity identifies and assesses changes that could significantly impact the system of internal control. 
CC3.4.1 
As part of the risk assessment process, management 
identifies and assesses changes that could significantly 
impact the system of internal control. The assessment 
includes evaluating changes in data security, data 
integrity, scalability, and privacy. 
For a selection of quarters, inspected the completed risk 
assessment to verify whether it included an evaluation of 
changes pertaining to data security, data integrity, 
scalability, and privacy. 
No exceptions noted. 
Monitoring Activities 
CC4.1 COSO Principle 16: The entity selects, develops, and performs ongoing and/or separate evaluations to ascertain whether the components of internal control 
are present and functioning. 
CC4.1.1 
SimpleLegal conducts ongoing monitoring over internal 
controls to ensure they are adequately designed and 
operating effectively, in accordance with baseline 
requirements. These evaluations are conducted by 
knowledgeable personnel, integrate with business 
processes, consider changes in business processes, and 
vary in frequency based on associated risks. 
Inspected the results of the below monitoring tools and 
activities to verify whether they were implemented and 
monitored by management: 


2025-07-01 15:20:09,757 DEBUG Request options: {'method': 'post', 'url': '/chat/completions', 'files': None, 'idempotency_key': 'stainless-python-retry-3b5d4723-97ba-44fe-8c3e-10177d6baca2', 'json_data': {'messages': [{'role': 'user', 'content': "You are an expert at reading SOC reports. Given the following text, extract all controls tested. Controls may be listed under section headings (such as COSO or TSC sections), and control IDs may appear in many formats: e.g., 'CC9.1', 'CC 9.1', 'CC.9.1', '9.1', or as a section like 'CC9.0' with controls listed as 1, 2, 3, etc. Do your best to distinguish between section IDs and control IDs, and capture the most specific control ID for each control. For each control, extract the following fields as accurately as possible: \n- control_id: (string, the control's unique identifier as shown in the report, or null if not found)\n- control_desc: (string, the description of the control—what the company is supposed to comply with)\n- control_test: (string, what the auditor tested to determine design and operating effectiveness)\n- control_test_results: (string, the results of the test, e.g., 'No exceptions noted', 'No deviations noted', or a description of any exceptions or findings)\n- control_page_ref: (int, page number if available, else null)\n- control_line_ref: (int, line number in the text where the control was found)\nIf you cannot find a value, use null. Output a JSON array, one object per control. Do not include any explanation, markdown, or extra text.\nText:\n across the entity and analyzes risks as a basis for determining how the risks \nshould be managed. \nCC3.2.1 \nOn a quarterly basis, SimpleLegal performs a risk \nassessment, which includes the identification of relevant \ninternal and external threats, an analysis of the \nsignificance of the risks associated with those threats, a \ndetermination of appropriate risk mitigation strategies, \nand the development or modification of controls \nconsistent with the risk mitigation strategy. \nFor a selection of quarters, inspected the completed risk \nassessment to verify whether it incorporated a \ncomprehensive threat analysis, including probability and \nimpact ratings, mitigating controls, and any action plans to \nfurther mitigate risks to an acceptable level. \nNo exceptions noted. \n=== PAGE 30 ===\n\n30 \nControl # \nControl Activity Specified by SimpleLegal \nBoulay’s Test of Controls \nTest Results \nCC3.3 COSO Principle 8: The entity considers the potential for fraud in assessing risks to the achievement of objectives. \nCC3.3.1 \nAs part of the risk assessment process, management \nconsiders various types of fraud exposure, the probability \nand impact of the event occurring, the controls in place \nto mitigate the risk of fraud, and what, if any, additional \nmitigation measures are necessary.  \nFor a selection of quarters, inspected the completed risk \nassessment to verify whether it incorporated fraud \nconsiderations, including probability and impact ratings, \nmitigating controls and any action plans to further mitigate \nthe risk of fraud to an acceptable level. \nNo exceptions noted. \nCC3.4 COSO Principle 9: The entity identifies and assesses changes that could significantly impact the system of internal control. \nCC3.4.1 \nAs part of the risk assessment process, management \nidentifies and assesses changes that could significantly \nimpact the system of internal control. The assessment \nincludes evaluating changes in data security, data \nintegrity, scalability, and privacy. \nFor a selection of quarters, inspected the completed risk \nassessment to verify whether it included an evaluation of \nchanges pertaining to data security, data integrity, \nscalability, and privacy. \nNo exceptions noted. \nMonitoring Activities \nCC4.1 COSO Principle 16: The entity selects, develops, and performs ongoing and/or separate evaluations to ascertain whether the components of internal control \nare present and functioning. \nCC4.1.1 \nSimpleLegal conducts ongoing monitoring over internal \ncontrols to ensure they are adequately designed and \noperating effectively, in accordance with baseline \nrequirements. These evaluations are conducted by \nknowledgeable personnel, integrate with business \nprocesses, consider changes in business processes, and \nvary in frequency based on associated risks. \nInspected the results of the below monitoring tools and \nactivities to verify whether they were implemented and \nmonitored by management: \n\n"}], 'model': 'gpt-3.5-turbo', 'temperature': 0.0, 'top_p': 0.0}}
2025-07-01 15:20:09,758 DEBUG Sending HTTP Request: POST https://api.openai.com/v1/chat/completions
2025-07-01 15:20:09,758 DEBUG send_request_headers.started request=<Request [b'POST']>
2025-07-01 15:20:09,759 DEBUG send_request_headers.complete
2025-07-01 15:20:09,759 DEBUG send_request_body.started request=<Request [b'POST']>
2025-07-01 15:20:09,759 DEBUG send_request_body.complete
2025-07-01 15:20:09,759 DEBUG receive_response_headers.started request=<Request [b'POST']>
2025-07-01 15:20:10,027 DEBUG receive_response_headers.complete return_value=(b'HTTP/1.1', 200, b'OK', [(b'Date', b'Tue, 01 Jul 2025 19:20:09 GMT'), (b'Content-Type', b'application/json'), (b'Transfer-Encoding', b'chunked'), (b'Connection', b'keep-alive'), (b'access-control-expose-headers', b'X-Request-ID'), (b'openai-organization', b'user-58hzvdaaovkznpa7grjzxtja'), (b'openai-processing-ms', b'4464'), (b'openai-version', b'2020-10-01'), (b'x-envoy-upstream-service-time', b'4468'), (b'x-ratelimit-limit-requests', b'5000'), (b'x-ratelimit-limit-tokens', b'4000000'), (b'x-ratelimit-remaining-requests', b'4999'), (b'x-ratelimit-remaining-tokens', b'3998943'), (b'x-ratelimit-reset-requests', b'12ms'), (b'x-ratelimit-reset-tokens', b'15ms'), (b'x-request-id', b'req_fa29e74324a6c0aa685049f8e69f5e0f'), (b'strict-transport-security', b'max-age=31536000; includeSubDomains; preload'), (b'cf-cache-status', b'DYNAMIC'), (b'Set-Cookie', b'__cf_bm=RsPx1MFOD.2FZvKbPXQGG9m0LXYMQN4_jURJa7CE2_0-1751397609-1.0.1.1-l2mxWxwi.Cjoy_SyFqLENNq6KcYgolcl.zlGG.FqapRi7mcETv4P_P08aLM.c_Dk29EfHVxwl96FlRdNSQbXHD97c3SXCLT2xs4k2WjBYmU; path=/; expires=Tue, 01-Jul-25 19:50:09 GMT; domain=.api.openai.com; HttpOnly; Secure; SameSite=None'), (b'X-Content-Type-Options', b'nosniff'), (b'Set-Cookie', b'_cfuvid=cn4YwMmKmooAL4jYtmw.i6wlurfzm_mNH94k0vq.lk8-1751397609185-0.0.1.1-604800000; path=/; domain=.api.openai.com; HttpOnly; Secure; SameSite=None'), (b'Server', b'cloudflare'), (b'CF-RAY', b'95884232590e8f4b-ORD'), (b'Content-Encoding', b'gzip'), (b'alt-svc', b'h3=":443"; ma=86400')])
2025-07-01 15:20:10,028 INFO HTTP Request: POST https://api.openai.com/v1/chat/completions "HTTP/1.1 200 OK"
2025-07-01 15:20:10,028 DEBUG receive_response_body.started request=<Request [b'POST']>
2025-07-01 15:20:10,037 DEBUG receive_response_body.complete
2025-07-01 15:20:10,038 DEBUG response_closed.started
2025-07-01 15:20:10,038 DEBUG response_closed.complete
2025-07-01 15:20:10,038 DEBUG HTTP Response: POST https://api.openai.com/v1/chat/completions "200 OK" Headers([('date', 'Tue, 01 Jul 2025 19:20:09 GMT'), ('content-type', 'application/json'), ('transfer-encoding', 'chunked'), ('connection', 'keep-alive'), ('access-control-expose-headers', 'X-Request-ID'), ('openai-organization', 'user-58hzvdaaovkznpa7grjzxtja'), ('openai-processing-ms', '4464'), ('openai-version', '2020-10-01'), ('x-envoy-upstream-service-time', '4468'), ('x-ratelimit-limit-requests', '5000'), ('x-ratelimit-limit-tokens', '4000000'), ('x-ratelimit-remaining-requests', '4999'), ('x-ratelimit-remaining-tokens', '3998943'), ('x-ratelimit-reset-requests', '12ms'), ('x-ratelimit-reset-tokens', '15ms'), ('x-request-id', 'req_fa29e74324a6c0aa685049f8e69f5e0f'), ('strict-transport-security', 'max-age=31536000; includeSubDomains; preload'), ('cf-cache-status', 'DYNAMIC'), ('set-cookie', '__cf_bm=RsPx1MFOD.2FZvKbPXQGG9m0LXYMQN4_jURJa7CE2_0-1751397609-1.0.1.1-l2mxWxwi.Cjoy_SyFqLENNq6KcYgolcl.zlGG.FqapRi7mcETv4P_P08aLM.c_Dk29EfHVxwl96FlRdNSQbXHD97c3SXCLT2xs4k2WjBYmU; path=/; expires=Tue, 01-Jul-25 19:50:09 GMT; domain=.api.openai.com; HttpOnly; Secure; SameSite=None'), ('x-content-type-options', 'nosniff'), ('set-cookie', '_cfuvid=cn4YwMmKmooAL4jYtmw.i6wlurfzm_mNH94k0vq.lk8-1751397609185-0.0.1.1-604800000; path=/; domain=.api.openai.com; HttpOnly; Secure; SameSite=None'), ('server', 'cloudflare'), ('cf-ray', '95884232590e8f4b-ORD'), ('content-encoding', 'gzip'), ('alt-svc', 'h3=":443"; ma=86400')])
2025-07-01 15:20:10,038 DEBUG request_id: req_fa29e74324a6c0aa685049f8e69f5e0f
2025-07-01 15:20:10,040 DEBUG Chunk 4 response: [
    {
        "control_id": "CC2.2.2",
        "control_desc": "SimpleLegal employees are required to complete information security awareness training upon hire and on at least an annual basis thereafter.",
        "control_test": "For all new hires during the period, inspected security training completion certificates to verify whether training was completed upon hire. For a selection of active personnel during the period, inspected security training completion certificates to verify whether training was completed annually.",
        "control_test_results": "No exceptions noted.",
        "control_page_ref": 29,
        "control_line_ref": 0
    },
    {
        "control_id": "CC2.2.3",
        "control_desc": "SimpleLegal provides a process for employees and contractors to report security failures, incidents and concerns, and other complaints to management.",
        "control_test": "Inspected the Incident Reporting and Response Policy to verify whether it provided a process for employees and contractors to report security failures, incidents and concerns, and other complaints to management.",
        "control_test_results": "No exceptions noted.",
        "control_page_ref": null,
        "control_line_ref": null
    },
    {
        "control_id": "CC2.3.1",
        "control_desc": "SimpleLegal enables inbound communications from customers and other stakeholders by maintaining contact information on their website for general inquiries, customer support, partnerships, and public relations.",
        "control_test": "Inspected the SimpleLegal website to verify whether contact information was available for general inquiries, customer support, partnerships, and public relations. Inspected a test submission to the SimpleLegal support channel to verify whether it was actively monitored and managed by the support team.",
        "control_test_results": "No exceptions noted.",
        "control_page_ref": 29,
        "control_line_ref": 0
    },
    {
        "control_id": "CC2.3.2",
        "control_desc": "Objective descriptions of SimpleLegal’s system and its boundaries are available to authorized external users and customers.",
        "control_test": "Inspected the Company website to verify whether objective descriptions of SimpleLegal’s system and its boundaries were available to authorized external users and customers.",
        "control_test_results": "No exceptions noted.",
        "control_page_ref": null,
        "control_line_ref": null
    },
    {
        "control_id": "CC2.3.3",
        "control_desc": "SimpleLegal maintains an updated Terms of Service and Service Level Agreement on its website that communicates the Company's commitment to security, availability, and confidentiality to external users.",
        "control_test": "Inspected the SimpleLegal Terms of Service and Service Level Agreement to verify whether it demonstrated the Company's security, availability, and confidentiality commitments.",
        "control_test_results": "No exceptions noted.",
        "control_page_ref": null,
        "control_line_ref": null
    }
]
2025-07-01 15:20:10,040 INFO CHUNK 4 EXTRACTED 5 CONTROLS
2025-07-01 15:20:10,040 INFO PROCESSING CHUNK 7:
CHUNK TEXT (first 500 chars):
 security, data 
integrity, scalability, and privacy. 
For a selection of quarters, inspected the completed risk 
assessment to verify whether it included an evaluation of 
changes pertaining to data security, data integrity, 
scalability, and privacy. 
No exceptions noted. 
Monitoring Activities 
CC4.1 COSO Principle 16: The entity selects, develops, and performs ongoing and/or separate evaluations to ascertain whether the components of internal control 
are present and functioning. 
CC4.1.1 
S
2025-07-01 15:20:10,040 INFO CHUNK 7 PROMPT:
You are an expert at reading SOC reports. Given the following text, extract all controls tested. Controls may be listed under section headings (such as COSO or TSC sections), and control IDs may appear in many formats: e.g., 'CC9.1', 'CC 9.1', 'CC.9.1', '9.1', or as a section like 'CC9.0' with controls listed as 1, 2, 3, etc. Do your best to distinguish between section IDs and control IDs, and capture the most specific control ID for each control. For each control, extract the following fields as accurately as possible: 
- control_id: (string, the control's unique identifier as shown in the report, or null if not found)
- control_desc: (string, the description of the control—what the company is supposed to comply with)
- control_test: (string, what the auditor tested to determine design and operating effectiveness)
- control_test_results: (string, the results of the test, e.g., 'No exceptions noted', 'No deviations noted', or a description of any exceptions or findings)
- control_page_ref: (int, page number if available, else null)
- control_line_ref: (int, line number in the text where the control was found)
If you cannot find a value, use null. Output a JSON array, one object per control. Do not include any explanation, markdown, or extra text.
Text:
 security, data 
integrity, scalability, and privacy. 
For a selection of quarters, inspected the completed risk 
assessment to verify whether it included an evaluation of 
changes pertaining to data security, data integrity, 
scalability, and privacy. 
No exceptions noted. 
Monitoring Activities 
CC4.1 COSO Principle 16: The entity selects, develops, and performs ongoing and/or separate evaluations to ascertain whether the components of internal control 
are present and functioning. 
CC4.1.1 
SimpleLegal conducts ongoing monitoring over internal 
controls to ensure they are adequately designed and 
operating effectively, in accordance with baseline 
requirements. These evaluations are conducted by 
knowledgeable personnel, integrate with business 
processes, consider changes in business processes, and 
vary in frequency based on associated risks. 
Inspected the results of the below monitoring tools and 
activities to verify whether they were implemented and 
monitored by management: 
• 
Web application penetration testing 
• 
Vulnerability scanning 
• 
Intrusion detection systems 
• 
Phishing campaigns 
No exceptions noted. 
CC4.1.2 
SimpleLegal engages a qualified third-party security firm 
to conduct penetration tests of its web application at 
least annually. Results are reviewed by management 
and high priority findings are remediated in a timely 
manner. 
Inspected the web application penetration test results to 
verify whether it was completed by a qualified third-party 
security firm. 
For all high severity findings, inspected the letter of 
attestation to verify whether SimpleLegal remediated the 
findings in a timely manner. 
No exceptions noted. 
=== PAGE 31 ===

31 
Control # 
Control Activity Specified by SimpleLegal 
Boulay’s Test of Controls 
Test Results 
CC4.1.3 
SimpleLegal has implemented a vulnerability 
management program to detect and remediate system 
vulnerabilities in software packages used in the 
Company’s infrastructure. System patching is performed 
on a periodic basis by the infrastructure team for proper 
vulnerability mitigation. 
For a selection of months during the period, inspected the 
Probely vulnerability scanning reports to verify whether 
SimpleLegal had implemented a vulnerability management 
program to detect and remediate system vulnerabilities in 
software packages. 
Per inspection of the Probely vulnerability scanning reports, 
noted that there were no vulnerabilities that required 
patching. Therefore, further testing was not applicable. 
No exceptions noted. 
CC4.1.4 
SimpleLegal uses intrusion detection systems that 
continuously monitor for malicious activity and 
unauthorized behavior related to AWS accounts, 
workloads, and data. 
Inspected the GuardDuty and CrowdStrike intrusion 
detection systems to verify whether they were implemented 
to monitor for malicious activity and unauthorized behavior 
related to AWS accounts, workloads

2025-07-01 15:20:10,043 DEBUG Request options: {'method': 'post', 'url': '/chat/completions', 'files': None, 'idempotency_key': 'stainless-python-retry-4dc768fb-6836-438d-85a8-dba47d0a7e41', 'json_data': {'messages': [{'role': 'user', 'content': "You are an expert at reading SOC reports. Given the following text, extract all controls tested. Controls may be listed under section headings (such as COSO or TSC sections), and control IDs may appear in many formats: e.g., 'CC9.1', 'CC 9.1', 'CC.9.1', '9.1', or as a section like 'CC9.0' with controls listed as 1, 2, 3, etc. Do your best to distinguish between section IDs and control IDs, and capture the most specific control ID for each control. For each control, extract the following fields as accurately as possible: \n- control_id: (string, the control's unique identifier as shown in the report, or null if not found)\n- control_desc: (string, the description of the control—what the company is supposed to comply with)\n- control_test: (string, what the auditor tested to determine design and operating effectiveness)\n- control_test_results: (string, the results of the test, e.g., 'No exceptions noted', 'No deviations noted', or a description of any exceptions or findings)\n- control_page_ref: (int, page number if available, else null)\n- control_line_ref: (int, line number in the text where the control was found)\nIf you cannot find a value, use null. Output a JSON array, one object per control. Do not include any explanation, markdown, or extra text.\nText:\n security, data \nintegrity, scalability, and privacy. \nFor a selection of quarters, inspected the completed risk \nassessment to verify whether it included an evaluation of \nchanges pertaining to data security, data integrity, \nscalability, and privacy. \nNo exceptions noted. \nMonitoring Activities \nCC4.1 COSO Principle 16: The entity selects, develops, and performs ongoing and/or separate evaluations to ascertain whether the components of internal control \nare present and functioning. \nCC4.1.1 \nSimpleLegal conducts ongoing monitoring over internal \ncontrols to ensure they are adequately designed and \noperating effectively, in accordance with baseline \nrequirements. These evaluations are conducted by \nknowledgeable personnel, integrate with business \nprocesses, consider changes in business processes, and \nvary in frequency based on associated risks. \nInspected the results of the below monitoring tools and \nactivities to verify whether they were implemented and \nmonitored by management: \n• \nWeb application penetration testing \n• \nVulnerability scanning \n• \nIntrusion detection systems \n• \nPhishing campaigns \nNo exceptions noted. \nCC4.1.2 \nSimpleLegal engages a qualified third-party security firm \nto conduct penetration tests of its web application at \nleast annually. Results are reviewed by management \nand high priority findings are remediated in a timely \nmanner. \nInspected the web application penetration test results to \nverify whether it was completed by a qualified third-party \nsecurity firm. \nFor all high severity findings, inspected the letter of \nattestation to verify whether SimpleLegal remediated the \nfindings in a timely manner. \nNo exceptions noted. \n=== PAGE 31 ===\n\n31 \nControl # \nControl Activity Specified by SimpleLegal \nBoulay’s Test of Controls \nTest Results \nCC4.1.3 \nSimpleLegal has implemented a vulnerability \nmanagement program to detect and remediate system \nvulnerabilities in software packages used in the \nCompany’s infrastructure. System patching is performed \non a periodic basis by the infrastructure team for proper \nvulnerability mitigation. \nFor a selection of months during the period, inspected the \nProbely vulnerability scanning reports to verify whether \nSimpleLegal had implemented a vulnerability management \nprogram to detect and remediate system vulnerabilities in \nsoftware packages. \nPer inspection of the Probely vulnerability scanning reports, \nnoted that there were no vulnerabilities that required \npatching. Therefore, further testing was not applicable. \nNo exceptions noted. \nCC4.1.4 \nSimpleLegal uses intrusion detection systems that \ncontinuously monitor for malicious activity and \nunauthorized behavior related to AWS accounts, \nworkloads, and data. \nInspected the GuardDuty and CrowdStrike intrusion \ndetection systems to verify whether they were implemented \nto monitor for malicious activity and unauthorized behavior \nrelated to AWS accounts, workloads\n"}], 'model': 'gpt-3.5-turbo', 'temperature': 0.0, 'top_p': 0.0}}
2025-07-01 15:20:10,043 DEBUG Sending HTTP Request: POST https://api.openai.com/v1/chat/completions
2025-07-01 15:20:10,044 DEBUG send_request_headers.started request=<Request [b'POST']>
2025-07-01 15:20:10,044 DEBUG send_request_headers.complete
2025-07-01 15:20:10,044 DEBUG send_request_body.started request=<Request [b'POST']>
2025-07-01 15:20:10,044 DEBUG send_request_body.complete
2025-07-01 15:20:10,045 DEBUG receive_response_headers.started request=<Request [b'POST']>
2025-07-01 15:20:10,689 DEBUG receive_response_headers.complete return_value=(b'HTTP/1.1', 200, b'OK', [(b'Date', b'Tue, 01 Jul 2025 19:20:09 GMT'), (b'Content-Type', b'application/json'), (b'Transfer-Encoding', b'chunked'), (b'Connection', b'keep-alive'), (b'access-control-expose-headers', b'X-Request-ID'), (b'openai-organization', b'user-58hzvdaaovkznpa7grjzxtja'), (b'openai-processing-ms', b'5178'), (b'openai-version', b'2020-10-01'), (b'x-envoy-upstream-service-time', b'5184'), (b'x-ratelimit-limit-requests', b'5000'), (b'x-ratelimit-limit-tokens', b'4000000'), (b'x-ratelimit-remaining-requests', b'4999'), (b'x-ratelimit-remaining-tokens', b'3998943'), (b'x-ratelimit-reset-requests', b'12ms'), (b'x-ratelimit-reset-tokens', b'15ms'), (b'x-request-id', b'req_56059e66b13f1db1e067d772e76fdd79'), (b'strict-transport-security', b'max-age=31536000; includeSubDomains; preload'), (b'cf-cache-status', b'DYNAMIC'), (b'Set-Cookie', b'__cf_bm=JhtDWjTjRc9hv5mYhdTGRiztXtJBUgOdmEyJiXxtAu4-1751397609-1.0.1.1-KQqLxA1Mup.HVep5QRcTUe0n148HbxcFpgjBoI2_KrEXFTStkgYSV7bbQg9o1VtZKpS4nltN_qp3b545ZVGYeclJkxpptFrfJGb5dVoOr20; path=/; expires=Tue, 01-Jul-25 19:50:09 GMT; domain=.api.openai.com; HttpOnly; Secure; SameSite=None'), (b'X-Content-Type-Options', b'nosniff'), (b'Set-Cookie', b'_cfuvid=HCcf9ivHhXQF5I0lRcKx_zTHc6Tijku0s0ptTGeHtsw-1751397609839-0.0.1.1-604800000; path=/; domain=.api.openai.com; HttpOnly; Secure; SameSite=None'), (b'Server', b'cloudflare'), (b'CF-RAY', b'958842324df38f4d-ORD'), (b'Content-Encoding', b'gzip'), (b'alt-svc', b'h3=":443"; ma=86400')])
2025-07-01 15:20:10,690 INFO HTTP Request: POST https://api.openai.com/v1/chat/completions "HTTP/1.1 200 OK"
2025-07-01 15:20:10,690 DEBUG receive_response_body.started request=<Request [b'POST']>
2025-07-01 15:20:10,690 DEBUG receive_response_body.complete
2025-07-01 15:20:10,690 DEBUG response_closed.started
2025-07-01 15:20:10,690 DEBUG response_closed.complete
2025-07-01 15:20:10,691 DEBUG HTTP Response: POST https://api.openai.com/v1/chat/completions "200 OK" Headers([('date', 'Tue, 01 Jul 2025 19:20:09 GMT'), ('content-type', 'application/json'), ('transfer-encoding', 'chunked'), ('connection', 'keep-alive'), ('access-control-expose-headers', 'X-Request-ID'), ('openai-organization', 'user-58hzvdaaovkznpa7grjzxtja'), ('openai-processing-ms', '5178'), ('openai-version', '2020-10-01'), ('x-envoy-upstream-service-time', '5184'), ('x-ratelimit-limit-requests', '5000'), ('x-ratelimit-limit-tokens', '4000000'), ('x-ratelimit-remaining-requests', '4999'), ('x-ratelimit-remaining-tokens', '3998943'), ('x-ratelimit-reset-requests', '12ms'), ('x-ratelimit-reset-tokens', '15ms'), ('x-request-id', 'req_56059e66b13f1db1e067d772e76fdd79'), ('strict-transport-security', 'max-age=31536000; includeSubDomains; preload'), ('cf-cache-status', 'DYNAMIC'), ('set-cookie', '__cf_bm=JhtDWjTjRc9hv5mYhdTGRiztXtJBUgOdmEyJiXxtAu4-1751397609-1.0.1.1-KQqLxA1Mup.HVep5QRcTUe0n148HbxcFpgjBoI2_KrEXFTStkgYSV7bbQg9o1VtZKpS4nltN_qp3b545ZVGYeclJkxpptFrfJGb5dVoOr20; path=/; expires=Tue, 01-Jul-25 19:50:09 GMT; domain=.api.openai.com; HttpOnly; Secure; SameSite=None'), ('x-content-type-options', 'nosniff'), ('set-cookie', '_cfuvid=HCcf9ivHhXQF5I0lRcKx_zTHc6Tijku0s0ptTGeHtsw-1751397609839-0.0.1.1-604800000; path=/; domain=.api.openai.com; HttpOnly; Secure; SameSite=None'), ('server', 'cloudflare'), ('cf-ray', '958842324df38f4d-ORD'), ('content-encoding', 'gzip'), ('alt-svc', 'h3=":443"; ma=86400')])
2025-07-01 15:20:10,691 DEBUG request_id: req_56059e66b13f1db1e067d772e76fdd79
2025-07-01 15:20:10,693 DEBUG Chunk 1 response: [
    {
        "control_id": null,
        "control_desc": "verify whether the Board of Directors met on a quarterly basis to discuss Company performance, strategic objectives, and information security matters.",
        "control_test": null,
        "control_test_results": "No exceptions noted.",
        "control_page_ref": null,
        "control_line_ref": null
    },
    {
        "control_id": "CC1.3.1",
        "control_desc": "SimpleLegal maintains an updated organizational chart that establishes structure, reporting lines, and delegation of authority and responsibility across the Company.",
        "control_test": "Inspected the organizational chart to verify whether it established the structure, reporting lines, and delegation of authority and responsibility across the Company.",
        "control_test_results": "No exceptions noted.",
        "control_page_ref": null,
        "control_line_ref": null
    },
    {
        "control_id": "CC1.3.2",
        "control_desc": "SimpleLegal\u2019s executive leadership meets on a monthly basis to discuss operations, issues relating to internal controls, and delivery on key performance metrics.",
        "control_test": "For a selection of months, inspected executive leadership meeting invitations and agendas to verify whether they included discussions regarding operations, issues relating to internal controls, and delivery on key performance metrics.",
        "control_test_results": "No exceptions noted.",
        "control_page_ref": null,
        "control_line_ref": null
    },
    {
        "control_id": "CC1.3.3",
        "control_desc": "SimpleLegal has an assigned security team that is responsible for the design, implementation, and oversight of the Company\u2019s security policies and procedures. The security team communicates important information security events to management and the Board of Directors in a timely manner.",
        "control_test": "Inspected the Incident Reporting and Response Policy to verify whether a security team had been formally designated, along with clearly defined roles and responsibilities. For a selection of quarters during the period, inspected the Board of Directors meeting invitation and notes to verify whether a member of the security team was present to communicate important information security events to management and the Board of Directors.",
        "control_test_results": "No exceptions noted.",
        "control_page_ref": 27,
        "control_line_ref": 27
    },
    {
        "control_id": "CC1.4.1",
        "control_desc": "All positions have a detailed job description that lists qualifications, such as required skills and experience, which candidates must meet in order to be hired by SimpleLegal.",
        "control_test": "Inspected the Onit careers website to verify whether open positions had job descriptions that listed the qualifications Onit was seeking for the role.",
        "control_test_results": "No exceptions noted.",
        "control_page_ref": null,
        "control_line_ref": null
    },
    {
        "control_id": "CC1.4.2",
        "control_desc": "SimpleLegal performs background checks on new employees prior to hire, as permitted by local laws. The results are reviewed by Human Resources and appropriate action is taken if deemed necessary.",
        "control_test": "For all new hires during the period, inspected the completed background check report to verify whether each individual had a comprehensive background check.",
        "control_test_results": null,
        "control_page_ref": null,
        "control_line_ref": null
    }
]
2025-07-01 15:20:10,693 INFO CHUNK 1 EXTRACTED 6 CONTROLS
2025-07-01 15:20:10,693 INFO PROCESSING CHUNK 8:
CHUNK TEXT (first 500 chars):
packages used in the 
Company’s infrastructure. System patching is performed 
on a periodic basis by the infrastructure team for proper 
vulnerability mitigation. 
For a selection of months during the period, inspected the 
Probely vulnerability scanning reports to verify whether 
SimpleLegal had implemented a vulnerability management 
program to detect and remediate system vulnerabilities in 
software packages. 
Per inspection of the Probely vulnerability scanning reports, 
noted that there wer
2025-07-01 15:20:10,693 INFO CHUNK 8 PROMPT:
You are an expert at reading SOC reports. Given the following text, extract all controls tested. Controls may be listed under section headings (such as COSO or TSC sections), and control IDs may appear in many formats: e.g., 'CC9.1', 'CC 9.1', 'CC.9.1', '9.1', or as a section like 'CC9.0' with controls listed as 1, 2, 3, etc. Do your best to distinguish between section IDs and control IDs, and capture the most specific control ID for each control. For each control, extract the following fields as accurately as possible: 
- control_id: (string, the control's unique identifier as shown in the report, or null if not found)
- control_desc: (string, the description of the control—what the company is supposed to comply with)
- control_test: (string, what the auditor tested to determine design and operating effectiveness)
- control_test_results: (string, the results of the test, e.g., 'No exceptions noted', 'No deviations noted', or a description of any exceptions or findings)
- control_page_ref: (int, page number if available, else null)
- control_line_ref: (int, line number in the text where the control was found)
If you cannot find a value, use null. Output a JSON array, one object per control. Do not include any explanation, markdown, or extra text.
Text:
packages used in the 
Company’s infrastructure. System patching is performed 
on a periodic basis by the infrastructure team for proper 
vulnerability mitigation. 
For a selection of months during the period, inspected the 
Probely vulnerability scanning reports to verify whether 
SimpleLegal had implemented a vulnerability management 
program to detect and remediate system vulnerabilities in 
software packages. 
Per inspection of the Probely vulnerability scanning reports, 
noted that there were no vulnerabilities that required 
patching. Therefore, further testing was not applicable. 
No exceptions noted. 
CC4.1.4 
SimpleLegal uses intrusion detection systems that 
continuously monitor for malicious activity and 
unauthorized behavior related to AWS accounts, 
workloads, and data. 
Inspected the GuardDuty and CrowdStrike intrusion 
detection systems to verify whether they were implemented 
to monitor for malicious activity and unauthorized behavior 
related to AWS accounts, workloads, and data. 
No exceptions noted. 
CC4.1.5 
SimpleLegal has established a formalized phishing 
prevention and monitoring campaign to evaluate 
employee response to potential social engineering 
attacks. Personnel who fail the phishing simulations are 
subject to additional training.  
Inspected the Mimecast security platform to verify whether it 
was used to conduct phishing testing on SimpleLegal 
employees and contractors during the period. 
Inspected the post-failure training emails to verify whether 
additional security training was provided to personnel who 
failed phishing tests during the period. 
No exceptions noted. 
CC4.2 COSO Principle 17: The entity evaluates and communicates internal control deficiencies in a timely manner to those parties responsible for taking corrective 
action, including senior management and board of directors, as appropriate. 
CC4.2.1 
Management assesses the results of ongoing and 
separate evaluations. Deficiencies are communicated to 
relevant parties for corrective action, and management 
tracks whether the deficiencies are remediated in a 
timely manner. 
For all high severity findings from the penetration test, 
inspected the letter of attestation to verify whether 
SimpleLegal remediated the findings in a timely manner. 
Inspected the post-failure training emails to verify whether 
additional security training was provided to personnel who 
failed phishing tests during the period. 
Per inspection of the Probely vulnerability scanning reports, 
noted that there were no vulnerabilities that required 
patching. Therefore, further testing was not applicable. 
No exceptions noted. 
=== PAGE 32 ===

32 
Control # 
Control Activity Specified by SimpleLegal 
Boulay’s Test of Controls 
Test Results 
Control Activities 
CC5.1 COSO Principle 10: The entity selects and develops control activities that contribute to the mitigation of risks to the achievement of objectives 

2025-07-01 15:20:10,696 DEBUG Request options: {'method': 'post', 'url': '/chat/completions', 'files': None, 'idempotency_key': 'stainless-python-retry-402adcd4-e1d5-4acd-83cf-d1a800aaf169', 'json_data': {'messages': [{'role': 'user', 'content': "You are an expert at reading SOC reports. Given the following text, extract all controls tested. Controls may be listed under section headings (such as COSO or TSC sections), and control IDs may appear in many formats: e.g., 'CC9.1', 'CC 9.1', 'CC.9.1', '9.1', or as a section like 'CC9.0' with controls listed as 1, 2, 3, etc. Do your best to distinguish between section IDs and control IDs, and capture the most specific control ID for each control. For each control, extract the following fields as accurately as possible: \n- control_id: (string, the control's unique identifier as shown in the report, or null if not found)\n- control_desc: (string, the description of the control—what the company is supposed to comply with)\n- control_test: (string, what the auditor tested to determine design and operating effectiveness)\n- control_test_results: (string, the results of the test, e.g., 'No exceptions noted', 'No deviations noted', or a description of any exceptions or findings)\n- control_page_ref: (int, page number if available, else null)\n- control_line_ref: (int, line number in the text where the control was found)\nIf you cannot find a value, use null. Output a JSON array, one object per control. Do not include any explanation, markdown, or extra text.\nText:\npackages used in the \nCompany’s infrastructure. System patching is performed \non a periodic basis by the infrastructure team for proper \nvulnerability mitigation. \nFor a selection of months during the period, inspected the \nProbely vulnerability scanning reports to verify whether \nSimpleLegal had implemented a vulnerability management \nprogram to detect and remediate system vulnerabilities in \nsoftware packages. \nPer inspection of the Probely vulnerability scanning reports, \nnoted that there were no vulnerabilities that required \npatching. Therefore, further testing was not applicable. \nNo exceptions noted. \nCC4.1.4 \nSimpleLegal uses intrusion detection systems that \ncontinuously monitor for malicious activity and \nunauthorized behavior related to AWS accounts, \nworkloads, and data. \nInspected the GuardDuty and CrowdStrike intrusion \ndetection systems to verify whether they were implemented \nto monitor for malicious activity and unauthorized behavior \nrelated to AWS accounts, workloads, and data. \nNo exceptions noted. \nCC4.1.5 \nSimpleLegal has established a formalized phishing \nprevention and monitoring campaign to evaluate \nemployee response to potential social engineering \nattacks. Personnel who fail the phishing simulations are \nsubject to additional training.  \nInspected the Mimecast security platform to verify whether it \nwas used to conduct phishing testing on SimpleLegal \nemployees and contractors during the period. \nInspected the post-failure training emails to verify whether \nadditional security training was provided to personnel who \nfailed phishing tests during the period. \nNo exceptions noted. \nCC4.2 COSO Principle 17: The entity evaluates and communicates internal control deficiencies in a timely manner to those parties responsible for taking corrective \naction, including senior management and board of directors, as appropriate. \nCC4.2.1 \nManagement assesses the results of ongoing and \nseparate evaluations. Deficiencies are communicated to \nrelevant parties for corrective action, and management \ntracks whether the deficiencies are remediated in a \ntimely manner. \nFor all high severity findings from the penetration test, \ninspected the letter of attestation to verify whether \nSimpleLegal remediated the findings in a timely manner. \nInspected the post-failure training emails to verify whether \nadditional security training was provided to personnel who \nfailed phishing tests during the period. \nPer inspection of the Probely vulnerability scanning reports, \nnoted that there were no vulnerabilities that required \npatching. Therefore, further testing was not applicable. \nNo exceptions noted. \n=== PAGE 32 ===\n\n32 \nControl # \nControl Activity Specified by SimpleLegal \nBoulay’s Test of Controls \nTest Results \nControl Activities \nCC5.1 COSO Principle 10: The entity selects and develops control activities that contribute to the mitigation of risks to the achievement of objectives \n"}], 'model': 'gpt-3.5-turbo', 'temperature': 0.0, 'top_p': 0.0}}
2025-07-01 15:20:10,697 DEBUG Sending HTTP Request: POST https://api.openai.com/v1/chat/completions
2025-07-01 15:20:10,698 DEBUG send_request_headers.started request=<Request [b'POST']>
2025-07-01 15:20:10,698 DEBUG send_request_headers.complete
2025-07-01 15:20:10,698 DEBUG send_request_body.started request=<Request [b'POST']>
2025-07-01 15:20:10,699 DEBUG send_request_body.complete
2025-07-01 15:20:10,699 DEBUG receive_response_headers.started request=<Request [b'POST']>
2025-07-01 15:20:14,487 DEBUG receive_response_headers.complete return_value=(b'HTTP/1.1', 200, b'OK', [(b'Date', b'Tue, 01 Jul 2025 19:20:13 GMT'), (b'Content-Type', b'application/json'), (b'Transfer-Encoding', b'chunked'), (b'Connection', b'keep-alive'), (b'access-control-expose-headers', b'X-Request-ID'), (b'openai-organization', b'user-58hzvdaaovkznpa7grjzxtja'), (b'openai-processing-ms', b'3399'), (b'openai-version', b'2020-10-01'), (b'x-envoy-upstream-service-time', b'3415'), (b'x-ratelimit-limit-requests', b'5000'), (b'x-ratelimit-limit-tokens', b'4000000'), (b'x-ratelimit-remaining-requests', b'4999'), (b'x-ratelimit-remaining-tokens', b'3998944'), (b'x-ratelimit-reset-requests', b'12ms'), (b'x-ratelimit-reset-tokens', b'15ms'), (b'x-request-id', b'req_8aa000a2864522004ad2cd09018dc66e'), (b'strict-transport-security', b'max-age=31536000; includeSubDomains; preload'), (b'cf-cache-status', b'DYNAMIC'), (b'X-Content-Type-Options', b'nosniff'), (b'Server', b'cloudflare'), (b'CF-RAY', b'95884255fc628f4d-ORD'), (b'Content-Encoding', b'gzip'), (b'alt-svc', b'h3=":443"; ma=86400')])
2025-07-01 15:20:14,488 INFO HTTP Request: POST https://api.openai.com/v1/chat/completions "HTTP/1.1 200 OK"
2025-07-01 15:20:14,488 DEBUG receive_response_body.started request=<Request [b'POST']>
2025-07-01 15:20:14,488 DEBUG receive_response_body.complete
2025-07-01 15:20:14,488 DEBUG response_closed.started
2025-07-01 15:20:14,489 DEBUG response_closed.complete
2025-07-01 15:20:14,489 DEBUG HTTP Response: POST https://api.openai.com/v1/chat/completions "200 OK" Headers({'date': 'Tue, 01 Jul 2025 19:20:13 GMT', 'content-type': 'application/json', 'transfer-encoding': 'chunked', 'connection': 'keep-alive', 'access-control-expose-headers': 'X-Request-ID', 'openai-organization': 'user-58hzvdaaovkznpa7grjzxtja', 'openai-processing-ms': '3399', 'openai-version': '2020-10-01', 'x-envoy-upstream-service-time': '3415', 'x-ratelimit-limit-requests': '5000', 'x-ratelimit-limit-tokens': '4000000', 'x-ratelimit-remaining-requests': '4999', 'x-ratelimit-remaining-tokens': '3998944', 'x-ratelimit-reset-requests': '12ms', 'x-ratelimit-reset-tokens': '15ms', 'x-request-id': 'req_8aa000a2864522004ad2cd09018dc66e', 'strict-transport-security': 'max-age=31536000; includeSubDomains; preload', 'cf-cache-status': 'DYNAMIC', 'x-content-type-options': 'nosniff', 'server': 'cloudflare', 'cf-ray': '95884255fc628f4d-ORD', 'content-encoding': 'gzip', 'alt-svc': 'h3=":443"; ma=86400'})
2025-07-01 15:20:14,489 DEBUG request_id: req_8aa000a2864522004ad2cd09018dc66e
2025-07-01 15:20:14,491 DEBUG Chunk 8 response: [
    {
        "control_id": "CC4.1.4",
        "control_desc": "SimpleLegal uses intrusion detection systems that continuously monitor for malicious activity and unauthorized behavior related to AWS accounts, workloads, and data.",
        "control_test": "Inspected the GuardDuty and CrowdStrike intrusion detection systems to verify whether they were implemented to monitor for malicious activity and unauthorized behavior related to AWS accounts, workloads, and data.",
        "control_test_results": "No exceptions noted.",
        "control_page_ref": null,
        "control_line_ref": 13
    },
    {
        "control_id": "CC4.1.5",
        "control_desc": "SimpleLegal has established a formalized phishing prevention and monitoring campaign to evaluate employee response to potential social engineering attacks. Personnel who fail the phishing simulations are subject to additional training.",
        "control_test": "Inspected the Mimecast security platform to verify whether it was used to conduct phishing testing on SimpleLegal employees and contractors during the period.",
        "control_test_results": "No exceptions noted.",
        "control_page_ref": null,
        "control_line_ref": 26
    },
    {
        "control_id": "CC4.1.5",
        "control_desc": "SimpleLegal has established a formalized phishing prevention and monitoring campaign to evaluate employee response to potential social engineering attacks. Personnel who fail the phishing simulations are subject to additional training.",
        "control_test": "Inspected the post-failure training emails to verify whether additional security training was provided to personnel who failed phishing tests during the period.",
        "control_test_results": "No exceptions noted.",
        "control_page_ref": null,
        "control_line_ref": 30
    },
    {
        "control_id": "CC4.2.1",
        "control_desc": "Management assesses the results of ongoing and separate evaluations. Deficiencies are communicated to relevant parties for corrective action, and management tracks whether the deficiencies are remediated in a timely manner.",
        "control_test": "For all high severity findings from the penetration test, inspected the letter of attestation to verify whether SimpleLegal remediated the findings in a timely manner.",
        "control_test_results": "No exceptions noted.",
        "control_page_ref": null,
        "control_line_ref": 47
    }
]
2025-07-01 15:20:14,491 INFO CHUNK 8 EXTRACTED 4 CONTROLS
2025-07-01 15:20:14,491 INFO PROCESSING CHUNK 9:
CHUNK TEXT (first 500 chars):
arate evaluations. Deficiencies are communicated to 
relevant parties for corrective action, and management 
tracks whether the deficiencies are remediated in a 
timely manner. 
For all high severity findings from the penetration test, 
inspected the letter of attestation to verify whether 
SimpleLegal remediated the findings in a timely manner. 
Inspected the post-failure training emails to verify whether 
additional security training was provided to personnel who 
failed phishing tests during 
2025-07-01 15:20:14,491 INFO CHUNK 9 PROMPT:
You are an expert at reading SOC reports. Given the following text, extract all controls tested. Controls may be listed under section headings (such as COSO or TSC sections), and control IDs may appear in many formats: e.g., 'CC9.1', 'CC 9.1', 'CC.9.1', '9.1', or as a section like 'CC9.0' with controls listed as 1, 2, 3, etc. Do your best to distinguish between section IDs and control IDs, and capture the most specific control ID for each control. For each control, extract the following fields as accurately as possible: 
- control_id: (string, the control's unique identifier as shown in the report, or null if not found)
- control_desc: (string, the description of the control—what the company is supposed to comply with)
- control_test: (string, what the auditor tested to determine design and operating effectiveness)
- control_test_results: (string, the results of the test, e.g., 'No exceptions noted', 'No deviations noted', or a description of any exceptions or findings)
- control_page_ref: (int, page number if available, else null)
- control_line_ref: (int, line number in the text where the control was found)
If you cannot find a value, use null. Output a JSON array, one object per control. Do not include any explanation, markdown, or extra text.
Text:
arate evaluations. Deficiencies are communicated to 
relevant parties for corrective action, and management 
tracks whether the deficiencies are remediated in a 
timely manner. 
For all high severity findings from the penetration test, 
inspected the letter of attestation to verify whether 
SimpleLegal remediated the findings in a timely manner. 
Inspected the post-failure training emails to verify whether 
additional security training was provided to personnel who 
failed phishing tests during the period. 
Per inspection of the Probely vulnerability scanning reports, 
noted that there were no vulnerabilities that required 
patching. Therefore, further testing was not applicable. 
No exceptions noted. 
=== PAGE 32 ===

32 
Control # 
Control Activity Specified by SimpleLegal 
Boulay’s Test of Controls 
Test Results 
Control Activities 
CC5.1 COSO Principle 10: The entity selects and develops control activities that contribute to the mitigation of risks to the achievement of objectives to acceptable 
levels. 
CC5.1.1 
As part of the risk assessment process, management 
ensures that adequate controls are in place to mitigate 
the identified risks to an acceptable level. Considerations 
in the identification and implementation of control 
activities include entity-specific factors, relevant business 
processes, incorporating a mix of control activity types 
(manual, automated, preventive, detective), and 
segregation of duties. 
For a selection of quarters, inspected the completed risk 
assessment and the organizational policies and procedures 
to verify whether they included a suite of internal controls 
that were designed to mitigate the identified risks to an 
acceptable level. 
For a selection of quarters, inspected the completed risk 
assessment and the organizational policies and procedures 
to verify whether they incorporated a mix of control activity 
types, such as manual, automated, preventive, and 
detective controls, including segregation of duties. 
No exceptions noted. 
CC5.2 COSO Principle 11: The entity also selects and develops general control activities over technology to support the achievement of objectives. 
CC5.2.1 
SimpleLegal maintains a suite of Information Technology 
General Controls (ITGCs) to support the achievement of 
objectives. These ITGCs are identified as part of the 
annual risk assessment completed by management and 
cover areas such as technology infrastructure and 
security management as well as technology acquisition, 
development, and maintenance. 
For a selection of quarters, inspected the completed risk 
assessment and the organizational policies and procedures 
to verify whether a comprehensive suite of ITGCs was 
implemented. 
No exceptions noted. 
CC5.3 COSO Principle 12: The entity deploys control activities through policies that establish what is expected and in procedures that put policies into action. 
CC5.3.1 
SimpleLegal maintains upd

2025-07-01 15:20:14,493 DEBUG Request options: {'method': 'post', 'url': '/chat/completions', 'files': None, 'idempotency_key': 'stainless-python-retry-5474f879-0240-45d1-bda5-69f7d61028bf', 'json_data': {'messages': [{'role': 'user', 'content': "You are an expert at reading SOC reports. Given the following text, extract all controls tested. Controls may be listed under section headings (such as COSO or TSC sections), and control IDs may appear in many formats: e.g., 'CC9.1', 'CC 9.1', 'CC.9.1', '9.1', or as a section like 'CC9.0' with controls listed as 1, 2, 3, etc. Do your best to distinguish between section IDs and control IDs, and capture the most specific control ID for each control. For each control, extract the following fields as accurately as possible: \n- control_id: (string, the control's unique identifier as shown in the report, or null if not found)\n- control_desc: (string, the description of the control—what the company is supposed to comply with)\n- control_test: (string, what the auditor tested to determine design and operating effectiveness)\n- control_test_results: (string, the results of the test, e.g., 'No exceptions noted', 'No deviations noted', or a description of any exceptions or findings)\n- control_page_ref: (int, page number if available, else null)\n- control_line_ref: (int, line number in the text where the control was found)\nIf you cannot find a value, use null. Output a JSON array, one object per control. Do not include any explanation, markdown, or extra text.\nText:\narate evaluations. Deficiencies are communicated to \nrelevant parties for corrective action, and management \ntracks whether the deficiencies are remediated in a \ntimely manner. \nFor all high severity findings from the penetration test, \ninspected the letter of attestation to verify whether \nSimpleLegal remediated the findings in a timely manner. \nInspected the post-failure training emails to verify whether \nadditional security training was provided to personnel who \nfailed phishing tests during the period. \nPer inspection of the Probely vulnerability scanning reports, \nnoted that there were no vulnerabilities that required \npatching. Therefore, further testing was not applicable. \nNo exceptions noted. \n=== PAGE 32 ===\n\n32 \nControl # \nControl Activity Specified by SimpleLegal \nBoulay’s Test of Controls \nTest Results \nControl Activities \nCC5.1 COSO Principle 10: The entity selects and develops control activities that contribute to the mitigation of risks to the achievement of objectives to acceptable \nlevels. \nCC5.1.1 \nAs part of the risk assessment process, management \nensures that adequate controls are in place to mitigate \nthe identified risks to an acceptable level. Considerations \nin the identification and implementation of control \nactivities include entity-specific factors, relevant business \nprocesses, incorporating a mix of control activity types \n(manual, automated, preventive, detective), and \nsegregation of duties. \nFor a selection of quarters, inspected the completed risk \nassessment and the organizational policies and procedures \nto verify whether they included a suite of internal controls \nthat were designed to mitigate the identified risks to an \nacceptable level. \nFor a selection of quarters, inspected the completed risk \nassessment and the organizational policies and procedures \nto verify whether they incorporated a mix of control activity \ntypes, such as manual, automated, preventive, and \ndetective controls, including segregation of duties. \nNo exceptions noted. \nCC5.2 COSO Principle 11: The entity also selects and develops general control activities over technology to support the achievement of objectives. \nCC5.2.1 \nSimpleLegal maintains a suite of Information Technology \nGeneral Controls (ITGCs) to support the achievement of \nobjectives. These ITGCs are identified as part of the \nannual risk assessment completed by management and \ncover areas such as technology infrastructure and \nsecurity management as well as technology acquisition, \ndevelopment, and maintenance. \nFor a selection of quarters, inspected the completed risk \nassessment and the organizational policies and procedures \nto verify whether a comprehensive suite of ITGCs was \nimplemented. \nNo exceptions noted. \nCC5.3 COSO Principle 12: The entity deploys control activities through policies that establish what is expected and in procedures that put policies into action. \nCC5.3.1 \nSimpleLegal maintains upd\n"}], 'model': 'gpt-3.5-turbo', 'temperature': 0.0, 'top_p': 0.0}}
2025-07-01 15:20:14,494 DEBUG Sending HTTP Request: POST https://api.openai.com/v1/chat/completions
2025-07-01 15:20:14,495 DEBUG send_request_headers.started request=<Request [b'POST']>
2025-07-01 15:20:14,495 DEBUG send_request_headers.complete
2025-07-01 15:20:14,495 DEBUG send_request_body.started request=<Request [b'POST']>
2025-07-01 15:20:14,495 DEBUG send_request_body.complete
2025-07-01 15:20:14,495 DEBUG receive_response_headers.started request=<Request [b'POST']>
2025-07-01 15:20:16,719 DEBUG receive_response_headers.complete return_value=(b'HTTP/1.1', 200, b'OK', [(b'Date', b'Tue, 01 Jul 2025 19:20:15 GMT'), (b'Content-Type', b'application/json'), (b'Transfer-Encoding', b'chunked'), (b'Connection', b'keep-alive'), (b'access-control-expose-headers', b'X-Request-ID'), (b'openai-organization', b'user-58hzvdaaovkznpa7grjzxtja'), (b'openai-processing-ms', b'11108'), (b'openai-version', b'2020-10-01'), (b'x-envoy-upstream-service-time', b'11119'), (b'x-ratelimit-limit-requests', b'5000'), (b'x-ratelimit-limit-tokens', b'4000000'), (b'x-ratelimit-remaining-requests', b'4999'), (b'x-ratelimit-remaining-tokens', b'3998943'), (b'x-ratelimit-reset-requests', b'12ms'), (b'x-ratelimit-reset-tokens', b'15ms'), (b'x-request-id', b'req_aaff1c579d17df4364157cc91e0c2bcd'), (b'strict-transport-security', b'max-age=31536000; includeSubDomains; preload'), (b'cf-cache-status', b'DYNAMIC'), (b'Set-Cookie', b'__cf_bm=LtaGV9tS.rwMcEjvhJ3zzn96N5Y4ZKQw0lxQAplV_sQ-1751397615-1.0.1.1-h8cHuWkFEzpidLOUxuxijj41iVJ4ydKGiekEYCRiWveojvp1_pCClvmSVhIKDo7eM_TK4yGVv0NxG5ChRV4lcE8s6.qZVDQWr__4zdMrlco; path=/; expires=Tue, 01-Jul-25 19:50:15 GMT; domain=.api.openai.com; HttpOnly; Secure; SameSite=None'), (b'X-Content-Type-Options', b'nosniff'), (b'Set-Cookie', b'_cfuvid=See8H6O1LQL6PXpQqhHfSfsC6WJDpjvsILwOpFLjpjA-1751397615877-0.0.1.1-604800000; path=/; domain=.api.openai.com; HttpOnly; Secure; SameSite=None'), (b'Server', b'cloudflare'), (b'CF-RAY', b'95884232981a111e-ORD'), (b'Content-Encoding', b'gzip'), (b'alt-svc', b'h3=":443"; ma=86400')])
2025-07-01 15:20:16,720 INFO HTTP Request: POST https://api.openai.com/v1/chat/completions "HTTP/1.1 200 OK"
2025-07-01 15:20:16,720 DEBUG receive_response_body.started request=<Request [b'POST']>
2025-07-01 15:20:16,720 DEBUG receive_response_body.complete
2025-07-01 15:20:16,720 DEBUG response_closed.started
2025-07-01 15:20:16,720 DEBUG response_closed.complete
2025-07-01 15:20:16,720 DEBUG HTTP Response: POST https://api.openai.com/v1/chat/completions "200 OK" Headers([('date', 'Tue, 01 Jul 2025 19:20:15 GMT'), ('content-type', 'application/json'), ('transfer-encoding', 'chunked'), ('connection', 'keep-alive'), ('access-control-expose-headers', 'X-Request-ID'), ('openai-organization', 'user-58hzvdaaovkznpa7grjzxtja'), ('openai-processing-ms', '11108'), ('openai-version', '2020-10-01'), ('x-envoy-upstream-service-time', '11119'), ('x-ratelimit-limit-requests', '5000'), ('x-ratelimit-limit-tokens', '4000000'), ('x-ratelimit-remaining-requests', '4999'), ('x-ratelimit-remaining-tokens', '3998943'), ('x-ratelimit-reset-requests', '12ms'), ('x-ratelimit-reset-tokens', '15ms'), ('x-request-id', 'req_aaff1c579d17df4364157cc91e0c2bcd'), ('strict-transport-security', 'max-age=31536000; includeSubDomains; preload'), ('cf-cache-status', 'DYNAMIC'), ('set-cookie', '__cf_bm=LtaGV9tS.rwMcEjvhJ3zzn96N5Y4ZKQw0lxQAplV_sQ-1751397615-1.0.1.1-h8cHuWkFEzpidLOUxuxijj41iVJ4ydKGiekEYCRiWveojvp1_pCClvmSVhIKDo7eM_TK4yGVv0NxG5ChRV4lcE8s6.qZVDQWr__4zdMrlco; path=/; expires=Tue, 01-Jul-25 19:50:15 GMT; domain=.api.openai.com; HttpOnly; Secure; SameSite=None'), ('x-content-type-options', 'nosniff'), ('set-cookie', '_cfuvid=See8H6O1LQL6PXpQqhHfSfsC6WJDpjvsILwOpFLjpjA-1751397615877-0.0.1.1-604800000; path=/; domain=.api.openai.com; HttpOnly; Secure; SameSite=None'), ('server', 'cloudflare'), ('cf-ray', '95884232981a111e-ORD'), ('content-encoding', 'gzip'), ('alt-svc', 'h3=":443"; ma=86400')])
2025-07-01 15:20:16,720 DEBUG request_id: req_aaff1c579d17df4364157cc91e0c2bcd
2025-07-01 15:20:16,722 DEBUG Chunk 0 response: [
    {
        "control_id": "CC1.1.1",
        "control_desc": "SimpleLegal has established a Code of Conduct policy that is acknowledged by all new employees and full-time contractors upon hire. This policy outlines expectations the Company has set related to ethics and standards of conduct. Additionally, this policy outlines processes that management has established to evaluate adherence to standards of conduct and address deviations in a timely manner.",
        "control_test": "Inspected the Employee Handbook to verify whether it outlined expectations around ethical conduct for employees and contractors, as well as disciplinary actions if the policy is violated. For all new hires during the period, inspected the signed handbook to verify whether each individual had acknowledged and accepted the Code of Conduct policy.",
        "control_test_results": "No exceptions noted.",
        "control_page_ref": 26,
        "control_line_ref": 10
    },
    {
        "control_id": "CC1.2.1",
        "control_desc": "SimpleLegal is a subsidiary of Onit, whose leaders have relevant skills and industry expertise that enable them to provide independent oversight over management.",
        "control_test": "Inspected Onit’s website to verify whether Onit’s executive leadership team consists of individuals with relevant skills and industry expertise that enables them to provide independent oversight over management.",
        "control_test_results": "No exceptions noted.",
        "control_page_ref": 26,
        "control_line_ref": 32
    },
    {
        "control_id": "CC1.2.2",
        "control_desc": "SimpleLegal meets with the Onit Board of Directors on at least a quarterly basis to discuss Company performance, strategic objectives, and information security matters.",
        "control_test": "For a selection of quarters during the period, inspected the Board of Directors meeting invitation and notes to verify whether the Board of Directors met on a quarterly basis to discuss Company performance, strategic objectives, and information security matters.",
        "control_test_results": "No exceptions noted.",
        "control_page_ref": 26,
        "control_line_ref": 50
    },
    {
        "control_id": "CC1.3.1",
        "control_desc": "SimpleLegal maintains an updated organizational chart that establishes structure, reporting lines, and delegation of authority and responsibility across the Company.",
        "control_test": "Inspected the organizational chart to verify whether it established the structure, reporting lines, and delegation of authority and responsibility across the Company.",
        "control_test_results": "No exceptions noted.",
        "control_page_ref": 26,
        "control_line_ref": 74
    },
    {
        "control_id": "CC1.3.2",
        "control_desc": "SimpleLegal’s executive leadership meets on a monthly basis to discuss operations, issues relating to internal controls, and delivery on key performance metrics.",
        "control_test": "For a selection of months, inspected executive leadership meeting invitations and agendas to verify",
        "control_test_results": null,
        "control_page_ref": 26,
        "control_line_ref": 92
    }
]
2025-07-01 15:20:16,723 INFO CHUNK 0 EXTRACTED 5 CONTROLS
2025-07-01 15:20:16,723 INFO PROCESSING CHUNK 10:
CHUNK TEXT (first 500 chars):
and 
detective controls, including segregation of duties. 
No exceptions noted. 
CC5.2 COSO Principle 11: The entity also selects and develops general control activities over technology to support the achievement of objectives. 
CC5.2.1 
SimpleLegal maintains a suite of Information Technology 
General Controls (ITGCs) to support the achievement of 
objectives. These ITGCs are identified as part of the 
annual risk assessment completed by management and 
cover areas such as technology infrastruct
2025-07-01 15:20:16,723 INFO CHUNK 10 PROMPT:
You are an expert at reading SOC reports. Given the following text, extract all controls tested. Controls may be listed under section headings (such as COSO or TSC sections), and control IDs may appear in many formats: e.g., 'CC9.1', 'CC 9.1', 'CC.9.1', '9.1', or as a section like 'CC9.0' with controls listed as 1, 2, 3, etc. Do your best to distinguish between section IDs and control IDs, and capture the most specific control ID for each control. For each control, extract the following fields as accurately as possible: 
- control_id: (string, the control's unique identifier as shown in the report, or null if not found)
- control_desc: (string, the description of the control—what the company is supposed to comply with)
- control_test: (string, what the auditor tested to determine design and operating effectiveness)
- control_test_results: (string, the results of the test, e.g., 'No exceptions noted', 'No deviations noted', or a description of any exceptions or findings)
- control_page_ref: (int, page number if available, else null)
- control_line_ref: (int, line number in the text where the control was found)
If you cannot find a value, use null. Output a JSON array, one object per control. Do not include any explanation, markdown, or extra text.
Text:
and 
detective controls, including segregation of duties. 
No exceptions noted. 
CC5.2 COSO Principle 11: The entity also selects and develops general control activities over technology to support the achievement of objectives. 
CC5.2.1 
SimpleLegal maintains a suite of Information Technology 
General Controls (ITGCs) to support the achievement of 
objectives. These ITGCs are identified as part of the 
annual risk assessment completed by management and 
cover areas such as technology infrastructure and 
security management as well as technology acquisition, 
development, and maintenance. 
For a selection of quarters, inspected the completed risk 
assessment and the organizational policies and procedures 
to verify whether a comprehensive suite of ITGCs was 
implemented. 
No exceptions noted. 
CC5.3 COSO Principle 12: The entity deploys control activities through policies that establish what is expected and in procedures that put policies into action. 
CC5.3.1 
SimpleLegal maintains updated policies and procedures 
that incorporate control activities across the organization. 
These policies and procedures establish requirements 
pertaining to timely performance of controls, taking 
corrective action on control deficiencies, and ensuring 
that competent personnel are accountable for control 
execution. 
Inspected the organizational policies and procedures to 
determine whether they incorporated a comprehensive suite 
of internal controls, outlined roles and responsibilities for 
control performance, and established requirements related 
to the timely remediation of control deficiencies. 
No exceptions noted. 
=== PAGE 33 ===

33 
Control # 
Control Activity Specified by SimpleLegal 
Boulay’s Test of Controls 
Test Results 
Logical and Physical Access Controls 
CC6.1: The entity implements logical access security software, infrastructure, and architectures over protected information assets to protect them from security 
events to meet the entity’s objectives. 
CC6.1.1 
SimpleLegal maintains an updated inventory of 
information assets within the organization. 
Inspected SimpleLegal's information asset inventory to 
verify whether a comprehensive inventory of information 
assets was documented. 
No exceptions noted. 
CC6.1.2 
Access to SimpleLegal’s infrastructure and sensitive 
systems/applications requires complex passwords and 
multi-factor authentication (MFA). 
Inspected the OneLogin configuration settings to verify 
whether complex passwords and MFA were required to 
access SimpleLegal’s infrastructure and sensitive 
systems/applications. 
No exceptions noted. 
CC6.1.3 
SimpleLegal utilizes AWS Key Management Service 
(KMS) to securely create and manage keys and control 
the use of encryption across its cloud-based 
environment. 
Inspected the AWS dashboard to verify whether KMS was 
used to create and manage encryption keys across 
SimpleLegal's cloud-based environment. 
No except

2025-07-01 15:20:16,726 DEBUG Request options: {'method': 'post', 'url': '/chat/completions', 'files': None, 'idempotency_key': 'stainless-python-retry-566b5aa5-77c1-41de-b59d-cf57972cb4e3', 'json_data': {'messages': [{'role': 'user', 'content': "You are an expert at reading SOC reports. Given the following text, extract all controls tested. Controls may be listed under section headings (such as COSO or TSC sections), and control IDs may appear in many formats: e.g., 'CC9.1', 'CC 9.1', 'CC.9.1', '9.1', or as a section like 'CC9.0' with controls listed as 1, 2, 3, etc. Do your best to distinguish between section IDs and control IDs, and capture the most specific control ID for each control. For each control, extract the following fields as accurately as possible: \n- control_id: (string, the control's unique identifier as shown in the report, or null if not found)\n- control_desc: (string, the description of the control—what the company is supposed to comply with)\n- control_test: (string, what the auditor tested to determine design and operating effectiveness)\n- control_test_results: (string, the results of the test, e.g., 'No exceptions noted', 'No deviations noted', or a description of any exceptions or findings)\n- control_page_ref: (int, page number if available, else null)\n- control_line_ref: (int, line number in the text where the control was found)\nIf you cannot find a value, use null. Output a JSON array, one object per control. Do not include any explanation, markdown, or extra text.\nText:\nand \ndetective controls, including segregation of duties. \nNo exceptions noted. \nCC5.2 COSO Principle 11: The entity also selects and develops general control activities over technology to support the achievement of objectives. \nCC5.2.1 \nSimpleLegal maintains a suite of Information Technology \nGeneral Controls (ITGCs) to support the achievement of \nobjectives. These ITGCs are identified as part of the \nannual risk assessment completed by management and \ncover areas such as technology infrastructure and \nsecurity management as well as technology acquisition, \ndevelopment, and maintenance. \nFor a selection of quarters, inspected the completed risk \nassessment and the organizational policies and procedures \nto verify whether a comprehensive suite of ITGCs was \nimplemented. \nNo exceptions noted. \nCC5.3 COSO Principle 12: The entity deploys control activities through policies that establish what is expected and in procedures that put policies into action. \nCC5.3.1 \nSimpleLegal maintains updated policies and procedures \nthat incorporate control activities across the organization. \nThese policies and procedures establish requirements \npertaining to timely performance of controls, taking \ncorrective action on control deficiencies, and ensuring \nthat competent personnel are accountable for control \nexecution. \nInspected the organizational policies and procedures to \ndetermine whether they incorporated a comprehensive suite \nof internal controls, outlined roles and responsibilities for \ncontrol performance, and established requirements related \nto the timely remediation of control deficiencies. \nNo exceptions noted. \n=== PAGE 33 ===\n\n33 \nControl # \nControl Activity Specified by SimpleLegal \nBoulay’s Test of Controls \nTest Results \nLogical and Physical Access Controls \nCC6.1: The entity implements logical access security software, infrastructure, and architectures over protected information assets to protect them from security \nevents to meet the entity’s objectives. \nCC6.1.1 \nSimpleLegal maintains an updated inventory of \ninformation assets within the organization. \nInspected SimpleLegal's information asset inventory to \nverify whether a comprehensive inventory of information \nassets was documented. \nNo exceptions noted. \nCC6.1.2 \nAccess to SimpleLegal’s infrastructure and sensitive \nsystems/applications requires complex passwords and \nmulti-factor authentication (MFA). \nInspected the OneLogin configuration settings to verify \nwhether complex passwords and MFA were required to \naccess SimpleLegal’s infrastructure and sensitive \nsystems/applications. \nNo exceptions noted. \nCC6.1.3 \nSimpleLegal utilizes AWS Key Management Service \n(KMS) to securely create and manage keys and control \nthe use of encryption across its cloud-based \nenvironment. \nInspected the AWS dashboard to verify whether KMS was \nused to create and manage encryption keys across \nSimpleLegal's cloud-based environment. \nNo except\n"}], 'model': 'gpt-3.5-turbo', 'temperature': 0.0, 'top_p': 0.0}}
2025-07-01 15:20:16,727 DEBUG Sending HTTP Request: POST https://api.openai.com/v1/chat/completions
2025-07-01 15:20:16,727 DEBUG send_request_headers.started request=<Request [b'POST']>
2025-07-01 15:20:16,728 DEBUG send_request_headers.complete
2025-07-01 15:20:16,728 DEBUG send_request_body.started request=<Request [b'POST']>
2025-07-01 15:20:16,728 DEBUG send_request_body.complete
2025-07-01 15:20:16,728 DEBUG receive_response_headers.started request=<Request [b'POST']>
2025-07-01 15:20:18,731 DEBUG receive_response_headers.complete return_value=(b'HTTP/1.1', 200, b'OK', [(b'Date', b'Tue, 01 Jul 2025 19:20:17 GMT'), (b'Content-Type', b'application/json'), (b'Transfer-Encoding', b'chunked'), (b'Connection', b'keep-alive'), (b'access-control-expose-headers', b'X-Request-ID'), (b'openai-organization', b'user-58hzvdaaovkznpa7grjzxtja'), (b'openai-processing-ms', b'4017'), (b'openai-version', b'2020-10-01'), (b'x-envoy-upstream-service-time', b'4025'), (b'x-ratelimit-limit-requests', b'5000'), (b'x-ratelimit-limit-tokens', b'4000000'), (b'x-ratelimit-remaining-requests', b'4999'), (b'x-ratelimit-remaining-tokens', b'3998943'), (b'x-ratelimit-reset-requests', b'12ms'), (b'x-ratelimit-reset-tokens', b'15ms'), (b'x-request-id', b'req_21bac861758718fef616f1ac6a36a521'), (b'strict-transport-security', b'max-age=31536000; includeSubDomains; preload'), (b'cf-cache-status', b'DYNAMIC'), (b'X-Content-Type-Options', b'nosniff'), (b'Server', b'cloudflare'), (b'CF-RAY', b'9588426d9afe8f4d-ORD'), (b'Content-Encoding', b'gzip'), (b'alt-svc', b'h3=":443"; ma=86400')])
2025-07-01 15:20:18,731 INFO HTTP Request: POST https://api.openai.com/v1/chat/completions "HTTP/1.1 200 OK"
2025-07-01 15:20:18,731 DEBUG receive_response_body.started request=<Request [b'POST']>
2025-07-01 15:20:18,734 DEBUG receive_response_body.complete
2025-07-01 15:20:18,734 DEBUG response_closed.started
2025-07-01 15:20:18,734 DEBUG response_closed.complete
2025-07-01 15:20:18,735 DEBUG HTTP Response: POST https://api.openai.com/v1/chat/completions "200 OK" Headers({'date': 'Tue, 01 Jul 2025 19:20:17 GMT', 'content-type': 'application/json', 'transfer-encoding': 'chunked', 'connection': 'keep-alive', 'access-control-expose-headers': 'X-Request-ID', 'openai-organization': 'user-58hzvdaaovkznpa7grjzxtja', 'openai-processing-ms': '4017', 'openai-version': '2020-10-01', 'x-envoy-upstream-service-time': '4025', 'x-ratelimit-limit-requests': '5000', 'x-ratelimit-limit-tokens': '4000000', 'x-ratelimit-remaining-requests': '4999', 'x-ratelimit-remaining-tokens': '3998943', 'x-ratelimit-reset-requests': '12ms', 'x-ratelimit-reset-tokens': '15ms', 'x-request-id': 'req_21bac861758718fef616f1ac6a36a521', 'strict-transport-security': 'max-age=31536000; includeSubDomains; preload', 'cf-cache-status': 'DYNAMIC', 'x-content-type-options': 'nosniff', 'server': 'cloudflare', 'cf-ray': '9588426d9afe8f4d-ORD', 'content-encoding': 'gzip', 'alt-svc': 'h3=":443"; ma=86400'})
2025-07-01 15:20:18,735 DEBUG request_id: req_21bac861758718fef616f1ac6a36a521
2025-07-01 15:20:18,736 DEBUG Chunk 9 response: [
    {
        "control_id": "CC5.1.1",
        "control_desc": "As part of the risk assessment process, management ensures that adequate controls are in place to mitigate the identified risks to an acceptable level. Considerations in the identification and implementation of control activities include entity-specific factors, relevant business processes, incorporating a mix of control activity types (manual, automated, preventive, detective), and segregation of duties.",
        "control_test": "For a selection of quarters, inspected the completed risk assessment and the organizational policies and procedures to verify whether they included a suite of internal controls that were designed to mitigate the identified risks to an acceptable level.",
        "control_test_results": "No exceptions noted.",
        "control_page_ref": 32,
        "control_line_ref": 32
    },
    {
        "control_id": "CC5.1.1",
        "control_desc": "As part of the risk assessment process, management ensures that adequate controls are in place to mitigate the identified risks to an acceptable level. Considerations in the identification and implementation of control activities include entity-specific factors, relevant business processes, incorporating a mix of control activity types (manual, automated, preventive, detective), and segregation of duties.",
        "control_test": "For a selection of quarters, inspected the completed risk assessment and the organizational policies and procedures to verify whether they incorporated a mix of control activity types, such as manual, automated, preventive, and detective controls, including segregation of duties.",
        "control_test_results": "No exceptions noted.",
        "control_page_ref": 32,
        "control_line_ref": 32
    },
    {
        "control_id": "CC5.2.1",
        "control_desc": "SimpleLegal maintains a suite of Information Technology General Controls (ITGCs) to support the achievement of objectives. These ITGCs are identified as part of the annual risk assessment completed by management and cover areas such as technology infrastructure and security management as well as technology acquisition, development, and maintenance.",
        "control_test": "For a selection of quarters, inspected the completed risk assessment and the organizational policies and procedures to verify whether a comprehensive suite of ITGCs was implemented.",
        "control_test_results": "No exceptions noted.",
        "control_page_ref": 32,
        "control_line_ref": 32
    },
    {
        "control_id": "CC5.3.1",
        "control_desc": "SimpleLegal maintains upd",
        "control_test": null,
        "control_test_results": null,
        "control_page_ref": null,
        "control_line_ref": null
    }
]
2025-07-01 15:20:18,736 INFO CHUNK 9 EXTRACTED 4 CONTROLS
2025-07-01 15:20:18,736 INFO PROCESSING CHUNK 11:
CHUNK TEXT (first 500 chars):
 from security 
events to meet the entity’s objectives. 
CC6.1.1 
SimpleLegal maintains an updated inventory of 
information assets within the organization. 
Inspected SimpleLegal's information asset inventory to 
verify whether a comprehensive inventory of information 
assets was documented. 
No exceptions noted. 
CC6.1.2 
Access to SimpleLegal’s infrastructure and sensitive 
systems/applications requires complex passwords and 
multi-factor authentication (MFA). 
Inspected the OneLogin configur
2025-07-01 15:20:18,737 INFO CHUNK 11 PROMPT:
You are an expert at reading SOC reports. Given the following text, extract all controls tested. Controls may be listed under section headings (such as COSO or TSC sections), and control IDs may appear in many formats: e.g., 'CC9.1', 'CC 9.1', 'CC.9.1', '9.1', or as a section like 'CC9.0' with controls listed as 1, 2, 3, etc. Do your best to distinguish between section IDs and control IDs, and capture the most specific control ID for each control. For each control, extract the following fields as accurately as possible: 
- control_id: (string, the control's unique identifier as shown in the report, or null if not found)
- control_desc: (string, the description of the control—what the company is supposed to comply with)
- control_test: (string, what the auditor tested to determine design and operating effectiveness)
- control_test_results: (string, the results of the test, e.g., 'No exceptions noted', 'No deviations noted', or a description of any exceptions or findings)
- control_page_ref: (int, page number if available, else null)
- control_line_ref: (int, line number in the text where the control was found)
If you cannot find a value, use null. Output a JSON array, one object per control. Do not include any explanation, markdown, or extra text.
Text:
 from security 
events to meet the entity’s objectives. 
CC6.1.1 
SimpleLegal maintains an updated inventory of 
information assets within the organization. 
Inspected SimpleLegal's information asset inventory to 
verify whether a comprehensive inventory of information 
assets was documented. 
No exceptions noted. 
CC6.1.2 
Access to SimpleLegal’s infrastructure and sensitive 
systems/applications requires complex passwords and 
multi-factor authentication (MFA). 
Inspected the OneLogin configuration settings to verify 
whether complex passwords and MFA were required to 
access SimpleLegal’s infrastructure and sensitive 
systems/applications. 
No exceptions noted. 
CC6.1.3 
SimpleLegal utilizes AWS Key Management Service 
(KMS) to securely create and manage keys and control 
the use of encryption across its cloud-based 
environment. 
Inspected the AWS dashboard to verify whether KMS was 
used to create and manage encryption keys across 
SimpleLegal's cloud-based environment. 
No exceptions noted. 
CC6.1.4 
SimpleLegal utilizes Virtual Private Clouds (VPCs) and 
sub-networks (subnets) to achieve network segmentation 
in its AWS cloud-based environment.  
Inspected the AWS dashboard to verify whether VPCs and 
subnets were utilized to achieve network segmentation 
within the AWS cloud-based environment. 
No exceptions noted. 
CC6.1.5 
SimpleLegal utilizes the AWS Identity and Access 
Management (IAM) console to securely manage access 
to AWS services and resources. IAM enables the 
Company to create and manage AWS users/groups and 
define use permissions that allow and deny access to 
AWS resources.  
Inspected the AWS dashboard to verify whether IAM tools 
were used to securely manage access to services and 
resources in AWS. 
No exceptions noted. 
CC6.1.6 
SimpleLegal encrypts data at rest through server-side 
encryption (SSE) using AES-256. 
Inspected the AWS database configurations to verify 
whether production data was encrypted at rest using AES-
256. 
No exceptions noted. 
CC6.1.7 
SimpleLegal maintains active SHA-256 encryption 
certificates for its web application to ensure secure 
connections for its users.  
Inspected SimpleLegal's web application login page to verify 
whether an active SHA-256 encryption certificate was in 
place. 
No exceptions noted. 
CC6.1.8 
SimpleLegal encrypts all employee and contractor 
workstations with full disk encryption. 
Inspected the Jamf Pro dashboard to verify whether all 
employee and contractor workstations had full disk 
encryption enabled. 
No exceptions noted. 
=== PAGE 34 ===

34 
Control # 
Control Activity Specified by SimpleLegal 
Boulay’s Test of Controls 
Test Results 
CC6.1.9 
Administrative and privileged access rights are restricted 
to authorized personnel using a role-based access 
scheme, in accordance with the principle of least 
privilege. 
Inspected administrative access rights for SimpleLegal's 
critical applications a

2025-07-01 15:20:18,739 DEBUG Request options: {'method': 'post', 'url': '/chat/completions', 'files': None, 'idempotency_key': 'stainless-python-retry-0adb5fef-6a5f-452d-90a0-1660c8611093', 'json_data': {'messages': [{'role': 'user', 'content': "You are an expert at reading SOC reports. Given the following text, extract all controls tested. Controls may be listed under section headings (such as COSO or TSC sections), and control IDs may appear in many formats: e.g., 'CC9.1', 'CC 9.1', 'CC.9.1', '9.1', or as a section like 'CC9.0' with controls listed as 1, 2, 3, etc. Do your best to distinguish between section IDs and control IDs, and capture the most specific control ID for each control. For each control, extract the following fields as accurately as possible: \n- control_id: (string, the control's unique identifier as shown in the report, or null if not found)\n- control_desc: (string, the description of the control—what the company is supposed to comply with)\n- control_test: (string, what the auditor tested to determine design and operating effectiveness)\n- control_test_results: (string, the results of the test, e.g., 'No exceptions noted', 'No deviations noted', or a description of any exceptions or findings)\n- control_page_ref: (int, page number if available, else null)\n- control_line_ref: (int, line number in the text where the control was found)\nIf you cannot find a value, use null. Output a JSON array, one object per control. Do not include any explanation, markdown, or extra text.\nText:\n from security \nevents to meet the entity’s objectives. \nCC6.1.1 \nSimpleLegal maintains an updated inventory of \ninformation assets within the organization. \nInspected SimpleLegal's information asset inventory to \nverify whether a comprehensive inventory of information \nassets was documented. \nNo exceptions noted. \nCC6.1.2 \nAccess to SimpleLegal’s infrastructure and sensitive \nsystems/applications requires complex passwords and \nmulti-factor authentication (MFA). \nInspected the OneLogin configuration settings to verify \nwhether complex passwords and MFA were required to \naccess SimpleLegal’s infrastructure and sensitive \nsystems/applications. \nNo exceptions noted. \nCC6.1.3 \nSimpleLegal utilizes AWS Key Management Service \n(KMS) to securely create and manage keys and control \nthe use of encryption across its cloud-based \nenvironment. \nInspected the AWS dashboard to verify whether KMS was \nused to create and manage encryption keys across \nSimpleLegal's cloud-based environment. \nNo exceptions noted. \nCC6.1.4 \nSimpleLegal utilizes Virtual Private Clouds (VPCs) and \nsub-networks (subnets) to achieve network segmentation \nin its AWS cloud-based environment.  \nInspected the AWS dashboard to verify whether VPCs and \nsubnets were utilized to achieve network segmentation \nwithin the AWS cloud-based environment. \nNo exceptions noted. \nCC6.1.5 \nSimpleLegal utilizes the AWS Identity and Access \nManagement (IAM) console to securely manage access \nto AWS services and resources. IAM enables the \nCompany to create and manage AWS users/groups and \ndefine use permissions that allow and deny access to \nAWS resources.  \nInspected the AWS dashboard to verify whether IAM tools \nwere used to securely manage access to services and \nresources in AWS. \nNo exceptions noted. \nCC6.1.6 \nSimpleLegal encrypts data at rest through server-side \nencryption (SSE) using AES-256. \nInspected the AWS database configurations to verify \nwhether production data was encrypted at rest using AES-\n256. \nNo exceptions noted. \nCC6.1.7 \nSimpleLegal maintains active SHA-256 encryption \ncertificates for its web application to ensure secure \nconnections for its users.  \nInspected SimpleLegal's web application login page to verify \nwhether an active SHA-256 encryption certificate was in \nplace. \nNo exceptions noted. \nCC6.1.8 \nSimpleLegal encrypts all employee and contractor \nworkstations with full disk encryption. \nInspected the Jamf Pro dashboard to verify whether all \nemployee and contractor workstations had full disk \nencryption enabled. \nNo exceptions noted. \n=== PAGE 34 ===\n\n34 \nControl # \nControl Activity Specified by SimpleLegal \nBoulay’s Test of Controls \nTest Results \nCC6.1.9 \nAdministrative and privileged access rights are restricted \nto authorized personnel using a role-based access \nscheme, in accordance with the principle of least \nprivilege. \nInspected administrative access rights for SimpleLegal's \ncritical applications a\n"}], 'model': 'gpt-3.5-turbo', 'temperature': 0.0, 'top_p': 0.0}}
2025-07-01 15:20:18,740 DEBUG Sending HTTP Request: POST https://api.openai.com/v1/chat/completions
2025-07-01 15:20:18,740 DEBUG send_request_headers.started request=<Request [b'POST']>
2025-07-01 15:20:18,740 DEBUG send_request_headers.complete
2025-07-01 15:20:18,740 DEBUG send_request_body.started request=<Request [b'POST']>
2025-07-01 15:20:18,741 DEBUG send_request_body.complete
2025-07-01 15:20:18,741 DEBUG receive_response_headers.started request=<Request [b'POST']>
2025-07-01 15:20:19,336 DEBUG receive_response_headers.complete return_value=(b'HTTP/1.1', 200, b'OK', [(b'Date', b'Tue, 01 Jul 2025 19:20:18 GMT'), (b'Content-Type', b'application/json'), (b'Transfer-Encoding', b'chunked'), (b'Connection', b'keep-alive'), (b'access-control-expose-headers', b'X-Request-ID'), (b'openai-organization', b'user-58hzvdaaovkznpa7grjzxtja'), (b'openai-processing-ms', b'8924'), (b'openai-version', b'2020-10-01'), (b'x-envoy-upstream-service-time', b'8935'), (b'x-ratelimit-limit-requests', b'5000'), (b'x-ratelimit-limit-tokens', b'4000000'), (b'x-ratelimit-remaining-requests', b'4999'), (b'x-ratelimit-remaining-tokens', b'3998941'), (b'x-ratelimit-reset-requests', b'12ms'), (b'x-ratelimit-reset-tokens', b'15ms'), (b'x-request-id', b'req_a3ef885ee5f4b21b5e50bf8c57381b31'), (b'strict-transport-security', b'max-age=31536000; includeSubDomains; preload'), (b'cf-cache-status', b'DYNAMIC'), (b'X-Content-Type-Options', b'nosniff'), (b'Server', b'cloudflare'), (b'CF-RAY', b'95884251daff8f4b-ORD'), (b'Content-Encoding', b'gzip'), (b'alt-svc', b'h3=":443"; ma=86400')])
2025-07-01 15:20:19,336 INFO HTTP Request: POST https://api.openai.com/v1/chat/completions "HTTP/1.1 200 OK"
2025-07-01 15:20:19,336 DEBUG receive_response_body.started request=<Request [b'POST']>
2025-07-01 15:20:19,337 DEBUG receive_response_body.complete
2025-07-01 15:20:19,337 DEBUG response_closed.started
2025-07-01 15:20:19,337 DEBUG response_closed.complete
2025-07-01 15:20:19,337 DEBUG HTTP Response: POST https://api.openai.com/v1/chat/completions "200 OK" Headers({'date': 'Tue, 01 Jul 2025 19:20:18 GMT', 'content-type': 'application/json', 'transfer-encoding': 'chunked', 'connection': 'keep-alive', 'access-control-expose-headers': 'X-Request-ID', 'openai-organization': 'user-58hzvdaaovkznpa7grjzxtja', 'openai-processing-ms': '8924', 'openai-version': '2020-10-01', 'x-envoy-upstream-service-time': '8935', 'x-ratelimit-limit-requests': '5000', 'x-ratelimit-limit-tokens': '4000000', 'x-ratelimit-remaining-requests': '4999', 'x-ratelimit-remaining-tokens': '3998941', 'x-ratelimit-reset-requests': '12ms', 'x-ratelimit-reset-tokens': '15ms', 'x-request-id': 'req_a3ef885ee5f4b21b5e50bf8c57381b31', 'strict-transport-security': 'max-age=31536000; includeSubDomains; preload', 'cf-cache-status': 'DYNAMIC', 'x-content-type-options': 'nosniff', 'server': 'cloudflare', 'cf-ray': '95884251daff8f4b-ORD', 'content-encoding': 'gzip', 'alt-svc': 'h3=":443"; ma=86400'})
2025-07-01 15:20:19,337 DEBUG request_id: req_a3ef885ee5f4b21b5e50bf8c57381b31
2025-07-01 15:20:19,339 DEBUG Chunk 7 response: [
    {
        "control_id": "CC4.1.1",
        "control_desc": "SimpleLegal conducts ongoing monitoring over internal controls to ensure they are adequately designed and operating effectively, in accordance with baseline requirements.",
        "control_test": "Inspected the results of the below monitoring tools and activities to verify whether they were implemented and monitored by management: Web application penetration testing, Vulnerability scanning, Intrusion detection systems, Phishing campaigns",
        "control_test_results": "No exceptions noted.",
        "control_page_ref": null,
        "control_line_ref": 17
    },
    {
        "control_id": "CC4.1.2",
        "control_desc": "SimpleLegal engages a qualified third-party security firm to conduct penetration tests of its web application at least annually. Results are reviewed by management and high priority findings are remediated in a timely manner.",
        "control_test": "Inspected the web application penetration test results to verify whether it was completed by a qualified third-party security firm. For all high severity findings, inspected the letter of attestation to verify whether SimpleLegal remediated the findings in a timely manner.",
        "control_test_results": "No exceptions noted.",
        "control_page_ref": null,
        "control_line_ref": 39
    },
    {
        "control_id": "CC4.1.3",
        "control_desc": "SimpleLegal has implemented a vulnerability management program to detect and remediate system vulnerabilities in software packages used in the Company’s infrastructure. System patching is performed on a periodic basis by the infrastructure team for proper vulnerability mitigation.",
        "control_test": "For a selection of months during the period, inspected the Probely vulnerability scanning reports to verify whether SimpleLegal had implemented a vulnerability management program to detect and remediate system vulnerabilities in software packages.",
        "control_test_results": "Per inspection of the Probely vulnerability scanning reports, noted that there were no vulnerabilities that required patching. Therefore, further testing was not applicable.",
        "control_page_ref": 31,
        "control_line_ref": 31
    },
    {
        "control_id": "CC4.1.4",
        "control_desc": "SimpleLegal uses intrusion detection systems that continuously monitor for malicious activity and unauthorized behavior related to AWS accounts, workloads, and data.",
        "control_test": "Inspected the GuardDuty and CrowdStrike intrusion detection systems to verify whether they were implemented to monitor for malicious activity and unauthorized behavior related to AWS accounts, workloads",
        "control_test_results": null,
        "control_page_ref": null,
        "control_line_ref": 0
    }
]
2025-07-01 15:20:19,339 INFO CHUNK 7 EXTRACTED 4 CONTROLS
2025-07-01 15:20:19,339 INFO PROCESSING CHUNK 12:
CHUNK TEXT (first 500 chars):
 production data was encrypted at rest using AES-
256. 
No exceptions noted. 
CC6.1.7 
SimpleLegal maintains active SHA-256 encryption 
certificates for its web application to ensure secure 
connections for its users.  
Inspected SimpleLegal's web application login page to verify 
whether an active SHA-256 encryption certificate was in 
place. 
No exceptions noted. 
CC6.1.8 
SimpleLegal encrypts all employee and contractor 
workstations with full disk encryption. 
Inspected the Jamf Pro dashboar
2025-07-01 15:20:19,339 INFO CHUNK 12 PROMPT:
You are an expert at reading SOC reports. Given the following text, extract all controls tested. Controls may be listed under section headings (such as COSO or TSC sections), and control IDs may appear in many formats: e.g., 'CC9.1', 'CC 9.1', 'CC.9.1', '9.1', or as a section like 'CC9.0' with controls listed as 1, 2, 3, etc. Do your best to distinguish between section IDs and control IDs, and capture the most specific control ID for each control. For each control, extract the following fields as accurately as possible: 
- control_id: (string, the control's unique identifier as shown in the report, or null if not found)
- control_desc: (string, the description of the control—what the company is supposed to comply with)
- control_test: (string, what the auditor tested to determine design and operating effectiveness)
- control_test_results: (string, the results of the test, e.g., 'No exceptions noted', 'No deviations noted', or a description of any exceptions or findings)
- control_page_ref: (int, page number if available, else null)
- control_line_ref: (int, line number in the text where the control was found)
If you cannot find a value, use null. Output a JSON array, one object per control. Do not include any explanation, markdown, or extra text.
Text:
 production data was encrypted at rest using AES-
256. 
No exceptions noted. 
CC6.1.7 
SimpleLegal maintains active SHA-256 encryption 
certificates for its web application to ensure secure 
connections for its users.  
Inspected SimpleLegal's web application login page to verify 
whether an active SHA-256 encryption certificate was in 
place. 
No exceptions noted. 
CC6.1.8 
SimpleLegal encrypts all employee and contractor 
workstations with full disk encryption. 
Inspected the Jamf Pro dashboard to verify whether all 
employee and contractor workstations had full disk 
encryption enabled. 
No exceptions noted. 
=== PAGE 34 ===

34 
Control # 
Control Activity Specified by SimpleLegal 
Boulay’s Test of Controls 
Test Results 
CC6.1.9 
Administrative and privileged access rights are restricted 
to authorized personnel using a role-based access 
scheme, in accordance with the principle of least 
privilege. 
Inspected administrative access rights for SimpleLegal's 
critical applications and cloud infrastructure to verify whether 
privileged access was limited to authorized personnel using 
a role-based access scheme, in accordance with the 
principle of least privilege. 
No exceptions noted. 
CC6.2: Prior to issuing system credentials and granting system access, the entity registers and authorizes new internal and external users whose access is 
administered by the entity. For those users whose access is administered by the entity, user system credentials are removed when user access is no longer 
authorized. 
CC6.2.1 
An authorized system administrator approves access to 
SimpleLegal systems and applications for newly hired 
personnel as well as access change requests. 
For all new hires during the period, inspected onboarding 
tickets to verify whether access rights to SimpleLegal's 
systems and applications were approved by a system 
administrator and were appropriate based on each of the 
new hires’ roles. 
For a selection of role changes during the period, inspected 
IT tickets to verify whether access rights to SimpleLegal's 
systems and applications were approved by a system 
administrator and were appropriate. 
No exceptions noted. 
CC6.2.2 
System access is removed within 48 hours upon 
employee or contractor termination.  
For a selection of terminated personnel during the period, 
inspected offboarding tickets to verify whether system 
access was removed within 48 hours of termination. 
No exceptions noted. 
CC6.2.3 
On a quarterly basis, management reviews access rights 
for all SimpleLegal personnel to ensure that system 
access is appropriate. Any access rights that are no 
longer needed are removed following this review. 
For a selection of quarters, inspected the account audit 
reports to verify whether comprehensive user access 
reviews were conducted by management during the period 
and that access rights were modified as needed, based on 
the review. 
No exceptions n

2025-07-01 15:20:19,341 DEBUG Request options: {'method': 'post', 'url': '/chat/completions', 'files': None, 'idempotency_key': 'stainless-python-retry-a00b1924-f3ec-4a1d-abf4-04a1e56004b6', 'json_data': {'messages': [{'role': 'user', 'content': "You are an expert at reading SOC reports. Given the following text, extract all controls tested. Controls may be listed under section headings (such as COSO or TSC sections), and control IDs may appear in many formats: e.g., 'CC9.1', 'CC 9.1', 'CC.9.1', '9.1', or as a section like 'CC9.0' with controls listed as 1, 2, 3, etc. Do your best to distinguish between section IDs and control IDs, and capture the most specific control ID for each control. For each control, extract the following fields as accurately as possible: \n- control_id: (string, the control's unique identifier as shown in the report, or null if not found)\n- control_desc: (string, the description of the control—what the company is supposed to comply with)\n- control_test: (string, what the auditor tested to determine design and operating effectiveness)\n- control_test_results: (string, the results of the test, e.g., 'No exceptions noted', 'No deviations noted', or a description of any exceptions or findings)\n- control_page_ref: (int, page number if available, else null)\n- control_line_ref: (int, line number in the text where the control was found)\nIf you cannot find a value, use null. Output a JSON array, one object per control. Do not include any explanation, markdown, or extra text.\nText:\n production data was encrypted at rest using AES-\n256. \nNo exceptions noted. \nCC6.1.7 \nSimpleLegal maintains active SHA-256 encryption \ncertificates for its web application to ensure secure \nconnections for its users.  \nInspected SimpleLegal's web application login page to verify \nwhether an active SHA-256 encryption certificate was in \nplace. \nNo exceptions noted. \nCC6.1.8 \nSimpleLegal encrypts all employee and contractor \nworkstations with full disk encryption. \nInspected the Jamf Pro dashboard to verify whether all \nemployee and contractor workstations had full disk \nencryption enabled. \nNo exceptions noted. \n=== PAGE 34 ===\n\n34 \nControl # \nControl Activity Specified by SimpleLegal \nBoulay’s Test of Controls \nTest Results \nCC6.1.9 \nAdministrative and privileged access rights are restricted \nto authorized personnel using a role-based access \nscheme, in accordance with the principle of least \nprivilege. \nInspected administrative access rights for SimpleLegal's \ncritical applications and cloud infrastructure to verify whether \nprivileged access was limited to authorized personnel using \na role-based access scheme, in accordance with the \nprinciple of least privilege. \nNo exceptions noted. \nCC6.2: Prior to issuing system credentials and granting system access, the entity registers and authorizes new internal and external users whose access is \nadministered by the entity. For those users whose access is administered by the entity, user system credentials are removed when user access is no longer \nauthorized. \nCC6.2.1 \nAn authorized system administrator approves access to \nSimpleLegal systems and applications for newly hired \npersonnel as well as access change requests. \nFor all new hires during the period, inspected onboarding \ntickets to verify whether access rights to SimpleLegal's \nsystems and applications were approved by a system \nadministrator and were appropriate based on each of the \nnew hires’ roles. \nFor a selection of role changes during the period, inspected \nIT tickets to verify whether access rights to SimpleLegal's \nsystems and applications were approved by a system \nadministrator and were appropriate. \nNo exceptions noted. \nCC6.2.2 \nSystem access is removed within 48 hours upon \nemployee or contractor termination.  \nFor a selection of terminated personnel during the period, \ninspected offboarding tickets to verify whether system \naccess was removed within 48 hours of termination. \nNo exceptions noted. \nCC6.2.3 \nOn a quarterly basis, management reviews access rights \nfor all SimpleLegal personnel to ensure that system \naccess is appropriate. Any access rights that are no \nlonger needed are removed following this review. \nFor a selection of quarters, inspected the account audit \nreports to verify whether comprehensive user access \nreviews were conducted by management during the period \nand that access rights were modified as needed, based on \nthe review. \nNo exceptions n\n"}], 'model': 'gpt-3.5-turbo', 'temperature': 0.0, 'top_p': 0.0}}
2025-07-01 15:20:19,342 DEBUG Sending HTTP Request: POST https://api.openai.com/v1/chat/completions
2025-07-01 15:20:19,343 DEBUG send_request_headers.started request=<Request [b'POST']>
2025-07-01 15:20:19,343 DEBUG send_request_headers.complete
2025-07-01 15:20:19,343 DEBUG send_request_body.started request=<Request [b'POST']>
2025-07-01 15:20:19,343 DEBUG send_request_body.complete
2025-07-01 15:20:19,343 DEBUG receive_response_headers.started request=<Request [b'POST']>
2025-07-01 15:20:24,898 DEBUG receive_response_headers.complete return_value=(b'HTTP/1.1', 200, b'OK', [(b'Date', b'Tue, 01 Jul 2025 19:20:24 GMT'), (b'Content-Type', b'application/json'), (b'Transfer-Encoding', b'chunked'), (b'Connection', b'keep-alive'), (b'access-control-expose-headers', b'X-Request-ID'), (b'openai-organization', b'user-58hzvdaaovkznpa7grjzxtja'), (b'openai-processing-ms', b'14955'), (b'openai-version', b'2020-10-01'), (b'x-envoy-upstream-service-time', b'14963'), (b'x-ratelimit-limit-requests', b'5000'), (b'x-ratelimit-limit-tokens', b'4000000'), (b'x-ratelimit-remaining-requests', b'4999'), (b'x-ratelimit-remaining-tokens', b'3998943'), (b'x-ratelimit-reset-requests', b'12ms'), (b'x-ratelimit-reset-tokens', b'15ms'), (b'x-request-id', b'req_877639c55b0b58a951f115593e91ec58'), (b'strict-transport-security', b'max-age=31536000; includeSubDomains; preload'), (b'cf-cache-status', b'DYNAMIC'), (b'X-Content-Type-Options', b'nosniff'), (b'Server', b'cloudflare'), (b'CF-RAY', b'9588424e3f5710a1-ORD'), (b'Content-Encoding', b'gzip'), (b'alt-svc', b'h3=":443"; ma=86400')])
2025-07-01 15:20:24,898 INFO HTTP Request: POST https://api.openai.com/v1/chat/completions "HTTP/1.1 200 OK"
2025-07-01 15:20:24,899 DEBUG receive_response_body.started request=<Request [b'POST']>
2025-07-01 15:20:24,907 DEBUG receive_response_body.complete
2025-07-01 15:20:24,907 DEBUG response_closed.started
2025-07-01 15:20:24,907 DEBUG response_closed.complete
2025-07-01 15:20:24,907 DEBUG HTTP Response: POST https://api.openai.com/v1/chat/completions "200 OK" Headers({'date': 'Tue, 01 Jul 2025 19:20:24 GMT', 'content-type': 'application/json', 'transfer-encoding': 'chunked', 'connection': 'keep-alive', 'access-control-expose-headers': 'X-Request-ID', 'openai-organization': 'user-58hzvdaaovkznpa7grjzxtja', 'openai-processing-ms': '14955', 'openai-version': '2020-10-01', 'x-envoy-upstream-service-time': '14963', 'x-ratelimit-limit-requests': '5000', 'x-ratelimit-limit-tokens': '4000000', 'x-ratelimit-remaining-requests': '4999', 'x-ratelimit-remaining-tokens': '3998943', 'x-ratelimit-reset-requests': '12ms', 'x-ratelimit-reset-tokens': '15ms', 'x-request-id': 'req_877639c55b0b58a951f115593e91ec58', 'strict-transport-security': 'max-age=31536000; includeSubDomains; preload', 'cf-cache-status': 'DYNAMIC', 'x-content-type-options': 'nosniff', 'server': 'cloudflare', 'cf-ray': '9588424e3f5710a1-ORD', 'content-encoding': 'gzip', 'alt-svc': 'h3=":443"; ma=86400'})
2025-07-01 15:20:24,907 DEBUG request_id: req_877639c55b0b58a951f115593e91ec58
2025-07-01 15:20:24,908 DEBUG Chunk 5 response: [
    {
        "control_id": "CC2.3.2",
        "control_desc": "Objective descriptions of SimpleLegal’s system and its boundaries are available to authorized external users and customers.",
        "control_test": "Inspected the Company website to verify whether objective descriptions of SimpleLegal’s system and its boundaries were available to authorized external users and customers.",
        "control_test_results": "No exceptions noted.",
        "control_page_ref": null,
        "control_line_ref": 7
    },
    {
        "control_id": "CC2.3.3",
        "control_desc": "SimpleLegal maintains an updated Terms of Service and Service Level Agreement on its website that communicates the Company's commitment to security, availability, and confidentiality to external users.",
        "control_test": "Inspected the SimpleLegal Terms of Service and Service Level Agreement to verify whether it demonstrated the Company's security, availability, and confidentiality commitments.",
        "control_test_results": "No exceptions noted.",
        "control_page_ref": null,
        "control_line_ref": 15
    },
    {
        "control_id": "CC3.1.1",
        "control_desc": "SimpleLegal maintains a risk management program that describes the processes the Company has in place to identify new business and technical risks and how those risks are mitigated.",
        "control_test": "Inspected the risk management policy to verify whether it was up-to-date and documented requirements and guidelines to performing a comprehensive risk assessment.",
        "control_test_results": "No exceptions noted.",
        "control_page_ref": null,
        "control_line_ref": 33
    },
    {
        "control_id": "CC3.1.2",
        "control_desc": "On a quarterly basis, SimpleLegal conducts an assessment on the risks related to data security, data integrity, scalability, and privacy.",
        "control_test": "For a selection of quarters, inspected the completed risk assessment to verify whether it incorporated risks and controls related to data security, data integrity, scalability, and privacy.",
        "control_test_results": "No exceptions noted.",
        "control_page_ref": null,
        "control_line_ref": 41
    },
    {
        "control_id": "CC3.2.1",
        "control_desc": "On a quarterly basis, SimpleLegal performs a risk assessment, which includes the identification of relevant internal and external threats, an analysis of the significance of the risks associated with those threats, a determination of appropriate risk mitigation strategies, and the development or modification of controls consistent with the risk mitigation strategy.",
        "control_test": "For a selection of quarters, inspected the completed risk assessment to verify whether it incorporated a comprehensive threat analysis, including probability and impact ratings, mitigating controls, and any action plans to further mitigate risks to an acceptable level.",
        "control_test_results": "No exceptions noted.",
        "control_page_ref": null,
        "control_line_ref": 49
    }
]
2025-07-01 15:20:24,909 INFO CHUNK 5 EXTRACTED 5 CONTROLS
2025-07-01 15:20:24,909 INFO PROCESSING CHUNK 13:
CHUNK TEXT (first 500 chars):
oles. 
For a selection of role changes during the period, inspected 
IT tickets to verify whether access rights to SimpleLegal's 
systems and applications were approved by a system 
administrator and were appropriate. 
No exceptions noted. 
CC6.2.2 
System access is removed within 48 hours upon 
employee or contractor termination.  
For a selection of terminated personnel during the period, 
inspected offboarding tickets to verify whether system 
access was removed within 48 hours of termination
2025-07-01 15:20:24,909 INFO CHUNK 13 PROMPT:
You are an expert at reading SOC reports. Given the following text, extract all controls tested. Controls may be listed under section headings (such as COSO or TSC sections), and control IDs may appear in many formats: e.g., 'CC9.1', 'CC 9.1', 'CC.9.1', '9.1', or as a section like 'CC9.0' with controls listed as 1, 2, 3, etc. Do your best to distinguish between section IDs and control IDs, and capture the most specific control ID for each control. For each control, extract the following fields as accurately as possible: 
- control_id: (string, the control's unique identifier as shown in the report, or null if not found)
- control_desc: (string, the description of the control—what the company is supposed to comply with)
- control_test: (string, what the auditor tested to determine design and operating effectiveness)
- control_test_results: (string, the results of the test, e.g., 'No exceptions noted', 'No deviations noted', or a description of any exceptions or findings)
- control_page_ref: (int, page number if available, else null)
- control_line_ref: (int, line number in the text where the control was found)
If you cannot find a value, use null. Output a JSON array, one object per control. Do not include any explanation, markdown, or extra text.
Text:
oles. 
For a selection of role changes during the period, inspected 
IT tickets to verify whether access rights to SimpleLegal's 
systems and applications were approved by a system 
administrator and were appropriate. 
No exceptions noted. 
CC6.2.2 
System access is removed within 48 hours upon 
employee or contractor termination.  
For a selection of terminated personnel during the period, 
inspected offboarding tickets to verify whether system 
access was removed within 48 hours of termination. 
No exceptions noted. 
CC6.2.3 
On a quarterly basis, management reviews access rights 
for all SimpleLegal personnel to ensure that system 
access is appropriate. Any access rights that are no 
longer needed are removed following this review. 
For a selection of quarters, inspected the account audit 
reports to verify whether comprehensive user access 
reviews were conducted by management during the period 
and that access rights were modified as needed, based on 
the review. 
No exceptions noted. 
CC6.3: The entity authorizes, modifies, or removes access to data, software, functions, and other protected information assets based on roles, responsibilities, or the 
system design and changes, giving consideration to the concepts of least privilege and segregation of duties, to meet the entity’s objectives. 
CC6.3.1 
An authorized system administrator approves access to 
SimpleLegal systems and applications for newly hired 
personnel as well as access change requests. 
For all new hires during the period, inspected onboarding 
tickets to verify whether access rights to SimpleLegal's 
systems and applications were approved by a system 
administrator and were appropriate based on each of the 
new hires’ roles. 
For a selection of role changes during the period, inspected 
IT tickets to verify whether access rights to SimpleLegal's 
systems and applications were approved by a system 
administrator and were appropriate. 
No exceptions noted. 
=== PAGE 35 ===

35 
Control # 
Control Activity Specified by SimpleLegal 
Boulay’s Test of Controls 
Test Results 
CC6.3.2 
System access is removed within 48 hours upon 
employee or contractor termination.  
For a selection of terminated personnel during the period, 
inspected offboarding tickets to verify whether system 
access was removed within 48 hours of termination. 
No exceptions noted. 
CC6.3.3 
On a quarterly basis, management reviews access rights 
for all SimpleLegal personnel to ensure that system 
access is appropriate. Any access rights that are no 
longer needed are removed following this review. 
For a selection of quarters, inspected the account audit 
reports to verify whether comprehensive user access 
reviews were conducted by management during the period 
and that access rights were modified as needed, based on 
the review. 
No exceptions noted. 
CC6.3.4 
SimpleLegal maintains remote-wipe software on all 
Company workstations. 
Inspect

2025-07-01 15:20:24,911 DEBUG Request options: {'method': 'post', 'url': '/chat/completions', 'files': None, 'idempotency_key': 'stainless-python-retry-ffdf0707-4fe0-4168-bbf6-7348424f46c7', 'json_data': {'messages': [{'role': 'user', 'content': "You are an expert at reading SOC reports. Given the following text, extract all controls tested. Controls may be listed under section headings (such as COSO or TSC sections), and control IDs may appear in many formats: e.g., 'CC9.1', 'CC 9.1', 'CC.9.1', '9.1', or as a section like 'CC9.0' with controls listed as 1, 2, 3, etc. Do your best to distinguish between section IDs and control IDs, and capture the most specific control ID for each control. For each control, extract the following fields as accurately as possible: \n- control_id: (string, the control's unique identifier as shown in the report, or null if not found)\n- control_desc: (string, the description of the control—what the company is supposed to comply with)\n- control_test: (string, what the auditor tested to determine design and operating effectiveness)\n- control_test_results: (string, the results of the test, e.g., 'No exceptions noted', 'No deviations noted', or a description of any exceptions or findings)\n- control_page_ref: (int, page number if available, else null)\n- control_line_ref: (int, line number in the text where the control was found)\nIf you cannot find a value, use null. Output a JSON array, one object per control. Do not include any explanation, markdown, or extra text.\nText:\noles. \nFor a selection of role changes during the period, inspected \nIT tickets to verify whether access rights to SimpleLegal's \nsystems and applications were approved by a system \nadministrator and were appropriate. \nNo exceptions noted. \nCC6.2.2 \nSystem access is removed within 48 hours upon \nemployee or contractor termination.  \nFor a selection of terminated personnel during the period, \ninspected offboarding tickets to verify whether system \naccess was removed within 48 hours of termination. \nNo exceptions noted. \nCC6.2.3 \nOn a quarterly basis, management reviews access rights \nfor all SimpleLegal personnel to ensure that system \naccess is appropriate. Any access rights that are no \nlonger needed are removed following this review. \nFor a selection of quarters, inspected the account audit \nreports to verify whether comprehensive user access \nreviews were conducted by management during the period \nand that access rights were modified as needed, based on \nthe review. \nNo exceptions noted. \nCC6.3: The entity authorizes, modifies, or removes access to data, software, functions, and other protected information assets based on roles, responsibilities, or the \nsystem design and changes, giving consideration to the concepts of least privilege and segregation of duties, to meet the entity’s objectives. \nCC6.3.1 \nAn authorized system administrator approves access to \nSimpleLegal systems and applications for newly hired \npersonnel as well as access change requests. \nFor all new hires during the period, inspected onboarding \ntickets to verify whether access rights to SimpleLegal's \nsystems and applications were approved by a system \nadministrator and were appropriate based on each of the \nnew hires’ roles. \nFor a selection of role changes during the period, inspected \nIT tickets to verify whether access rights to SimpleLegal's \nsystems and applications were approved by a system \nadministrator and were appropriate. \nNo exceptions noted. \n=== PAGE 35 ===\n\n35 \nControl # \nControl Activity Specified by SimpleLegal \nBoulay’s Test of Controls \nTest Results \nCC6.3.2 \nSystem access is removed within 48 hours upon \nemployee or contractor termination.  \nFor a selection of terminated personnel during the period, \ninspected offboarding tickets to verify whether system \naccess was removed within 48 hours of termination. \nNo exceptions noted. \nCC6.3.3 \nOn a quarterly basis, management reviews access rights \nfor all SimpleLegal personnel to ensure that system \naccess is appropriate. Any access rights that are no \nlonger needed are removed following this review. \nFor a selection of quarters, inspected the account audit \nreports to verify whether comprehensive user access \nreviews were conducted by management during the period \nand that access rights were modified as needed, based on \nthe review. \nNo exceptions noted. \nCC6.3.4 \nSimpleLegal maintains remote-wipe software on all \nCompany workstations. \nInspect\n"}], 'model': 'gpt-3.5-turbo', 'temperature': 0.0, 'top_p': 0.0}}
2025-07-01 15:20:24,912 DEBUG Sending HTTP Request: POST https://api.openai.com/v1/chat/completions
2025-07-01 15:20:24,912 DEBUG send_request_headers.started request=<Request [b'POST']>
2025-07-01 15:20:24,912 DEBUG send_request_headers.complete
2025-07-01 15:20:24,912 DEBUG send_request_body.started request=<Request [b'POST']>
2025-07-01 15:20:24,913 DEBUG send_request_body.complete
2025-07-01 15:20:24,913 DEBUG receive_response_headers.started request=<Request [b'POST']>
2025-07-01 15:20:25,135 DEBUG receive_response_headers.complete return_value=(b'HTTP/1.1', 200, b'OK', [(b'Date', b'Tue, 01 Jul 2025 19:20:24 GMT'), (b'Content-Type', b'application/json'), (b'Transfer-Encoding', b'chunked'), (b'Connection', b'keep-alive'), (b'access-control-expose-headers', b'X-Request-ID'), (b'openai-organization', b'user-58hzvdaaovkznpa7grjzxtja'), (b'openai-processing-ms', b'15167'), (b'openai-version', b'2020-10-01'), (b'x-envoy-upstream-service-time', b'15177'), (b'x-ratelimit-limit-requests', b'5000'), (b'x-ratelimit-limit-tokens', b'4000000'), (b'x-ratelimit-remaining-requests', b'4999'), (b'x-ratelimit-remaining-tokens', b'3998943'), (b'x-ratelimit-reset-requests', b'12ms'), (b'x-ratelimit-reset-tokens', b'15ms'), (b'x-request-id', b'req_eca9361609b7d2e15e64d97ec06cc918'), (b'strict-transport-security', b'max-age=31536000; includeSubDomains; preload'), (b'cf-cache-status', b'DYNAMIC'), (b'X-Content-Type-Options', b'nosniff'), (b'Server', b'cloudflare'), (b'CF-RAY', b'95884250180de991-ORD'), (b'Content-Encoding', b'gzip'), (b'alt-svc', b'h3=":443"; ma=86400')])
2025-07-01 15:20:25,135 INFO HTTP Request: POST https://api.openai.com/v1/chat/completions "HTTP/1.1 200 OK"
2025-07-01 15:20:25,135 DEBUG receive_response_body.started request=<Request [b'POST']>
2025-07-01 15:20:25,135 DEBUG receive_response_body.complete
2025-07-01 15:20:25,135 DEBUG response_closed.started
2025-07-01 15:20:25,135 DEBUG response_closed.complete
2025-07-01 15:20:25,136 DEBUG HTTP Response: POST https://api.openai.com/v1/chat/completions "200 OK" Headers({'date': 'Tue, 01 Jul 2025 19:20:24 GMT', 'content-type': 'application/json', 'transfer-encoding': 'chunked', 'connection': 'keep-alive', 'access-control-expose-headers': 'X-Request-ID', 'openai-organization': 'user-58hzvdaaovkznpa7grjzxtja', 'openai-processing-ms': '15167', 'openai-version': '2020-10-01', 'x-envoy-upstream-service-time': '15177', 'x-ratelimit-limit-requests': '5000', 'x-ratelimit-limit-tokens': '4000000', 'x-ratelimit-remaining-requests': '4999', 'x-ratelimit-remaining-tokens': '3998943', 'x-ratelimit-reset-requests': '12ms', 'x-ratelimit-reset-tokens': '15ms', 'x-request-id': 'req_eca9361609b7d2e15e64d97ec06cc918', 'strict-transport-security': 'max-age=31536000; includeSubDomains; preload', 'cf-cache-status': 'DYNAMIC', 'x-content-type-options': 'nosniff', 'server': 'cloudflare', 'cf-ray': '95884250180de991-ORD', 'content-encoding': 'gzip', 'alt-svc': 'h3=":443"; ma=86400'})
2025-07-01 15:20:25,136 DEBUG request_id: req_eca9361609b7d2e15e64d97ec06cc918
2025-07-01 15:20:25,136 DEBUG Chunk 6 response: [
    {
        "control_id": "CC3.2.1",
        "control_desc": "On a quarterly basis, SimpleLegal performs a risk assessment, which includes the identification of relevant internal and external threats, an analysis of the significance of the risks associated with those threats, a determination of appropriate risk mitigation strategies, and the development or modification of controls consistent with the risk mitigation strategy.",
        "control_test": "For a selection of quarters, inspected the completed risk assessment to verify whether it incorporated a comprehensive threat analysis, including probability and impact ratings, mitigating controls, and any action plans to further mitigate risks to an acceptable level.",
        "control_test_results": "No exceptions noted.",
        "control_page_ref": 30,
        "control_line_ref": 5
    },
    {
        "control_id": "CC3.3.1",
        "control_desc": "As part of the risk assessment process, management considers various types of fraud exposure, the probability and impact of the event occurring, the controls in place to mitigate the risk of fraud, and what, if any, additional mitigation measures are necessary.",
        "control_test": "For a selection of quarters, inspected the completed risk assessment to verify whether it incorporated fraud considerations, including probability and impact ratings, mitigating controls and any action plans to further mitigate the risk of fraud to an acceptable level.",
        "control_test_results": "No exceptions noted.",
        "control_page_ref": 30,
        "control_line_ref": 23
    },
    {
        "control_id": "CC3.4.1",
        "control_desc": "As part of the risk assessment process, management identifies and assesses changes that could significantly impact the system of internal control. The assessment includes evaluating changes in data security, data integrity, scalability, and privacy.",
        "control_test": "For a selection of quarters, inspected the completed risk assessment to verify whether it included an evaluation of changes pertaining to data security, data integrity, scalability, and privacy.",
        "control_test_results": "No exceptions noted.",
        "control_page_ref": 30,
        "control_line_ref": 41
    },
    {
        "control_id": "CC4.1.1",
        "control_desc": "SimpleLegal conducts ongoing monitoring over internal controls to ensure they are adequately designed and operating effectively, in accordance with baseline requirements. These evaluations are conducted by knowledgeable personnel, integrate with business processes, consider changes in business processes, and vary in frequency based on associated risks.",
        "control_test": "Inspected the results of the below monitoring tools and activities to verify whether they were implemented and monitored by management.",
        "control_test_results": null,
        "control_page_ref": 30,
        "control_line_ref": 67
    }
]
2025-07-01 15:20:25,136 INFO CHUNK 6 EXTRACTED 4 CONTROLS
2025-07-01 15:20:25,136 INFO PROCESSING CHUNK 14:
CHUNK TEXT (first 500 chars):
ate. 
No exceptions noted. 
=== PAGE 35 ===

35 
Control # 
Control Activity Specified by SimpleLegal 
Boulay’s Test of Controls 
Test Results 
CC6.3.2 
System access is removed within 48 hours upon 
employee or contractor termination.  
For a selection of terminated personnel during the period, 
inspected offboarding tickets to verify whether system 
access was removed within 48 hours of termination. 
No exceptions noted. 
CC6.3.3 
On a quarterly basis, management reviews access rights 
for all
2025-07-01 15:20:25,136 INFO CHUNK 14 PROMPT:
You are an expert at reading SOC reports. Given the following text, extract all controls tested. Controls may be listed under section headings (such as COSO or TSC sections), and control IDs may appear in many formats: e.g., 'CC9.1', 'CC 9.1', 'CC.9.1', '9.1', or as a section like 'CC9.0' with controls listed as 1, 2, 3, etc. Do your best to distinguish between section IDs and control IDs, and capture the most specific control ID for each control. For each control, extract the following fields as accurately as possible: 
- control_id: (string, the control's unique identifier as shown in the report, or null if not found)
- control_desc: (string, the description of the control—what the company is supposed to comply with)
- control_test: (string, what the auditor tested to determine design and operating effectiveness)
- control_test_results: (string, the results of the test, e.g., 'No exceptions noted', 'No deviations noted', or a description of any exceptions or findings)
- control_page_ref: (int, page number if available, else null)
- control_line_ref: (int, line number in the text where the control was found)
If you cannot find a value, use null. Output a JSON array, one object per control. Do not include any explanation, markdown, or extra text.
Text:
ate. 
No exceptions noted. 
=== PAGE 35 ===

35 
Control # 
Control Activity Specified by SimpleLegal 
Boulay’s Test of Controls 
Test Results 
CC6.3.2 
System access is removed within 48 hours upon 
employee or contractor termination.  
For a selection of terminated personnel during the period, 
inspected offboarding tickets to verify whether system 
access was removed within 48 hours of termination. 
No exceptions noted. 
CC6.3.3 
On a quarterly basis, management reviews access rights 
for all SimpleLegal personnel to ensure that system 
access is appropriate. Any access rights that are no 
longer needed are removed following this review. 
For a selection of quarters, inspected the account audit 
reports to verify whether comprehensive user access 
reviews were conducted by management during the period 
and that access rights were modified as needed, based on 
the review. 
No exceptions noted. 
CC6.3.4 
SimpleLegal maintains remote-wipe software on all 
Company workstations. 
Inspected the Jamf Pro dashboard to verify whether remote-
wipe software for workstations had been deployed across 
the organization. 
No exceptions noted. 
CC6.4: The entity restricts physical access to facilities and protected information assets (for example, data center facilities, back-up media storage, and other 
sensitive locations) to authorized personnel to meet the entity’s objectives. 
CC6.4.1 
Onit maintains a Physical Security Policy that outlines 
requirements around maintaining security of Onit offices 
and IT equipment. 
Inspected the Physical Security Policy to verify whether it 
outlined requirements around maintaining security of Onit 
offices and IT equipment. 
No exceptions noted. 
CC6.4.2 
The entrance to Onit’s office is locked and a keycard/fob 
is required to gain entry. 
Inspected images of the Onit office in Houston to verify 
whether the entrance was locked, and a keycard/fob was 
required to gain entry. 
No exceptions noted. 
CC6.4.3 
Onit utilizes video surveillance cameras that provide 24/7 
video streaming, recoding, and motion detection. 
Inspected images of the Onit office in Houston to verify 
whether Onit utilized cameras to provide 24/7 surveillance of 
the office. 
No exceptions noted. 
CC6.4.4 
Onit maintains an office shred bin for the disposal of 
sensitive hardcopy materials. 
Inspected images of the Onit office in Houston to verify 
whether the Onit office had a shred bin to securely dispose 
of sensitive hardcopy materials. 
No exceptions noted. 
SimpeLegal uses AWS to provide cloud computing and data center hosting services. Please reference Complementary Subservice Organization Controls (CSOCs) in Section III 
for additional controls that are to be implemented by the subservice organization. 
CC6.5: The entity discontinues logical and physical protections over physical assets only after the ability to read and recover data and software from those assets 
has been d

2025-07-01 15:20:25,138 DEBUG Request options: {'method': 'post', 'url': '/chat/completions', 'files': None, 'idempotency_key': 'stainless-python-retry-28b322ce-d96f-433b-ba2d-6bde32bedd7a', 'json_data': {'messages': [{'role': 'user', 'content': "You are an expert at reading SOC reports. Given the following text, extract all controls tested. Controls may be listed under section headings (such as COSO or TSC sections), and control IDs may appear in many formats: e.g., 'CC9.1', 'CC 9.1', 'CC.9.1', '9.1', or as a section like 'CC9.0' with controls listed as 1, 2, 3, etc. Do your best to distinguish between section IDs and control IDs, and capture the most specific control ID for each control. For each control, extract the following fields as accurately as possible: \n- control_id: (string, the control's unique identifier as shown in the report, or null if not found)\n- control_desc: (string, the description of the control—what the company is supposed to comply with)\n- control_test: (string, what the auditor tested to determine design and operating effectiveness)\n- control_test_results: (string, the results of the test, e.g., 'No exceptions noted', 'No deviations noted', or a description of any exceptions or findings)\n- control_page_ref: (int, page number if available, else null)\n- control_line_ref: (int, line number in the text where the control was found)\nIf you cannot find a value, use null. Output a JSON array, one object per control. Do not include any explanation, markdown, or extra text.\nText:\nate. \nNo exceptions noted. \n=== PAGE 35 ===\n\n35 \nControl # \nControl Activity Specified by SimpleLegal \nBoulay’s Test of Controls \nTest Results \nCC6.3.2 \nSystem access is removed within 48 hours upon \nemployee or contractor termination.  \nFor a selection of terminated personnel during the period, \ninspected offboarding tickets to verify whether system \naccess was removed within 48 hours of termination. \nNo exceptions noted. \nCC6.3.3 \nOn a quarterly basis, management reviews access rights \nfor all SimpleLegal personnel to ensure that system \naccess is appropriate. Any access rights that are no \nlonger needed are removed following this review. \nFor a selection of quarters, inspected the account audit \nreports to verify whether comprehensive user access \nreviews were conducted by management during the period \nand that access rights were modified as needed, based on \nthe review. \nNo exceptions noted. \nCC6.3.4 \nSimpleLegal maintains remote-wipe software on all \nCompany workstations. \nInspected the Jamf Pro dashboard to verify whether remote-\nwipe software for workstations had been deployed across \nthe organization. \nNo exceptions noted. \nCC6.4: The entity restricts physical access to facilities and protected information assets (for example, data center facilities, back-up media storage, and other \nsensitive locations) to authorized personnel to meet the entity’s objectives. \nCC6.4.1 \nOnit maintains a Physical Security Policy that outlines \nrequirements around maintaining security of Onit offices \nand IT equipment. \nInspected the Physical Security Policy to verify whether it \noutlined requirements around maintaining security of Onit \noffices and IT equipment. \nNo exceptions noted. \nCC6.4.2 \nThe entrance to Onit’s office is locked and a keycard/fob \nis required to gain entry. \nInspected images of the Onit office in Houston to verify \nwhether the entrance was locked, and a keycard/fob was \nrequired to gain entry. \nNo exceptions noted. \nCC6.4.3 \nOnit utilizes video surveillance cameras that provide 24/7 \nvideo streaming, recoding, and motion detection. \nInspected images of the Onit office in Houston to verify \nwhether Onit utilized cameras to provide 24/7 surveillance of \nthe office. \nNo exceptions noted. \nCC6.4.4 \nOnit maintains an office shred bin for the disposal of \nsensitive hardcopy materials. \nInspected images of the Onit office in Houston to verify \nwhether the Onit office had a shred bin to securely dispose \nof sensitive hardcopy materials. \nNo exceptions noted. \nSimpeLegal uses AWS to provide cloud computing and data center hosting services. Please reference Complementary Subservice Organization Controls (CSOCs) in Section III \nfor additional controls that are to be implemented by the subservice organization. \nCC6.5: The entity discontinues logical and physical protections over physical assets only after the ability to read and recover data and software from those assets \nhas been d\n"}], 'model': 'gpt-3.5-turbo', 'temperature': 0.0, 'top_p': 0.0}}
2025-07-01 15:20:25,138 DEBUG Sending HTTP Request: POST https://api.openai.com/v1/chat/completions
2025-07-01 15:20:25,138 DEBUG send_request_headers.started request=<Request [b'POST']>
2025-07-01 15:20:25,139 DEBUG send_request_headers.complete
2025-07-01 15:20:25,139 DEBUG send_request_body.started request=<Request [b'POST']>
2025-07-01 15:20:25,140 DEBUG send_request_body.complete
2025-07-01 15:20:25,140 DEBUG receive_response_headers.started request=<Request [b'POST']>
2025-07-01 15:20:25,180 DEBUG receive_response_headers.complete return_value=(b'HTTP/1.1', 200, b'OK', [(b'Date', b'Tue, 01 Jul 2025 19:20:24 GMT'), (b'Content-Type', b'application/json'), (b'Transfer-Encoding', b'chunked'), (b'Connection', b'keep-alive'), (b'access-control-expose-headers', b'X-Request-ID'), (b'openai-organization', b'user-58hzvdaaovkznpa7grjzxtja'), (b'openai-processing-ms', b'5488'), (b'openai-version', b'2020-10-01'), (b'x-envoy-upstream-service-time', b'5490'), (b'x-ratelimit-limit-requests', b'5000'), (b'x-ratelimit-limit-tokens', b'4000000'), (b'x-ratelimit-remaining-requests', b'4999'), (b'x-ratelimit-remaining-tokens', b'3998943'), (b'x-ratelimit-reset-requests', b'12ms'), (b'x-ratelimit-reset-tokens', b'15ms'), (b'x-request-id', b'req_eb5a2f9737e6b16b0133ffee7b557f8d'), (b'strict-transport-security', b'max-age=31536000; includeSubDomains; preload'), (b'cf-cache-status', b'DYNAMIC'), (b'X-Content-Type-Options', b'nosniff'), (b'Server', b'cloudflare'), (b'CF-RAY', b'9588428bec8f8f4b-ORD'), (b'Content-Encoding', b'gzip'), (b'alt-svc', b'h3=":443"; ma=86400')])
2025-07-01 15:20:25,180 INFO HTTP Request: POST https://api.openai.com/v1/chat/completions "HTTP/1.1 200 OK"
2025-07-01 15:20:25,180 DEBUG receive_response_body.started request=<Request [b'POST']>
2025-07-01 15:20:25,181 DEBUG receive_response_body.complete
2025-07-01 15:20:25,181 DEBUG response_closed.started
2025-07-01 15:20:25,181 DEBUG response_closed.complete
2025-07-01 15:20:25,181 DEBUG HTTP Response: POST https://api.openai.com/v1/chat/completions "200 OK" Headers({'date': 'Tue, 01 Jul 2025 19:20:24 GMT', 'content-type': 'application/json', 'transfer-encoding': 'chunked', 'connection': 'keep-alive', 'access-control-expose-headers': 'X-Request-ID', 'openai-organization': 'user-58hzvdaaovkznpa7grjzxtja', 'openai-processing-ms': '5488', 'openai-version': '2020-10-01', 'x-envoy-upstream-service-time': '5490', 'x-ratelimit-limit-requests': '5000', 'x-ratelimit-limit-tokens': '4000000', 'x-ratelimit-remaining-requests': '4999', 'x-ratelimit-remaining-tokens': '3998943', 'x-ratelimit-reset-requests': '12ms', 'x-ratelimit-reset-tokens': '15ms', 'x-request-id': 'req_eb5a2f9737e6b16b0133ffee7b557f8d', 'strict-transport-security': 'max-age=31536000; includeSubDomains; preload', 'cf-cache-status': 'DYNAMIC', 'x-content-type-options': 'nosniff', 'server': 'cloudflare', 'cf-ray': '9588428bec8f8f4b-ORD', 'content-encoding': 'gzip', 'alt-svc': 'h3=":443"; ma=86400'})
2025-07-01 15:20:25,181 DEBUG request_id: req_eb5a2f9737e6b16b0133ffee7b557f8d
2025-07-01 15:20:25,183 DEBUG Chunk 12 response: [
    {
        "control_id": "CC6.1.7",
        "control_desc": "SimpleLegal maintains active SHA-256 encryption certificates for its web application to ensure secure connections for its users.",
        "control_test": "Inspected SimpleLegal's web application login page to verify whether an active SHA-256 encryption certificate was in place.",
        "control_test_results": "No exceptions noted.",
        "control_page_ref": null,
        "control_line_ref": 5
    },
    {
        "control_id": "CC6.1.8",
        "control_desc": "SimpleLegal encrypts all employee and contractor workstations with full disk encryption.",
        "control_test": "Inspected the Jamf Pro dashboard to verify whether all employee and contractor workstations had full disk encryption enabled.",
        "control_test_results": "No exceptions noted.",
        "control_page_ref": null,
        "control_line_ref": 9
    },
    {
        "control_id": "CC6.1.9",
        "control_desc": "Administrative and privileged access rights are restricted to authorized personnel using a role-based access scheme, in accordance with the principle of least privilege.",
        "control_test": "Inspected administrative access rights for SimpleLegal's critical applications and cloud infrastructure to verify whether privileged access was limited to authorized personnel using a role-based access scheme, in accordance with the principle of least privilege.",
        "control_test_results": "No exceptions noted.",
        "control_page_ref": 34,
        "control_line_ref": 3
    },
    {
        "control_id": "CC6.2.1",
        "control_desc": "An authorized system administrator approves access to SimpleLegal systems and applications for newly hired personnel as well as access change requests.",
        "control_test": "For all new hires during the period, inspected onboarding tickets to verify whether access rights to SimpleLegal's systems and applications were approved by a system administrator and were appropriate based on each of the new hires’ roles. For a selection of role changes during the period, inspected IT tickets to verify whether access rights to SimpleLegal's systems and applications were approved by a system administrator and were appropriate.",
        "control_test_results": "No exceptions noted.",
        "control_page_ref": 34,
        "control_line_ref": 18
    },
    {
        "control_id": "CC6.2.2",
        "control_desc": "System access is removed within 48 hours upon employee or contractor termination.",
        "control_test": "For a selection of terminated personnel during the period, inspected offboarding tickets to verify whether system access was removed within 48 hours of termination.",
        "control_test_results": "No exceptions noted.",
        "control_page_ref": null,
        "control_line_ref": 28
    },
    {
        "control_id": "CC6.2.3",
        "control_desc": "On a quarterly basis, management reviews access rights for all SimpleLegal personnel to ensure that system access is appropriate. Any access rights that are no longer needed are removed following this review.",
        "control_test": "For a selection of quarters, inspected the account audit reports to verify whether comprehensive user access reviews were conducted by management during the period and that access rights were modified as needed, based on the review.",
        "control_test_results": "No exceptions noted.",
        "control_page_ref": null,
        "control_line_ref": 38
    }
]
2025-07-01 15:20:25,184 INFO CHUNK 12 EXTRACTED 6 CONTROLS
2025-07-01 15:20:25,184 INFO PROCESSING CHUNK 15:
CHUNK TEXT (first 500 chars):
y. 
No exceptions noted. 
CC6.4.3 
Onit utilizes video surveillance cameras that provide 24/7 
video streaming, recoding, and motion detection. 
Inspected images of the Onit office in Houston to verify 
whether Onit utilized cameras to provide 24/7 surveillance of 
the office. 
No exceptions noted. 
CC6.4.4 
Onit maintains an office shred bin for the disposal of 
sensitive hardcopy materials. 
Inspected images of the Onit office in Houston to verify 
whether the Onit office had a shred bin to se
2025-07-01 15:20:25,184 INFO CHUNK 15 PROMPT:
You are an expert at reading SOC reports. Given the following text, extract all controls tested. Controls may be listed under section headings (such as COSO or TSC sections), and control IDs may appear in many formats: e.g., 'CC9.1', 'CC 9.1', 'CC.9.1', '9.1', or as a section like 'CC9.0' with controls listed as 1, 2, 3, etc. Do your best to distinguish between section IDs and control IDs, and capture the most specific control ID for each control. For each control, extract the following fields as accurately as possible: 
- control_id: (string, the control's unique identifier as shown in the report, or null if not found)
- control_desc: (string, the description of the control—what the company is supposed to comply with)
- control_test: (string, what the auditor tested to determine design and operating effectiveness)
- control_test_results: (string, the results of the test, e.g., 'No exceptions noted', 'No deviations noted', or a description of any exceptions or findings)
- control_page_ref: (int, page number if available, else null)
- control_line_ref: (int, line number in the text where the control was found)
If you cannot find a value, use null. Output a JSON array, one object per control. Do not include any explanation, markdown, or extra text.
Text:
y. 
No exceptions noted. 
CC6.4.3 
Onit utilizes video surveillance cameras that provide 24/7 
video streaming, recoding, and motion detection. 
Inspected images of the Onit office in Houston to verify 
whether Onit utilized cameras to provide 24/7 surveillance of 
the office. 
No exceptions noted. 
CC6.4.4 
Onit maintains an office shred bin for the disposal of 
sensitive hardcopy materials. 
Inspected images of the Onit office in Houston to verify 
whether the Onit office had a shred bin to securely dispose 
of sensitive hardcopy materials. 
No exceptions noted. 
SimpeLegal uses AWS to provide cloud computing and data center hosting services. Please reference Complementary Subservice Organization Controls (CSOCs) in Section III 
for additional controls that are to be implemented by the subservice organization. 
CC6.5: The entity discontinues logical and physical protections over physical assets only after the ability to read and recover data and software from those assets 
has been diminished and is no longer required to meet the entity’s objectives. 
CC6.5.1 
SimpleLegal maintains a Record Retention Policy that 
outlines how long various types of information are to be 
retained by the Company. Obsolete information systems 
and databases, as well as electronic and hard-copy files, 
are disposed of in accordance with this policy. 
Inspected the Record Retention Policy to verify whether it 
outlined the requirements for disposing of various types of 
information at SimpleLegal. 
No exceptions noted. 
=== PAGE 36 ===

36 
Control # 
Control Activity Specified by SimpleLegal 
Boulay’s Test of Controls 
Test Results 
CC6.5.2 
Prior to disposing of obsolete workstations or removable 
media, the SVP, Business Operations & Integrations or 
the Director, Information Technology ensure that all 
physical devices are sanitized to remove any confidential 
information. 
Inspected images of the Onit office in Houston to verify 
whether workstations and removable media were stored in a 
secure location prior to reuse or disposal.  
Per inspection of the asset inventory and inquiry of 
management, noted that there were no disposals of 
obsolete workstations or removable media during the 
period. Therefore, further testing was not applicable. 
No exceptions noted. 
CC6.6: The entity implements logical access security measures to protect against threats from sources outside its system boundaries. 
CC6.6.1 
Firewall rules are configured to restrict network traffic to 
approved ports, protocols, and sources. 
Inspected the AWS security group configurations to verify 
whether network traffic was restricted to approved ports, 
protocols, and sources. 
No exceptions noted. 
CC6.6.2 
SimpleLegal utilizes a Web Application Firewall (WAF) to 
protect the web application from web-based threats. 
Inspected the Cloudflare dashboard to verify whether a 
WAF was utilized to protect the application from web-based

2025-07-01 15:20:25,186 DEBUG Request options: {'method': 'post', 'url': '/chat/completions', 'files': None, 'idempotency_key': 'stainless-python-retry-9d86e5ad-5bf3-4ae9-98cb-9dd7c47b8aac', 'json_data': {'messages': [{'role': 'user', 'content': "You are an expert at reading SOC reports. Given the following text, extract all controls tested. Controls may be listed under section headings (such as COSO or TSC sections), and control IDs may appear in many formats: e.g., 'CC9.1', 'CC 9.1', 'CC.9.1', '9.1', or as a section like 'CC9.0' with controls listed as 1, 2, 3, etc. Do your best to distinguish between section IDs and control IDs, and capture the most specific control ID for each control. For each control, extract the following fields as accurately as possible: \n- control_id: (string, the control's unique identifier as shown in the report, or null if not found)\n- control_desc: (string, the description of the control—what the company is supposed to comply with)\n- control_test: (string, what the auditor tested to determine design and operating effectiveness)\n- control_test_results: (string, the results of the test, e.g., 'No exceptions noted', 'No deviations noted', or a description of any exceptions or findings)\n- control_page_ref: (int, page number if available, else null)\n- control_line_ref: (int, line number in the text where the control was found)\nIf you cannot find a value, use null. Output a JSON array, one object per control. Do not include any explanation, markdown, or extra text.\nText:\ny. \nNo exceptions noted. \nCC6.4.3 \nOnit utilizes video surveillance cameras that provide 24/7 \nvideo streaming, recoding, and motion detection. \nInspected images of the Onit office in Houston to verify \nwhether Onit utilized cameras to provide 24/7 surveillance of \nthe office. \nNo exceptions noted. \nCC6.4.4 \nOnit maintains an office shred bin for the disposal of \nsensitive hardcopy materials. \nInspected images of the Onit office in Houston to verify \nwhether the Onit office had a shred bin to securely dispose \nof sensitive hardcopy materials. \nNo exceptions noted. \nSimpeLegal uses AWS to provide cloud computing and data center hosting services. Please reference Complementary Subservice Organization Controls (CSOCs) in Section III \nfor additional controls that are to be implemented by the subservice organization. \nCC6.5: The entity discontinues logical and physical protections over physical assets only after the ability to read and recover data and software from those assets \nhas been diminished and is no longer required to meet the entity’s objectives. \nCC6.5.1 \nSimpleLegal maintains a Record Retention Policy that \noutlines how long various types of information are to be \nretained by the Company. Obsolete information systems \nand databases, as well as electronic and hard-copy files, \nare disposed of in accordance with this policy. \nInspected the Record Retention Policy to verify whether it \noutlined the requirements for disposing of various types of \ninformation at SimpleLegal. \nNo exceptions noted. \n=== PAGE 36 ===\n\n36 \nControl # \nControl Activity Specified by SimpleLegal \nBoulay’s Test of Controls \nTest Results \nCC6.5.2 \nPrior to disposing of obsolete workstations or removable \nmedia, the SVP, Business Operations & Integrations or \nthe Director, Information Technology ensure that all \nphysical devices are sanitized to remove any confidential \ninformation. \nInspected images of the Onit office in Houston to verify \nwhether workstations and removable media were stored in a \nsecure location prior to reuse or disposal.  \nPer inspection of the asset inventory and inquiry of \nmanagement, noted that there were no disposals of \nobsolete workstations or removable media during the \nperiod. Therefore, further testing was not applicable. \nNo exceptions noted. \nCC6.6: The entity implements logical access security measures to protect against threats from sources outside its system boundaries. \nCC6.6.1 \nFirewall rules are configured to restrict network traffic to \napproved ports, protocols, and sources. \nInspected the AWS security group configurations to verify \nwhether network traffic was restricted to approved ports, \nprotocols, and sources. \nNo exceptions noted. \nCC6.6.2 \nSimpleLegal utilizes a Web Application Firewall (WAF) to \nprotect the web application from web-based threats. \nInspected the Cloudflare dashboard to verify whether a \nWAF was utilized to protect the application from web-based\n"}], 'model': 'gpt-3.5-turbo', 'temperature': 0.0, 'top_p': 0.0}}
2025-07-01 15:20:25,187 DEBUG Sending HTTP Request: POST https://api.openai.com/v1/chat/completions
2025-07-01 15:20:25,187 DEBUG send_request_headers.started request=<Request [b'POST']>
2025-07-01 15:20:25,187 DEBUG send_request_headers.complete
2025-07-01 15:20:25,187 DEBUG send_request_body.started request=<Request [b'POST']>
2025-07-01 15:20:25,187 DEBUG send_request_body.complete
2025-07-01 15:20:25,187 DEBUG receive_response_headers.started request=<Request [b'POST']>
2025-07-01 15:20:25,527 DEBUG receive_response_headers.complete return_value=(b'HTTP/1.1', 200, b'OK', [(b'Date', b'Tue, 01 Jul 2025 19:20:24 GMT'), (b'Content-Type', b'application/json'), (b'Transfer-Encoding', b'chunked'), (b'Connection', b'keep-alive'), (b'access-control-expose-headers', b'X-Request-ID'), (b'openai-organization', b'user-58hzvdaaovkznpa7grjzxtja'), (b'openai-processing-ms', b'8661'), (b'openai-version', b'2020-10-01'), (b'x-envoy-upstream-service-time', b'8669'), (b'x-ratelimit-limit-requests', b'5000'), (b'x-ratelimit-limit-tokens', b'4000000'), (b'x-ratelimit-remaining-requests', b'4999'), (b'x-ratelimit-remaining-tokens', b'3998943'), (b'x-ratelimit-reset-requests', b'12ms'), (b'x-ratelimit-reset-tokens', b'15ms'), (b'x-request-id', b'req_831ebb7ba5ec09cbf1d412a3757807b0'), (b'strict-transport-security', b'max-age=31536000; includeSubDomains; preload'), (b'cf-cache-status', b'DYNAMIC'), (b'X-Content-Type-Options', b'nosniff'), (b'Server', b'cloudflare'), (b'CF-RAY', b'9588427b8b10111e-ORD'), (b'Content-Encoding', b'gzip'), (b'alt-svc', b'h3=":443"; ma=86400')])
2025-07-01 15:20:25,527 INFO HTTP Request: POST https://api.openai.com/v1/chat/completions "HTTP/1.1 200 OK"
2025-07-01 15:20:25,527 DEBUG receive_response_body.started request=<Request [b'POST']>
2025-07-01 15:20:25,531 DEBUG receive_response_body.complete
2025-07-01 15:20:25,531 DEBUG response_closed.started
2025-07-01 15:20:25,531 DEBUG response_closed.complete
2025-07-01 15:20:25,531 DEBUG HTTP Response: POST https://api.openai.com/v1/chat/completions "200 OK" Headers({'date': 'Tue, 01 Jul 2025 19:20:24 GMT', 'content-type': 'application/json', 'transfer-encoding': 'chunked', 'connection': 'keep-alive', 'access-control-expose-headers': 'X-Request-ID', 'openai-organization': 'user-58hzvdaaovkznpa7grjzxtja', 'openai-processing-ms': '8661', 'openai-version': '2020-10-01', 'x-envoy-upstream-service-time': '8669', 'x-ratelimit-limit-requests': '5000', 'x-ratelimit-limit-tokens': '4000000', 'x-ratelimit-remaining-requests': '4999', 'x-ratelimit-remaining-tokens': '3998943', 'x-ratelimit-reset-requests': '12ms', 'x-ratelimit-reset-tokens': '15ms', 'x-request-id': 'req_831ebb7ba5ec09cbf1d412a3757807b0', 'strict-transport-security': 'max-age=31536000; includeSubDomains; preload', 'cf-cache-status': 'DYNAMIC', 'x-content-type-options': 'nosniff', 'server': 'cloudflare', 'cf-ray': '9588427b8b10111e-ORD', 'content-encoding': 'gzip', 'alt-svc': 'h3=":443"; ma=86400'})
2025-07-01 15:20:25,531 DEBUG request_id: req_831ebb7ba5ec09cbf1d412a3757807b0
2025-07-01 15:20:25,533 DEBUG Chunk 10 response: [
    {
        "control_id": "CC5.2.1",
        "control_desc": "SimpleLegal maintains a suite of Information Technology General Controls (ITGCs) to support the achievement of objectives.",
        "control_test": "Inspected the completed risk assessment and the organizational policies and procedures to verify whether a comprehensive suite of ITGCs was implemented.",
        "control_test_results": "No exceptions noted.",
        "control_page_ref": null,
        "control_line_ref": 13
    },
    {
        "control_id": "CC5.3.1",
        "control_desc": "SimpleLegal maintains updated policies and procedures that incorporate control activities across the organization.",
        "control_test": "Inspected the organizational policies and procedures to determine whether they incorporated a comprehensive suite of internal controls, outlined roles and responsibilities for control performance, and established requirements related to the timely remediation of control deficiencies.",
        "control_test_results": "No exceptions noted.",
        "control_page_ref": null,
        "control_line_ref": 31
    },
    {
        "control_id": "CC6.1.1",
        "control_desc": "SimpleLegal maintains an updated inventory of information assets within the organization.",
        "control_test": "Inspected SimpleLegal's information asset inventory to verify whether a comprehensive inventory of information assets was documented.",
        "control_test_results": "No exceptions noted.",
        "control_page_ref": 33,
        "control_line_ref": 33
    },
    {
        "control_id": "CC6.1.2",
        "control_desc": "Access to SimpleLegal’s infrastructure and sensitive systems/applications requires complex passwords and multi-factor authentication (MFA).",
        "control_test": "Inspected the OneLogin configuration settings to verify whether complex passwords and MFA were required to access SimpleLegal’s infrastructure and sensitive systems/applications.",
        "control_test_results": "No exceptions noted.",
        "control_page_ref": 33,
        "control_line_ref": 41
    },
    {
        "control_id": "CC6.1.3",
        "control_desc": "SimpleLegal utilizes AWS Key Management Service (KMS) to securely create and manage keys and control the use of encryption across its cloud-based environment.",
        "control_test": "Inspected the AWS dashboard to verify whether KMS was used to create and manage encryption keys across SimpleLegal's cloud-based environment.",
        "control_test_results": "No exceptions noted.",
        "control_page_ref": null,
        "control_line_ref": 49
    }
]
2025-07-01 15:20:25,533 INFO CHUNK 10 EXTRACTED 5 CONTROLS
2025-07-01 15:20:25,533 INFO PROCESSING CHUNK 16:
CHUNK TEXT (first 500 chars):
on to verify 
whether workstations and removable media were stored in a 
secure location prior to reuse or disposal.  
Per inspection of the asset inventory and inquiry of 
management, noted that there were no disposals of 
obsolete workstations or removable media during the 
period. Therefore, further testing was not applicable. 
No exceptions noted. 
CC6.6: The entity implements logical access security measures to protect against threats from sources outside its system boundaries. 
CC6.6.1 
Fi
2025-07-01 15:20:25,533 INFO CHUNK 16 PROMPT:
You are an expert at reading SOC reports. Given the following text, extract all controls tested. Controls may be listed under section headings (such as COSO or TSC sections), and control IDs may appear in many formats: e.g., 'CC9.1', 'CC 9.1', 'CC.9.1', '9.1', or as a section like 'CC9.0' with controls listed as 1, 2, 3, etc. Do your best to distinguish between section IDs and control IDs, and capture the most specific control ID for each control. For each control, extract the following fields as accurately as possible: 
- control_id: (string, the control's unique identifier as shown in the report, or null if not found)
- control_desc: (string, the description of the control—what the company is supposed to comply with)
- control_test: (string, what the auditor tested to determine design and operating effectiveness)
- control_test_results: (string, the results of the test, e.g., 'No exceptions noted', 'No deviations noted', or a description of any exceptions or findings)
- control_page_ref: (int, page number if available, else null)
- control_line_ref: (int, line number in the text where the control was found)
If you cannot find a value, use null. Output a JSON array, one object per control. Do not include any explanation, markdown, or extra text.
Text:
on to verify 
whether workstations and removable media were stored in a 
secure location prior to reuse or disposal.  
Per inspection of the asset inventory and inquiry of 
management, noted that there were no disposals of 
obsolete workstations or removable media during the 
period. Therefore, further testing was not applicable. 
No exceptions noted. 
CC6.6: The entity implements logical access security measures to protect against threats from sources outside its system boundaries. 
CC6.6.1 
Firewall rules are configured to restrict network traffic to 
approved ports, protocols, and sources. 
Inspected the AWS security group configurations to verify 
whether network traffic was restricted to approved ports, 
protocols, and sources. 
No exceptions noted. 
CC6.6.2 
SimpleLegal utilizes a Web Application Firewall (WAF) to 
protect the web application from web-based threats. 
Inspected the Cloudflare dashboard to verify whether a 
WAF was utilized to protect the application from web-based 
threats. 
No exceptions noted. 
CC6.7: The entity restricts the transmission, movement, and removal of information to authorized internal and external users and processes and protects it during 
transmission, movement, or removal to meet the entity’s objectives. 
CC6.7.1 
SimpleLegal utilizes AWS Systems Manager to enable 
secure remote access to cloud resources for its 
employees and contractors.  
Inspected the AWS dashboard to verify whether Systems 
Manager was enabled to ensure secure remote access to 
cloud resources for SimpleLegal's employees and 
contractors. 
No exceptions noted. 
CC6.7.2 
Data in transit is encrypted using Transport Layer 
Security (TLS) 1.2 or higher.  
Inspected the server configuration for the web application to 
verify whether it only accepted connections using TLS 1.2 or 
above. 
No exceptions noted. 
CC6.7.3 
A centralized mobile device management solution has 
been deployed to Company-owned workstations to 
enforce built-in security controls. 
Inspected the Jamf Pro dashboard to verify whether a 
centralized mobile device management solution had been 
deployed to Company-owned workstations to enforce built-
in security controls. 
No exceptions noted. 
=== PAGE 37 ===

37 
Control # 
Control Activity Specified by SimpleLegal 
Boulay’s Test of Controls 
Test Results 
CC6.8: The entity implements controls to prevent or detect and act upon the introduction of unauthorized or malicious software to meet the entity’s objectives. 
CC6.8.1 
SimpleLegal utilizes an endpoint protection tool to 
monitor employee devices and ensure that endpoint 
protection, including antivirus/anti-malware, is enabled to 
prevent the introduction of unauthorized or malicious 
software. The endpoint protection system has alerts, 
logs, and reporting functionality to analyze and inform 
the Company of potential threats. 
Inspected the Sophos dashboard to verify whether endpoint 
protection softwa

2025-07-01 15:20:25,537 DEBUG Request options: {'method': 'post', 'url': '/chat/completions', 'files': None, 'idempotency_key': 'stainless-python-retry-775e7302-da16-4a86-ad24-31dc50d81226', 'json_data': {'messages': [{'role': 'user', 'content': "You are an expert at reading SOC reports. Given the following text, extract all controls tested. Controls may be listed under section headings (such as COSO or TSC sections), and control IDs may appear in many formats: e.g., 'CC9.1', 'CC 9.1', 'CC.9.1', '9.1', or as a section like 'CC9.0' with controls listed as 1, 2, 3, etc. Do your best to distinguish between section IDs and control IDs, and capture the most specific control ID for each control. For each control, extract the following fields as accurately as possible: \n- control_id: (string, the control's unique identifier as shown in the report, or null if not found)\n- control_desc: (string, the description of the control—what the company is supposed to comply with)\n- control_test: (string, what the auditor tested to determine design and operating effectiveness)\n- control_test_results: (string, the results of the test, e.g., 'No exceptions noted', 'No deviations noted', or a description of any exceptions or findings)\n- control_page_ref: (int, page number if available, else null)\n- control_line_ref: (int, line number in the text where the control was found)\nIf you cannot find a value, use null. Output a JSON array, one object per control. Do not include any explanation, markdown, or extra text.\nText:\non to verify \nwhether workstations and removable media were stored in a \nsecure location prior to reuse or disposal.  \nPer inspection of the asset inventory and inquiry of \nmanagement, noted that there were no disposals of \nobsolete workstations or removable media during the \nperiod. Therefore, further testing was not applicable. \nNo exceptions noted. \nCC6.6: The entity implements logical access security measures to protect against threats from sources outside its system boundaries. \nCC6.6.1 \nFirewall rules are configured to restrict network traffic to \napproved ports, protocols, and sources. \nInspected the AWS security group configurations to verify \nwhether network traffic was restricted to approved ports, \nprotocols, and sources. \nNo exceptions noted. \nCC6.6.2 \nSimpleLegal utilizes a Web Application Firewall (WAF) to \nprotect the web application from web-based threats. \nInspected the Cloudflare dashboard to verify whether a \nWAF was utilized to protect the application from web-based \nthreats. \nNo exceptions noted. \nCC6.7: The entity restricts the transmission, movement, and removal of information to authorized internal and external users and processes and protects it during \ntransmission, movement, or removal to meet the entity’s objectives. \nCC6.7.1 \nSimpleLegal utilizes AWS Systems Manager to enable \nsecure remote access to cloud resources for its \nemployees and contractors.  \nInspected the AWS dashboard to verify whether Systems \nManager was enabled to ensure secure remote access to \ncloud resources for SimpleLegal's employees and \ncontractors. \nNo exceptions noted. \nCC6.7.2 \nData in transit is encrypted using Transport Layer \nSecurity (TLS) 1.2 or higher.  \nInspected the server configuration for the web application to \nverify whether it only accepted connections using TLS 1.2 or \nabove. \nNo exceptions noted. \nCC6.7.3 \nA centralized mobile device management solution has \nbeen deployed to Company-owned workstations to \nenforce built-in security controls. \nInspected the Jamf Pro dashboard to verify whether a \ncentralized mobile device management solution had been \ndeployed to Company-owned workstations to enforce built-\nin security controls. \nNo exceptions noted. \n=== PAGE 37 ===\n\n37 \nControl # \nControl Activity Specified by SimpleLegal \nBoulay’s Test of Controls \nTest Results \nCC6.8: The entity implements controls to prevent or detect and act upon the introduction of unauthorized or malicious software to meet the entity’s objectives. \nCC6.8.1 \nSimpleLegal utilizes an endpoint protection tool to \nmonitor employee devices and ensure that endpoint \nprotection, including antivirus/anti-malware, is enabled to \nprevent the introduction of unauthorized or malicious \nsoftware. The endpoint protection system has alerts, \nlogs, and reporting functionality to analyze and inform \nthe Company of potential threats. \nInspected the Sophos dashboard to verify whether endpoint \nprotection softwa\n"}], 'model': 'gpt-3.5-turbo', 'temperature': 0.0, 'top_p': 0.0}}
2025-07-01 15:20:25,537 DEBUG Sending HTTP Request: POST https://api.openai.com/v1/chat/completions
2025-07-01 15:20:25,538 DEBUG send_request_headers.started request=<Request [b'POST']>
2025-07-01 15:20:25,538 DEBUG send_request_headers.complete
2025-07-01 15:20:25,538 DEBUG send_request_body.started request=<Request [b'POST']>
2025-07-01 15:20:25,538 DEBUG send_request_body.complete
2025-07-01 15:20:25,538 DEBUG receive_response_headers.started request=<Request [b'POST']>
2025-07-01 15:20:29,715 DEBUG receive_response_headers.complete return_value=(b'HTTP/1.1', 200, b'OK', [(b'Date', b'Tue, 01 Jul 2025 19:20:28 GMT'), (b'Content-Type', b'application/json'), (b'Transfer-Encoding', b'chunked'), (b'Connection', b'keep-alive'), (b'access-control-expose-headers', b'X-Request-ID'), (b'openai-organization', b'user-58hzvdaaovkznpa7grjzxtja'), (b'openai-processing-ms', b'4664'), (b'openai-version', b'2020-10-01'), (b'x-envoy-upstream-service-time', b'4669'), (b'x-ratelimit-limit-requests', b'5000'), (b'x-ratelimit-limit-tokens', b'4000000'), (b'x-ratelimit-remaining-requests', b'4999'), (b'x-ratelimit-remaining-tokens', b'3998943'), (b'x-ratelimit-reset-requests', b'12ms'), (b'x-ratelimit-reset-tokens', b'15ms'), (b'x-request-id', b'req_f154ec3566ac385cd00e6799593498ee'), (b'strict-transport-security', b'max-age=31536000; includeSubDomains; preload'), (b'cf-cache-status', b'DYNAMIC'), (b'X-Content-Type-Options', b'nosniff'), (b'Server', b'cloudflare'), (b'CF-RAY', b'958842aebf9c10a1-ORD'), (b'Content-Encoding', b'gzip'), (b'alt-svc', b'h3=":443"; ma=86400')])
2025-07-01 15:20:29,716 INFO HTTP Request: POST https://api.openai.com/v1/chat/completions "HTTP/1.1 200 OK"
2025-07-01 15:20:29,716 DEBUG receive_response_body.started request=<Request [b'POST']>
2025-07-01 15:20:29,721 DEBUG receive_response_body.complete
2025-07-01 15:20:29,721 DEBUG response_closed.started
2025-07-01 15:20:29,721 DEBUG response_closed.complete
2025-07-01 15:20:29,721 DEBUG HTTP Response: POST https://api.openai.com/v1/chat/completions "200 OK" Headers({'date': 'Tue, 01 Jul 2025 19:20:28 GMT', 'content-type': 'application/json', 'transfer-encoding': 'chunked', 'connection': 'keep-alive', 'access-control-expose-headers': 'X-Request-ID', 'openai-organization': 'user-58hzvdaaovkznpa7grjzxtja', 'openai-processing-ms': '4664', 'openai-version': '2020-10-01', 'x-envoy-upstream-service-time': '4669', 'x-ratelimit-limit-requests': '5000', 'x-ratelimit-limit-tokens': '4000000', 'x-ratelimit-remaining-requests': '4999', 'x-ratelimit-remaining-tokens': '3998943', 'x-ratelimit-reset-requests': '12ms', 'x-ratelimit-reset-tokens': '15ms', 'x-request-id': 'req_f154ec3566ac385cd00e6799593498ee', 'strict-transport-security': 'max-age=31536000; includeSubDomains; preload', 'cf-cache-status': 'DYNAMIC', 'x-content-type-options': 'nosniff', 'server': 'cloudflare', 'cf-ray': '958842aebf9c10a1-ORD', 'content-encoding': 'gzip', 'alt-svc': 'h3=":443"; ma=86400'})
2025-07-01 15:20:29,721 DEBUG request_id: req_f154ec3566ac385cd00e6799593498ee
2025-07-01 15:20:29,723 DEBUG Chunk 13 response: [
    {
        "control_id": "CC6.2.2",
        "control_desc": "System access is removed within 48 hours upon employee or contractor termination.",
        "control_test": "For a selection of terminated personnel during the period, inspected offboarding tickets to verify whether system access was removed within 48 hours of termination.",
        "control_test_results": "No exceptions noted.",
        "control_page_ref": null,
        "control_line_ref": null
    },
    {
        "control_id": "CC6.2.3",
        "control_desc": "On a quarterly basis, management reviews access rights for all SimpleLegal personnel to ensure that system access is appropriate. Any access rights that are no longer needed are removed following this review.",
        "control_test": "For a selection of quarters, inspected the account audit reports to verify whether comprehensive user access reviews were conducted by management during the period and that access rights were modified as needed, based on the review.",
        "control_test_results": "No exceptions noted.",
        "control_page_ref": null,
        "control_line_ref": null
    },
    {
        "control_id": "CC6.3.1",
        "control_desc": "An authorized system administrator approves access to SimpleLegal systems and applications for newly hired personnel as well as access change requests.",
        "control_test": "For all new hires during the period, inspected onboarding tickets to verify whether access rights to SimpleLegal's systems and applications were approved by a system administrator and were appropriate based on each of the new hires’ roles. For a selection of role changes during the period, inspected IT tickets to verify whether access rights to SimpleLegal's systems and applications were approved by a system administrator and were appropriate.",
        "control_test_results": "No exceptions noted.",
        "control_page_ref": null,
        "control_line_ref": null
    },
    {
        "control_id": "CC6.3.2",
        "control_desc": "System access is removed within 48 hours upon employee or contractor termination.",
        "control_test": "For a selection of terminated personnel during the period, inspected offboarding tickets to verify whether system access was removed within 48 hours of termination.",
        "control_test_results": "No exceptions noted.",
        "control_page_ref": 35,
        "control_line_ref": null
    },
    {
        "control_id": "CC6.3.3",
        "control_desc": "On a quarterly basis, management reviews access rights for all SimpleLegal personnel to ensure that system access is appropriate. Any access rights that are no longer needed are removed following this review.",
        "control_test": "For a selection of quarters, inspected the account audit reports to verify whether comprehensive user access reviews were conducted by management during the period and that access rights were modified as needed, based on the review.",
        "control_test_results": "No exceptions noted.",
        "control_page_ref": 35,
        "control_line_ref": null
    },
    {
        "control_id": "CC6.3.4",
        "control_desc": "SimpleLegal maintains remote-wipe software on all Company workstations.",
        "control_test": "Inspect",
        "control_test_results": null,
        "control_page_ref": null,
        "control_line_ref": null
    }
]
2025-07-01 15:20:29,723 INFO CHUNK 13 EXTRACTED 6 CONTROLS
2025-07-01 15:20:29,723 INFO PROCESSING CHUNK 17:
CHUNK TEXT (first 500 chars):
owned workstations to 
enforce built-in security controls. 
Inspected the Jamf Pro dashboard to verify whether a 
centralized mobile device management solution had been 
deployed to Company-owned workstations to enforce built-
in security controls. 
No exceptions noted. 
=== PAGE 37 ===

37 
Control # 
Control Activity Specified by SimpleLegal 
Boulay’s Test of Controls 
Test Results 
CC6.8: The entity implements controls to prevent or detect and act upon the introduction of unauthorized or mali
2025-07-01 15:20:29,724 INFO CHUNK 17 PROMPT:
You are an expert at reading SOC reports. Given the following text, extract all controls tested. Controls may be listed under section headings (such as COSO or TSC sections), and control IDs may appear in many formats: e.g., 'CC9.1', 'CC 9.1', 'CC.9.1', '9.1', or as a section like 'CC9.0' with controls listed as 1, 2, 3, etc. Do your best to distinguish between section IDs and control IDs, and capture the most specific control ID for each control. For each control, extract the following fields as accurately as possible: 
- control_id: (string, the control's unique identifier as shown in the report, or null if not found)
- control_desc: (string, the description of the control—what the company is supposed to comply with)
- control_test: (string, what the auditor tested to determine design and operating effectiveness)
- control_test_results: (string, the results of the test, e.g., 'No exceptions noted', 'No deviations noted', or a description of any exceptions or findings)
- control_page_ref: (int, page number if available, else null)
- control_line_ref: (int, line number in the text where the control was found)
If you cannot find a value, use null. Output a JSON array, one object per control. Do not include any explanation, markdown, or extra text.
Text:
owned workstations to 
enforce built-in security controls. 
Inspected the Jamf Pro dashboard to verify whether a 
centralized mobile device management solution had been 
deployed to Company-owned workstations to enforce built-
in security controls. 
No exceptions noted. 
=== PAGE 37 ===

37 
Control # 
Control Activity Specified by SimpleLegal 
Boulay’s Test of Controls 
Test Results 
CC6.8: The entity implements controls to prevent or detect and act upon the introduction of unauthorized or malicious software to meet the entity’s objectives. 
CC6.8.1 
SimpleLegal utilizes an endpoint protection tool to 
monitor employee devices and ensure that endpoint 
protection, including antivirus/anti-malware, is enabled to 
prevent the introduction of unauthorized or malicious 
software. The endpoint protection system has alerts, 
logs, and reporting functionality to analyze and inform 
the Company of potential threats. 
Inspected the Sophos dashboard to verify whether endpoint 
protection software was deployed across the organization to 
prevent and detect unauthorized or malicious software such 
as viruses, malware, and ransomware. 
Inspected the Sophos dashboard to verify whether alerts, 
logs, and reports were generated when potential threats 
were detected by the endpoint protection software. 
No exceptions noted. 
CC6.8.2 
SimpleLegal configures its email security policies to 
protect the organization from phishing, malware, and 
spam. Emails that have been quarantined are accessible 
to administrators for further review. 
Inspected the Mimecast dashboard to verify whether 
SimpleLegal configured its email security policies to protect 
the organization from phishing, malware, and spam and that 
any emails that have been quarantined are only accessible 
to administrators. 
No exceptions noted. 
System Operations 
CC7.1: To meet its objectives, the entity uses detection and monitoring procedures to identify (1) changes to configurations that result in the introduction of new 
vulnerabilities and (2) susceptibilities to newly discovered vulnerabilities.  
CC7.1.1 
SimpleLegal maintains baseline configurations for its 
information systems and system components to reflect 
the current enterprise architecture. 
Inspected the System Hardening Guidelines and the Jamf 
Pro configuration profiles to verify whether SimpleLegal 
maintained baseline configurations for its information 
systems and system components. 
No exceptions noted. 
CC7.1.2 
SimpleLegal has implemented a vulnerability 
management program to detect and remediate system 
vulnerabilities in software packages used in the 
Company’s infrastructure. System patching is performed 
on a periodic basis by the infrastructure team for proper 
vulnerability mitigation. 
For a selection of months during the period, inspected the 
Probely vulnerability scanning reports to verify whether 
SimpleLegal had implemented a vulnerability management 


2025-07-01 15:20:29,726 DEBUG Request options: {'method': 'post', 'url': '/chat/completions', 'files': None, 'idempotency_key': 'stainless-python-retry-297cf693-e02d-493e-a41b-1af0fe98a45a', 'json_data': {'messages': [{'role': 'user', 'content': "You are an expert at reading SOC reports. Given the following text, extract all controls tested. Controls may be listed under section headings (such as COSO or TSC sections), and control IDs may appear in many formats: e.g., 'CC9.1', 'CC 9.1', 'CC.9.1', '9.1', or as a section like 'CC9.0' with controls listed as 1, 2, 3, etc. Do your best to distinguish between section IDs and control IDs, and capture the most specific control ID for each control. For each control, extract the following fields as accurately as possible: \n- control_id: (string, the control's unique identifier as shown in the report, or null if not found)\n- control_desc: (string, the description of the control—what the company is supposed to comply with)\n- control_test: (string, what the auditor tested to determine design and operating effectiveness)\n- control_test_results: (string, the results of the test, e.g., 'No exceptions noted', 'No deviations noted', or a description of any exceptions or findings)\n- control_page_ref: (int, page number if available, else null)\n- control_line_ref: (int, line number in the text where the control was found)\nIf you cannot find a value, use null. Output a JSON array, one object per control. Do not include any explanation, markdown, or extra text.\nText:\nowned workstations to \nenforce built-in security controls. \nInspected the Jamf Pro dashboard to verify whether a \ncentralized mobile device management solution had been \ndeployed to Company-owned workstations to enforce built-\nin security controls. \nNo exceptions noted. \n=== PAGE 37 ===\n\n37 \nControl # \nControl Activity Specified by SimpleLegal \nBoulay’s Test of Controls \nTest Results \nCC6.8: The entity implements controls to prevent or detect and act upon the introduction of unauthorized or malicious software to meet the entity’s objectives. \nCC6.8.1 \nSimpleLegal utilizes an endpoint protection tool to \nmonitor employee devices and ensure that endpoint \nprotection, including antivirus/anti-malware, is enabled to \nprevent the introduction of unauthorized or malicious \nsoftware. The endpoint protection system has alerts, \nlogs, and reporting functionality to analyze and inform \nthe Company of potential threats. \nInspected the Sophos dashboard to verify whether endpoint \nprotection software was deployed across the organization to \nprevent and detect unauthorized or malicious software such \nas viruses, malware, and ransomware. \nInspected the Sophos dashboard to verify whether alerts, \nlogs, and reports were generated when potential threats \nwere detected by the endpoint protection software. \nNo exceptions noted. \nCC6.8.2 \nSimpleLegal configures its email security policies to \nprotect the organization from phishing, malware, and \nspam. Emails that have been quarantined are accessible \nto administrators for further review. \nInspected the Mimecast dashboard to verify whether \nSimpleLegal configured its email security policies to protect \nthe organization from phishing, malware, and spam and that \nany emails that have been quarantined are only accessible \nto administrators. \nNo exceptions noted. \nSystem Operations \nCC7.1: To meet its objectives, the entity uses detection and monitoring procedures to identify (1) changes to configurations that result in the introduction of new \nvulnerabilities and (2) susceptibilities to newly discovered vulnerabilities.  \nCC7.1.1 \nSimpleLegal maintains baseline configurations for its \ninformation systems and system components to reflect \nthe current enterprise architecture. \nInspected the System Hardening Guidelines and the Jamf \nPro configuration profiles to verify whether SimpleLegal \nmaintained baseline configurations for its information \nsystems and system components. \nNo exceptions noted. \nCC7.1.2 \nSimpleLegal has implemented a vulnerability \nmanagement program to detect and remediate system \nvulnerabilities in software packages used in the \nCompany’s infrastructure. System patching is performed \non a periodic basis by the infrastructure team for proper \nvulnerability mitigation. \nFor a selection of months during the period, inspected the \nProbely vulnerability scanning reports to verify whether \nSimpleLegal had implemented a vulnerability management \n\n"}], 'model': 'gpt-3.5-turbo', 'temperature': 0.0, 'top_p': 0.0}}
2025-07-01 15:20:29,726 DEBUG Sending HTTP Request: POST https://api.openai.com/v1/chat/completions
2025-07-01 15:20:29,727 DEBUG send_request_headers.started request=<Request [b'POST']>
2025-07-01 15:20:29,727 DEBUG send_request_headers.complete
2025-07-01 15:20:29,727 DEBUG send_request_body.started request=<Request [b'POST']>
2025-07-01 15:20:29,727 DEBUG send_request_body.complete
2025-07-01 15:20:29,727 DEBUG receive_response_headers.started request=<Request [b'POST']>
2025-07-01 15:20:29,833 DEBUG receive_response_headers.complete return_value=(b'HTTP/1.1', 200, b'OK', [(b'Date', b'Tue, 01 Jul 2025 19:20:28 GMT'), (b'Content-Type', b'application/json'), (b'Transfer-Encoding', b'chunked'), (b'Connection', b'keep-alive'), (b'access-control-expose-headers', b'X-Request-ID'), (b'openai-organization', b'user-58hzvdaaovkznpa7grjzxtja'), (b'openai-processing-ms', b'4448'), (b'openai-version', b'2020-10-01'), (b'x-envoy-upstream-service-time', b'4472'), (b'x-ratelimit-limit-requests', b'5000'), (b'x-ratelimit-limit-tokens', b'4000000'), (b'x-ratelimit-remaining-requests', b'4999'), (b'x-ratelimit-remaining-tokens', b'3998943'), (b'x-ratelimit-reset-requests', b'12ms'), (b'x-ratelimit-reset-tokens', b'15ms'), (b'x-request-id', b'req_8df9ebd3d81836745745cc9325529151'), (b'strict-transport-security', b'max-age=31536000; includeSubDomains; preload'), (b'cf-cache-status', b'DYNAMIC'), (b'X-Content-Type-Options', b'nosniff'), (b'Server', b'cloudflare'), (b'CF-RAY', b'958842b06a7c8f4b-ORD'), (b'Content-Encoding', b'gzip'), (b'alt-svc', b'h3=":443"; ma=86400')])
2025-07-01 15:20:29,833 INFO HTTP Request: POST https://api.openai.com/v1/chat/completions "HTTP/1.1 200 OK"
2025-07-01 15:20:29,833 DEBUG receive_response_body.started request=<Request [b'POST']>
2025-07-01 15:20:29,838 DEBUG receive_response_body.complete
2025-07-01 15:20:29,838 DEBUG response_closed.started
2025-07-01 15:20:29,838 DEBUG response_closed.complete
2025-07-01 15:20:29,838 DEBUG HTTP Response: POST https://api.openai.com/v1/chat/completions "200 OK" Headers({'date': 'Tue, 01 Jul 2025 19:20:28 GMT', 'content-type': 'application/json', 'transfer-encoding': 'chunked', 'connection': 'keep-alive', 'access-control-expose-headers': 'X-Request-ID', 'openai-organization': 'user-58hzvdaaovkznpa7grjzxtja', 'openai-processing-ms': '4448', 'openai-version': '2020-10-01', 'x-envoy-upstream-service-time': '4472', 'x-ratelimit-limit-requests': '5000', 'x-ratelimit-limit-tokens': '4000000', 'x-ratelimit-remaining-requests': '4999', 'x-ratelimit-remaining-tokens': '3998943', 'x-ratelimit-reset-requests': '12ms', 'x-ratelimit-reset-tokens': '15ms', 'x-request-id': 'req_8df9ebd3d81836745745cc9325529151', 'strict-transport-security': 'max-age=31536000; includeSubDomains; preload', 'cf-cache-status': 'DYNAMIC', 'x-content-type-options': 'nosniff', 'server': 'cloudflare', 'cf-ray': '958842b06a7c8f4b-ORD', 'content-encoding': 'gzip', 'alt-svc': 'h3=":443"; ma=86400'})
2025-07-01 15:20:29,839 DEBUG request_id: req_8df9ebd3d81836745745cc9325529151
2025-07-01 15:20:29,840 DEBUG Chunk 15 response: [
    {
        "control_id": "CC6.4.3",
        "control_desc": "Onit utilizes video surveillance cameras that provide 24/7 video streaming, recording, and motion detection.",
        "control_test": "Inspected images of the Onit office in Houston to verify whether Onit utilized cameras to provide 24/7 surveillance of the office.",
        "control_test_results": "No exceptions noted.",
        "control_page_ref": null,
        "control_line_ref": null
    },
    {
        "control_id": "CC6.4.4",
        "control_desc": "Onit maintains an office shred bin for the disposal of sensitive hardcopy materials.",
        "control_test": "Inspected images of the Onit office in Houston to verify whether the Onit office had a shred bin to securely dispose of sensitive hardcopy materials.",
        "control_test_results": "No exceptions noted.",
        "control_page_ref": null,
        "control_line_ref": null
    },
    {
        "control_id": "CC6.5.1",
        "control_desc": "SimpleLegal maintains a Record Retention Policy that outlines how long various types of information are to be retained by the Company.",
        "control_test": "Inspected the Record Retention Policy to verify whether it outlined the requirements for disposing of various types of information at SimpleLegal.",
        "control_test_results": "No exceptions noted.",
        "control_page_ref": null,
        "control_line_ref": null
    },
    {
        "control_id": "CC6.5.2",
        "control_desc": "Prior to disposing of obsolete workstations or removable media, the SVP, Business Operations & Integrations or the Director, Information Technology ensure that all physical devices are sanitized to remove any confidential information.",
        "control_test": "Inspected images of the Onit office in Houston to verify whether workstations and removable media were stored in a secure location prior to reuse or disposal.",
        "control_test_results": "No exceptions noted.",
        "control_page_ref": 36,
        "control_line_ref": null
    },
    {
        "control_id": "CC6.6.1",
        "control_desc": "Firewall rules are configured to restrict network traffic to approved ports, protocols, and sources.",
        "control_test": "Inspected the AWS security group configurations to verify whether network traffic was restricted to approved ports, protocols, and sources.",
        "control_test_results": "No exceptions noted.",
        "control_page_ref": null,
        "control_line_ref": null
    },
    {
        "control_id": "CC6.6.2",
        "control_desc": "SimpleLegal utilizes a Web Application Firewall (WAF) to protect the web application from web-based threats.",
        "control_test": "Inspected the Cloudflare dashboard to verify whether a WAF was utilized to protect the application from web-based",
        "control_test_results": null,
        "control_page_ref": null,
        "control_line_ref": null
    }
]
2025-07-01 15:20:29,841 INFO CHUNK 15 EXTRACTED 6 CONTROLS
2025-07-01 15:20:29,841 INFO PROCESSING CHUNK 18:
CHUNK TEXT (first 500 chars):
1) changes to configurations that result in the introduction of new 
vulnerabilities and (2) susceptibilities to newly discovered vulnerabilities.  
CC7.1.1 
SimpleLegal maintains baseline configurations for its 
information systems and system components to reflect 
the current enterprise architecture. 
Inspected the System Hardening Guidelines and the Jamf 
Pro configuration profiles to verify whether SimpleLegal 
maintained baseline configurations for its information 
systems and system compon
2025-07-01 15:20:29,841 INFO CHUNK 18 PROMPT:
You are an expert at reading SOC reports. Given the following text, extract all controls tested. Controls may be listed under section headings (such as COSO or TSC sections), and control IDs may appear in many formats: e.g., 'CC9.1', 'CC 9.1', 'CC.9.1', '9.1', or as a section like 'CC9.0' with controls listed as 1, 2, 3, etc. Do your best to distinguish between section IDs and control IDs, and capture the most specific control ID for each control. For each control, extract the following fields as accurately as possible: 
- control_id: (string, the control's unique identifier as shown in the report, or null if not found)
- control_desc: (string, the description of the control—what the company is supposed to comply with)
- control_test: (string, what the auditor tested to determine design and operating effectiveness)
- control_test_results: (string, the results of the test, e.g., 'No exceptions noted', 'No deviations noted', or a description of any exceptions or findings)
- control_page_ref: (int, page number if available, else null)
- control_line_ref: (int, line number in the text where the control was found)
If you cannot find a value, use null. Output a JSON array, one object per control. Do not include any explanation, markdown, or extra text.
Text:
1) changes to configurations that result in the introduction of new 
vulnerabilities and (2) susceptibilities to newly discovered vulnerabilities.  
CC7.1.1 
SimpleLegal maintains baseline configurations for its 
information systems and system components to reflect 
the current enterprise architecture. 
Inspected the System Hardening Guidelines and the Jamf 
Pro configuration profiles to verify whether SimpleLegal 
maintained baseline configurations for its information 
systems and system components. 
No exceptions noted. 
CC7.1.2 
SimpleLegal has implemented a vulnerability 
management program to detect and remediate system 
vulnerabilities in software packages used in the 
Company’s infrastructure. System patching is performed 
on a periodic basis by the infrastructure team for proper 
vulnerability mitigation. 
For a selection of months during the period, inspected the 
Probely vulnerability scanning reports to verify whether 
SimpleLegal had implemented a vulnerability management 
program to detect and remediate system vulnerabilities in 
software packages. 
Per inspection of the Probely vulnerability scanning reports, 
noted that there were no vulnerabilities that required 
patching. Therefore, further testing was not applicable. 
No exceptions noted. 
CC7.1.3 
SimpleLegal uses intrusion detection systems that 
continuously monitor for malicious activity and 
unauthorized behavior related to AWS accounts, 
workloads, and data. 
Inspected the GuardDuty and CrowdStrike intrusion 
detection systems to verify whether they were implemented 
to monitor for malicious activity and unauthorized behavior 
related to AWS accounts, workloads, and data. 
No exceptions noted. 
=== PAGE 38 ===

38 
Control # 
Control Activity Specified by SimpleLegal 
Boulay’s Test of Controls 
Test Results 
CC7.1.4 
A log management tool is utilized to identify trends that 
may have a potential impact on the Company's ability to 
achieve its security objectives. 
Inspected the Elastic dashboard to verify whether a log 
management tool was utilized to identify trends that may 
have a potential impact on the Company's ability to achieve 
its security objectives. 
No exceptions noted. 
CC7.2: The entity monitors system components and the operation of those components for anomalies that are indicative of malicious acts, natural disasters, and 
errors affecting the entity’s ability to meet its objectives; anomalies are analyzed to determine whether they represent security events. 
CC7.2.1 
SimpleLegal maintains updated detection policies, 
procedures, and tools to identify anomalies or unusual 
activity on information systems. Potential security 
incidents are filtered and analyzed based on established 
detection measures. 
Inspected the Incident Reporting and Response Policy to 
verify whether it adequately documented incident detection 
processes and management of potential incidents. 
Inspected the following m

2025-07-01 15:20:29,844 DEBUG Request options: {'method': 'post', 'url': '/chat/completions', 'files': None, 'idempotency_key': 'stainless-python-retry-90c6aa11-9463-4296-b3d6-4cfaa301efdd', 'json_data': {'messages': [{'role': 'user', 'content': "You are an expert at reading SOC reports. Given the following text, extract all controls tested. Controls may be listed under section headings (such as COSO or TSC sections), and control IDs may appear in many formats: e.g., 'CC9.1', 'CC 9.1', 'CC.9.1', '9.1', or as a section like 'CC9.0' with controls listed as 1, 2, 3, etc. Do your best to distinguish between section IDs and control IDs, and capture the most specific control ID for each control. For each control, extract the following fields as accurately as possible: \n- control_id: (string, the control's unique identifier as shown in the report, or null if not found)\n- control_desc: (string, the description of the control—what the company is supposed to comply with)\n- control_test: (string, what the auditor tested to determine design and operating effectiveness)\n- control_test_results: (string, the results of the test, e.g., 'No exceptions noted', 'No deviations noted', or a description of any exceptions or findings)\n- control_page_ref: (int, page number if available, else null)\n- control_line_ref: (int, line number in the text where the control was found)\nIf you cannot find a value, use null. Output a JSON array, one object per control. Do not include any explanation, markdown, or extra text.\nText:\n1) changes to configurations that result in the introduction of new \nvulnerabilities and (2) susceptibilities to newly discovered vulnerabilities.  \nCC7.1.1 \nSimpleLegal maintains baseline configurations for its \ninformation systems and system components to reflect \nthe current enterprise architecture. \nInspected the System Hardening Guidelines and the Jamf \nPro configuration profiles to verify whether SimpleLegal \nmaintained baseline configurations for its information \nsystems and system components. \nNo exceptions noted. \nCC7.1.2 \nSimpleLegal has implemented a vulnerability \nmanagement program to detect and remediate system \nvulnerabilities in software packages used in the \nCompany’s infrastructure. System patching is performed \non a periodic basis by the infrastructure team for proper \nvulnerability mitigation. \nFor a selection of months during the period, inspected the \nProbely vulnerability scanning reports to verify whether \nSimpleLegal had implemented a vulnerability management \nprogram to detect and remediate system vulnerabilities in \nsoftware packages. \nPer inspection of the Probely vulnerability scanning reports, \nnoted that there were no vulnerabilities that required \npatching. Therefore, further testing was not applicable. \nNo exceptions noted. \nCC7.1.3 \nSimpleLegal uses intrusion detection systems that \ncontinuously monitor for malicious activity and \nunauthorized behavior related to AWS accounts, \nworkloads, and data. \nInspected the GuardDuty and CrowdStrike intrusion \ndetection systems to verify whether they were implemented \nto monitor for malicious activity and unauthorized behavior \nrelated to AWS accounts, workloads, and data. \nNo exceptions noted. \n=== PAGE 38 ===\n\n38 \nControl # \nControl Activity Specified by SimpleLegal \nBoulay’s Test of Controls \nTest Results \nCC7.1.4 \nA log management tool is utilized to identify trends that \nmay have a potential impact on the Company's ability to \nachieve its security objectives. \nInspected the Elastic dashboard to verify whether a log \nmanagement tool was utilized to identify trends that may \nhave a potential impact on the Company's ability to achieve \nits security objectives. \nNo exceptions noted. \nCC7.2: The entity monitors system components and the operation of those components for anomalies that are indicative of malicious acts, natural disasters, and \nerrors affecting the entity’s ability to meet its objectives; anomalies are analyzed to determine whether they represent security events. \nCC7.2.1 \nSimpleLegal maintains updated detection policies, \nprocedures, and tools to identify anomalies or unusual \nactivity on information systems. Potential security \nincidents are filtered and analyzed based on established \ndetection measures. \nInspected the Incident Reporting and Response Policy to \nverify whether it adequately documented incident detection \nprocesses and management of potential incidents. \nInspected the following m\n"}], 'model': 'gpt-3.5-turbo', 'temperature': 0.0, 'top_p': 0.0}}
2025-07-01 15:20:29,845 DEBUG Sending HTTP Request: POST https://api.openai.com/v1/chat/completions
2025-07-01 15:20:29,845 DEBUG send_request_headers.started request=<Request [b'POST']>
2025-07-01 15:20:29,845 DEBUG send_request_headers.complete
2025-07-01 15:20:29,846 DEBUG send_request_body.started request=<Request [b'POST']>
2025-07-01 15:20:29,846 DEBUG send_request_body.complete
2025-07-01 15:20:29,846 DEBUG receive_response_headers.started request=<Request [b'POST']>
2025-07-01 15:20:29,876 DEBUG receive_response_headers.complete return_value=(b'HTTP/1.1', 200, b'OK', [(b'Date', b'Tue, 01 Jul 2025 19:20:29 GMT'), (b'Content-Type', b'application/json'), (b'Transfer-Encoding', b'chunked'), (b'Connection', b'keep-alive'), (b'access-control-expose-headers', b'X-Request-ID'), (b'openai-organization', b'user-58hzvdaaovkznpa7grjzxtja'), (b'openai-processing-ms', b'4572'), (b'openai-version', b'2020-10-01'), (b'x-envoy-upstream-service-time', b'4582'), (b'x-ratelimit-limit-requests', b'5000'), (b'x-ratelimit-limit-tokens', b'4000000'), (b'x-ratelimit-remaining-requests', b'4999'), (b'x-ratelimit-remaining-tokens', b'3998943'), (b'x-ratelimit-reset-requests', b'12ms'), (b'x-ratelimit-reset-tokens', b'15ms'), (b'x-request-id', b'req_74b88820b7586e46c1ede4af6c8a54c8'), (b'strict-transport-security', b'max-age=31536000; includeSubDomains; preload'), (b'cf-cache-status', b'DYNAMIC'), (b'X-Content-Type-Options', b'nosniff'), (b'Server', b'cloudflare'), (b'CF-RAY', b'958842b01b2ee991-ORD'), (b'Content-Encoding', b'gzip'), (b'alt-svc', b'h3=":443"; ma=86400')])
2025-07-01 15:20:29,876 INFO HTTP Request: POST https://api.openai.com/v1/chat/completions "HTTP/1.1 200 OK"
2025-07-01 15:20:29,876 DEBUG receive_response_body.started request=<Request [b'POST']>
2025-07-01 15:20:29,877 DEBUG receive_response_body.complete
2025-07-01 15:20:29,877 DEBUG response_closed.started
2025-07-01 15:20:29,877 DEBUG response_closed.complete
2025-07-01 15:20:29,877 DEBUG HTTP Response: POST https://api.openai.com/v1/chat/completions "200 OK" Headers({'date': 'Tue, 01 Jul 2025 19:20:29 GMT', 'content-type': 'application/json', 'transfer-encoding': 'chunked', 'connection': 'keep-alive', 'access-control-expose-headers': 'X-Request-ID', 'openai-organization': 'user-58hzvdaaovkznpa7grjzxtja', 'openai-processing-ms': '4572', 'openai-version': '2020-10-01', 'x-envoy-upstream-service-time': '4582', 'x-ratelimit-limit-requests': '5000', 'x-ratelimit-limit-tokens': '4000000', 'x-ratelimit-remaining-requests': '4999', 'x-ratelimit-remaining-tokens': '3998943', 'x-ratelimit-reset-requests': '12ms', 'x-ratelimit-reset-tokens': '15ms', 'x-request-id': 'req_74b88820b7586e46c1ede4af6c8a54c8', 'strict-transport-security': 'max-age=31536000; includeSubDomains; preload', 'cf-cache-status': 'DYNAMIC', 'x-content-type-options': 'nosniff', 'server': 'cloudflare', 'cf-ray': '958842b01b2ee991-ORD', 'content-encoding': 'gzip', 'alt-svc': 'h3=":443"; ma=86400'})
2025-07-01 15:20:29,877 DEBUG request_id: req_74b88820b7586e46c1ede4af6c8a54c8
2025-07-01 15:20:29,879 DEBUG Chunk 14 response: [
    {
        "control_id": "CC6.3.2",
        "control_desc": "System access is removed within 48 hours upon employee or contractor termination.",
        "control_test": "For a selection of terminated personnel during the period, inspected offboarding tickets to verify whether system access was removed within 48 hours of termination.",
        "control_test_results": "No exceptions noted.",
        "control_page_ref": 35,
        "control_line_ref": 7
    },
    {
        "control_id": "CC6.3.3",
        "control_desc": "On a quarterly basis, management reviews access rights for all SimpleLegal personnel to ensure that system access is appropriate. Any access rights that are no longer needed are removed following this review.",
        "control_test": "For a selection of quarters, inspected the account audit reports to verify whether comprehensive user access reviews were conducted by management during the period and that access rights were modified as needed, based on the review.",
        "control_test_results": "No exceptions noted.",
        "control_page_ref": 35,
        "control_line_ref": 17
    },
    {
        "control_id": "CC6.3.4",
        "control_desc": "SimpleLegal maintains remote-wipe software on all Company workstations.",
        "control_test": "Inspected the Jamf Pro dashboard to verify whether remote-wipe software for workstations had been deployed across the organization.",
        "control_test_results": "No exceptions noted.",
        "control_page_ref": 35,
        "control_line_ref": 27
    },
    {
        "control_id": "CC6.4.1",
        "control_desc": "Onit maintains a Physical Security Policy that outlines requirements around maintaining security of Onit offices and IT equipment.",
        "control_test": "Inspected the Physical Security Policy to verify whether it outlined requirements around maintaining security of Onit offices and IT equipment.",
        "control_test_results": "No exceptions noted.",
        "control_page_ref": 35,
        "control_line_ref": 47
    },
    {
        "control_id": "CC6.4.2",
        "control_desc": "The entrance to Onit’s office is locked and a keycard/fob is required to gain entry.",
        "control_test": "Inspected images of the Onit office in Houston to verify whether the entrance was locked, and a keycard/fob was required to gain entry.",
        "control_test_results": "No exceptions noted.",
        "control_page_ref": 35,
        "control_line_ref": 57
    },
    {
        "control_id": "CC6.4.3",
        "control_desc": "Onit utilizes video surveillance cameras that provide 24/7 video streaming, recoding, and motion detection.",
        "control_test": "Inspected images of the Onit office in Houston to verify whether Onit utilized cameras to provide 24/7 surveillance of the office.",
        "control_test_results": "No exceptions noted.",
        "control_page_ref": 35,
        "control_line_ref": 67
    },
    {
        "control_id": "CC6.4.4",
        "control_desc": "Onit maintains an office shred bin for the disposal of sensitive hardcopy materials.",
        "control_test": "Inspected images of the Onit office in Houston to verify whether the Onit office had a shred bin to securely dispose of sensitive hardcopy materials.",
        "control_test_results": "No exceptions noted.",
        "control_page_ref": 35,
        "control_line_ref": 77
    }
]
2025-07-01 15:20:29,879 INFO CHUNK 14 EXTRACTED 7 CONTROLS
2025-07-01 15:20:29,879 INFO PROCESSING CHUNK 19:
CHUNK TEXT (first 500 chars):
o 
achieve its security objectives. 
Inspected the Elastic dashboard to verify whether a log 
management tool was utilized to identify trends that may 
have a potential impact on the Company's ability to achieve 
its security objectives. 
No exceptions noted. 
CC7.2: The entity monitors system components and the operation of those components for anomalies that are indicative of malicious acts, natural disasters, and 
errors affecting the entity’s ability to meet its objectives; anomalies are ana
2025-07-01 15:20:29,879 INFO CHUNK 19 PROMPT:
You are an expert at reading SOC reports. Given the following text, extract all controls tested. Controls may be listed under section headings (such as COSO or TSC sections), and control IDs may appear in many formats: e.g., 'CC9.1', 'CC 9.1', 'CC.9.1', '9.1', or as a section like 'CC9.0' with controls listed as 1, 2, 3, etc. Do your best to distinguish between section IDs and control IDs, and capture the most specific control ID for each control. For each control, extract the following fields as accurately as possible: 
- control_id: (string, the control's unique identifier as shown in the report, or null if not found)
- control_desc: (string, the description of the control—what the company is supposed to comply with)
- control_test: (string, what the auditor tested to determine design and operating effectiveness)
- control_test_results: (string, the results of the test, e.g., 'No exceptions noted', 'No deviations noted', or a description of any exceptions or findings)
- control_page_ref: (int, page number if available, else null)
- control_line_ref: (int, line number in the text where the control was found)
If you cannot find a value, use null. Output a JSON array, one object per control. Do not include any explanation, markdown, or extra text.
Text:
o 
achieve its security objectives. 
Inspected the Elastic dashboard to verify whether a log 
management tool was utilized to identify trends that may 
have a potential impact on the Company's ability to achieve 
its security objectives. 
No exceptions noted. 
CC7.2: The entity monitors system components and the operation of those components for anomalies that are indicative of malicious acts, natural disasters, and 
errors affecting the entity’s ability to meet its objectives; anomalies are analyzed to determine whether they represent security events. 
CC7.2.1 
SimpleLegal maintains updated detection policies, 
procedures, and tools to identify anomalies or unusual 
activity on information systems. Potential security 
incidents are filtered and analyzed based on established 
detection measures. 
Inspected the Incident Reporting and Response Policy to 
verify whether it adequately documented incident detection 
processes and management of potential incidents. 
Inspected the following monitoring tools to verify whether 
they were adequately leveraged to identify anomalies or 
unusual activity on information systems: 
• 
Web application penetration testing  
• 
Intrusion detection systems 
• 
Vulnerability scanning  
• 
Phishing simulations 
No exceptions noted. 
CC7.2.2 
Detection tools are periodically analyzed by 
management for effectiveness and remedial action is 
taken when necessary. 
For a selection of months, inspected executive leadership 
meeting invitations and agendas to verify whether the 
security team was included as attendees. 
No exceptions noted. 
SimpleLegal uses AWS to provide cloud computing and data center hosting services. Please reference Complementary Subservice Organization Controls (CSOCs) in Section III 
for additional controls that are to be implemented by the subservice organization. 
CC7.3: The entity evaluates security events to determine whether they could or have resulted in a failure of the entity to meet its objectives (security incidents) and, if 
so, takes actions to prevent or address such failures. 
CC7.3.1 
Incidents related to security are logged, tracked, and 
communicated to affected parties. Incidents are resolved 
in a timely manner in accordance with the formal incident 
management process. 
Inspected the incident tracker to verify whether it was 
utilized for logging potential incidents. 
For all incidents that occurred during the period, inspected 
incident tickets to verify whether SimpleLegal followed the 
incident response program. 
No exceptions noted. 
=== PAGE 39 ===

39 
Control # 
Control Activity Specified by SimpleLegal 
Boulay’s Test of Controls 
Test Results 
CC7.4: The entity responds to identified security incidents by executing a defined incident response program to understand, contain, remediate, and communicate 
security incidents, as appropriate. 
CC7.4.1 
SimpleLegal maintains an updated incident response 
program th

2025-07-01 15:20:29,881 DEBUG Request options: {'method': 'post', 'url': '/chat/completions', 'files': None, 'idempotency_key': 'stainless-python-retry-81a26ea1-2e0a-4cc9-8f18-503b74d67416', 'json_data': {'messages': [{'role': 'user', 'content': "You are an expert at reading SOC reports. Given the following text, extract all controls tested. Controls may be listed under section headings (such as COSO or TSC sections), and control IDs may appear in many formats: e.g., 'CC9.1', 'CC 9.1', 'CC.9.1', '9.1', or as a section like 'CC9.0' with controls listed as 1, 2, 3, etc. Do your best to distinguish between section IDs and control IDs, and capture the most specific control ID for each control. For each control, extract the following fields as accurately as possible: \n- control_id: (string, the control's unique identifier as shown in the report, or null if not found)\n- control_desc: (string, the description of the control—what the company is supposed to comply with)\n- control_test: (string, what the auditor tested to determine design and operating effectiveness)\n- control_test_results: (string, the results of the test, e.g., 'No exceptions noted', 'No deviations noted', or a description of any exceptions or findings)\n- control_page_ref: (int, page number if available, else null)\n- control_line_ref: (int, line number in the text where the control was found)\nIf you cannot find a value, use null. Output a JSON array, one object per control. Do not include any explanation, markdown, or extra text.\nText:\no \nachieve its security objectives. \nInspected the Elastic dashboard to verify whether a log \nmanagement tool was utilized to identify trends that may \nhave a potential impact on the Company's ability to achieve \nits security objectives. \nNo exceptions noted. \nCC7.2: The entity monitors system components and the operation of those components for anomalies that are indicative of malicious acts, natural disasters, and \nerrors affecting the entity’s ability to meet its objectives; anomalies are analyzed to determine whether they represent security events. \nCC7.2.1 \nSimpleLegal maintains updated detection policies, \nprocedures, and tools to identify anomalies or unusual \nactivity on information systems. Potential security \nincidents are filtered and analyzed based on established \ndetection measures. \nInspected the Incident Reporting and Response Policy to \nverify whether it adequately documented incident detection \nprocesses and management of potential incidents. \nInspected the following monitoring tools to verify whether \nthey were adequately leveraged to identify anomalies or \nunusual activity on information systems: \n• \nWeb application penetration testing  \n• \nIntrusion detection systems \n• \nVulnerability scanning  \n• \nPhishing simulations \nNo exceptions noted. \nCC7.2.2 \nDetection tools are periodically analyzed by \nmanagement for effectiveness and remedial action is \ntaken when necessary. \nFor a selection of months, inspected executive leadership \nmeeting invitations and agendas to verify whether the \nsecurity team was included as attendees. \nNo exceptions noted. \nSimpleLegal uses AWS to provide cloud computing and data center hosting services. Please reference Complementary Subservice Organization Controls (CSOCs) in Section III \nfor additional controls that are to be implemented by the subservice organization. \nCC7.3: The entity evaluates security events to determine whether they could or have resulted in a failure of the entity to meet its objectives (security incidents) and, if \nso, takes actions to prevent or address such failures. \nCC7.3.1 \nIncidents related to security are logged, tracked, and \ncommunicated to affected parties. Incidents are resolved \nin a timely manner in accordance with the formal incident \nmanagement process. \nInspected the incident tracker to verify whether it was \nutilized for logging potential incidents. \nFor all incidents that occurred during the period, inspected \nincident tickets to verify whether SimpleLegal followed the \nincident response program. \nNo exceptions noted. \n=== PAGE 39 ===\n\n39 \nControl # \nControl Activity Specified by SimpleLegal \nBoulay’s Test of Controls \nTest Results \nCC7.4: The entity responds to identified security incidents by executing a defined incident response program to understand, contain, remediate, and communicate \nsecurity incidents, as appropriate. \nCC7.4.1 \nSimpleLegal maintains an updated incident response \nprogram th\n"}], 'model': 'gpt-3.5-turbo', 'temperature': 0.0, 'top_p': 0.0}}
2025-07-01 15:20:29,882 DEBUG Sending HTTP Request: POST https://api.openai.com/v1/chat/completions
2025-07-01 15:20:29,882 DEBUG send_request_headers.started request=<Request [b'POST']>
2025-07-01 15:20:29,883 DEBUG send_request_headers.complete
2025-07-01 15:20:29,883 DEBUG send_request_body.started request=<Request [b'POST']>
2025-07-01 15:20:29,883 DEBUG send_request_body.complete
2025-07-01 15:20:29,883 DEBUG receive_response_headers.started request=<Request [b'POST']>
2025-07-01 15:20:34,871 DEBUG receive_response_headers.complete return_value=(b'HTTP/1.1', 200, b'OK', [(b'Date', b'Tue, 01 Jul 2025 19:20:34 GMT'), (b'Content-Type', b'application/json'), (b'Transfer-Encoding', b'chunked'), (b'Connection', b'keep-alive'), (b'access-control-expose-headers', b'X-Request-ID'), (b'openai-organization', b'user-58hzvdaaovkznpa7grjzxtja'), (b'openai-processing-ms', b'4952'), (b'openai-version', b'2020-10-01'), (b'x-envoy-upstream-service-time', b'4961'), (b'x-ratelimit-limit-requests', b'5000'), (b'x-ratelimit-limit-tokens', b'4000000'), (b'x-ratelimit-remaining-requests', b'4999'), (b'x-ratelimit-remaining-tokens', b'3998943'), (b'x-ratelimit-reset-requests', b'12ms'), (b'x-ratelimit-reset-tokens', b'15ms'), (b'x-request-id', b'req_375bcbddab6139eb5b78d1d174728e01'), (b'strict-transport-security', b'max-age=31536000; includeSubDomains; preload'), (b'cf-cache-status', b'DYNAMIC'), (b'X-Content-Type-Options', b'nosniff'), (b'Server', b'cloudflare'), (b'CF-RAY', b'958842cce91410a1-ORD'), (b'Content-Encoding', b'gzip'), (b'alt-svc', b'h3=":443"; ma=86400')])
2025-07-01 15:20:34,872 INFO HTTP Request: POST https://api.openai.com/v1/chat/completions "HTTP/1.1 200 OK"
2025-07-01 15:20:34,872 DEBUG receive_response_body.started request=<Request [b'POST']>
2025-07-01 15:20:34,872 DEBUG receive_response_body.complete
2025-07-01 15:20:34,872 DEBUG response_closed.started
2025-07-01 15:20:34,872 DEBUG response_closed.complete
2025-07-01 15:20:34,872 DEBUG HTTP Response: POST https://api.openai.com/v1/chat/completions "200 OK" Headers({'date': 'Tue, 01 Jul 2025 19:20:34 GMT', 'content-type': 'application/json', 'transfer-encoding': 'chunked', 'connection': 'keep-alive', 'access-control-expose-headers': 'X-Request-ID', 'openai-organization': 'user-58hzvdaaovkznpa7grjzxtja', 'openai-processing-ms': '4952', 'openai-version': '2020-10-01', 'x-envoy-upstream-service-time': '4961', 'x-ratelimit-limit-requests': '5000', 'x-ratelimit-limit-tokens': '4000000', 'x-ratelimit-remaining-requests': '4999', 'x-ratelimit-remaining-tokens': '3998943', 'x-ratelimit-reset-requests': '12ms', 'x-ratelimit-reset-tokens': '15ms', 'x-request-id': 'req_375bcbddab6139eb5b78d1d174728e01', 'strict-transport-security': 'max-age=31536000; includeSubDomains; preload', 'cf-cache-status': 'DYNAMIC', 'x-content-type-options': 'nosniff', 'server': 'cloudflare', 'cf-ray': '958842cce91410a1-ORD', 'content-encoding': 'gzip', 'alt-svc': 'h3=":443"; ma=86400'})
2025-07-01 15:20:34,872 DEBUG request_id: req_375bcbddab6139eb5b78d1d174728e01
2025-07-01 15:20:34,873 DEBUG Chunk 17 response: [
    {
        "control_id": "CC6.8.1",
        "control_desc": "SimpleLegal utilizes an endpoint protection tool to monitor employee devices and ensure that endpoint protection, including antivirus/anti-malware, is enabled to prevent the introduction of unauthorized or malicious software. The endpoint protection system has alerts, logs, and reporting functionality to analyze and inform the Company of potential threats.",
        "control_test": "Inspected the Sophos dashboard to verify whether endpoint protection software was deployed across the organization to prevent and detect unauthorized or malicious software such as viruses, malware, and ransomware.",
        "control_test_results": "No exceptions noted.",
        "control_page_ref": 37,
        "control_line_ref": 10
    },
    {
        "control_id": "CC6.8.1",
        "control_desc": "SimpleLegal utilizes an endpoint protection tool to monitor employee devices and ensure that endpoint protection, including antivirus/anti-malware, is enabled to prevent the introduction of unauthorized or malicious software. The endpoint protection system has alerts, logs, and reporting functionality to analyze and inform the Company of potential threats.",
        "control_test": "Inspected the Sophos dashboard to verify whether alerts, logs, and reports were generated when potential threats were detected by the endpoint protection software.",
        "control_test_results": "No exceptions noted.",
        "control_page_ref": 37,
        "control_line_ref": 14
    },
    {
        "control_id": "CC6.8.2",
        "control_desc": "SimpleLegal configures its email security policies to protect the organization from phishing, malware, and spam. Emails that have been quarantined are accessible to administrators for further review.",
        "control_test": "Inspected the Mimecast dashboard to verify whether SimpleLegal configured its email security policies to protect the organization from phishing, malware, and spam and that any emails that have been quarantined are only accessible to administrators.",
        "control_test_results": "No exceptions noted.",
        "control_page_ref": 37,
        "control_line_ref": 26
    },
    {
        "control_id": "CC7.1.1",
        "control_desc": "SimpleLegal maintains baseline configurations for its information systems and system components to reflect the current enterprise architecture.",
        "control_test": "Inspected the System Hardening Guidelines and the Jamf Pro configuration profiles to verify whether SimpleLegal maintained baseline configurations for its information systems and system components.",
        "control_test_results": "No exceptions noted.",
        "control_page_ref": 37,
        "control_line_ref": 46
    },
    {
        "control_id": "CC7.1.2",
        "control_desc": "SimpleLegal has implemented a vulnerability management program to detect and remediate system vulnerabilities in software packages used in the Company’s infrastructure. System patching is performed on a periodic basis by the infrastructure team for proper vulnerability mitigation.",
        "control_test": "For a selection of months during the period, inspected the Probely vulnerability scanning reports to verify whether SimpleLegal had implemented a vulnerability management",
        "control_test_results": null,
        "control_page_ref": null,
        "control_line_ref": null
    }
]
2025-07-01 15:20:34,873 INFO CHUNK 17 EXTRACTED 5 CONTROLS
2025-07-01 15:20:34,873 INFO PROCESSING CHUNK 20:
CHUNK TEXT (first 500 chars):
ed in a failure of the entity to meet its objectives (security incidents) and, if 
so, takes actions to prevent or address such failures. 
CC7.3.1 
Incidents related to security are logged, tracked, and 
communicated to affected parties. Incidents are resolved 
in a timely manner in accordance with the formal incident 
management process. 
Inspected the incident tracker to verify whether it was 
utilized for logging potential incidents. 
For all incidents that occurred during the period, inspect
2025-07-01 15:20:34,873 INFO CHUNK 20 PROMPT:
You are an expert at reading SOC reports. Given the following text, extract all controls tested. Controls may be listed under section headings (such as COSO or TSC sections), and control IDs may appear in many formats: e.g., 'CC9.1', 'CC 9.1', 'CC.9.1', '9.1', or as a section like 'CC9.0' with controls listed as 1, 2, 3, etc. Do your best to distinguish between section IDs and control IDs, and capture the most specific control ID for each control. For each control, extract the following fields as accurately as possible: 
- control_id: (string, the control's unique identifier as shown in the report, or null if not found)
- control_desc: (string, the description of the control—what the company is supposed to comply with)
- control_test: (string, what the auditor tested to determine design and operating effectiveness)
- control_test_results: (string, the results of the test, e.g., 'No exceptions noted', 'No deviations noted', or a description of any exceptions or findings)
- control_page_ref: (int, page number if available, else null)
- control_line_ref: (int, line number in the text where the control was found)
If you cannot find a value, use null. Output a JSON array, one object per control. Do not include any explanation, markdown, or extra text.
Text:
ed in a failure of the entity to meet its objectives (security incidents) and, if 
so, takes actions to prevent or address such failures. 
CC7.3.1 
Incidents related to security are logged, tracked, and 
communicated to affected parties. Incidents are resolved 
in a timely manner in accordance with the formal incident 
management process. 
Inspected the incident tracker to verify whether it was 
utilized for logging potential incidents. 
For all incidents that occurred during the period, inspected 
incident tickets to verify whether SimpleLegal followed the 
incident response program. 
No exceptions noted. 
=== PAGE 39 ===

39 
Control # 
Control Activity Specified by SimpleLegal 
Boulay’s Test of Controls 
Test Results 
CC7.4: The entity responds to identified security incidents by executing a defined incident response program to understand, contain, remediate, and communicate 
security incidents, as appropriate. 
CC7.4.1 
SimpleLegal maintains an updated incident response 
program that defines procedures for containing, 
mitigating, and ending the threats posed by security 
incidents, as well as restoring operations and 
communicating security incidents and actions taken to 
affected parties. 
Inspected the Incident Reporting and Response Policy to 
verify whether it provided comprehensive requirements and 
guidelines on how to effectively respond to potential security 
incidents and make necessary changes to mitigate the risk 
of future events. 
No exceptions noted. 
CC7.4.2 
SimpleLegal follows the incident response program by 
understanding the nature of the incident, determining a 
containment strategy, remediating identified 
vulnerabilities, and communicating remediation activities 
to appropriate internal and external parties. 
Inspected the Incident Reporting and Response Policy to 
verify whether it outlined requirements for understanding the 
nature of the incident, determining a containment strategy, 
remediating identified vulnerabilities, and communicating 
remediation activities. 
For all incidents that occurred during the period, inspected 
the incident tickets to verify whether SimpleLegal followed 
the incident response program. 
No exceptions noted. 
CC7.5: The entity identifies, develops, and implements activities to recover from identified security incidents. 
CC7.5.1 
SimpleLegal follows the Incident Response Plan to 
restore the affected environment to full operation by 
rebuilding systems, updating software, installing patches, 
and/or changing configurations, as needed. 
Inspected the Incident Reporting and Response Policy to 
verify whether it outlined processes for restoring the affected 
environment. 
For all incidents that occurred during the period, inspected 
the incident tickets to verify whether SimpleLegal restored 
the affected environments as applicable. 
No exceptions noted. 
CC7.5.2 
Information about the nature of the incident, recovery 
actio

2025-07-01 15:20:34,874 DEBUG Request options: {'method': 'post', 'url': '/chat/completions', 'files': None, 'idempotency_key': 'stainless-python-retry-99c8dbeb-83da-46a3-a4d6-57d73f67bcaa', 'json_data': {'messages': [{'role': 'user', 'content': "You are an expert at reading SOC reports. Given the following text, extract all controls tested. Controls may be listed under section headings (such as COSO or TSC sections), and control IDs may appear in many formats: e.g., 'CC9.1', 'CC 9.1', 'CC.9.1', '9.1', or as a section like 'CC9.0' with controls listed as 1, 2, 3, etc. Do your best to distinguish between section IDs and control IDs, and capture the most specific control ID for each control. For each control, extract the following fields as accurately as possible: \n- control_id: (string, the control's unique identifier as shown in the report, or null if not found)\n- control_desc: (string, the description of the control—what the company is supposed to comply with)\n- control_test: (string, what the auditor tested to determine design and operating effectiveness)\n- control_test_results: (string, the results of the test, e.g., 'No exceptions noted', 'No deviations noted', or a description of any exceptions or findings)\n- control_page_ref: (int, page number if available, else null)\n- control_line_ref: (int, line number in the text where the control was found)\nIf you cannot find a value, use null. Output a JSON array, one object per control. Do not include any explanation, markdown, or extra text.\nText:\ned in a failure of the entity to meet its objectives (security incidents) and, if \nso, takes actions to prevent or address such failures. \nCC7.3.1 \nIncidents related to security are logged, tracked, and \ncommunicated to affected parties. Incidents are resolved \nin a timely manner in accordance with the formal incident \nmanagement process. \nInspected the incident tracker to verify whether it was \nutilized for logging potential incidents. \nFor all incidents that occurred during the period, inspected \nincident tickets to verify whether SimpleLegal followed the \nincident response program. \nNo exceptions noted. \n=== PAGE 39 ===\n\n39 \nControl # \nControl Activity Specified by SimpleLegal \nBoulay’s Test of Controls \nTest Results \nCC7.4: The entity responds to identified security incidents by executing a defined incident response program to understand, contain, remediate, and communicate \nsecurity incidents, as appropriate. \nCC7.4.1 \nSimpleLegal maintains an updated incident response \nprogram that defines procedures for containing, \nmitigating, and ending the threats posed by security \nincidents, as well as restoring operations and \ncommunicating security incidents and actions taken to \naffected parties. \nInspected the Incident Reporting and Response Policy to \nverify whether it provided comprehensive requirements and \nguidelines on how to effectively respond to potential security \nincidents and make necessary changes to mitigate the risk \nof future events. \nNo exceptions noted. \nCC7.4.2 \nSimpleLegal follows the incident response program by \nunderstanding the nature of the incident, determining a \ncontainment strategy, remediating identified \nvulnerabilities, and communicating remediation activities \nto appropriate internal and external parties. \nInspected the Incident Reporting and Response Policy to \nverify whether it outlined requirements for understanding the \nnature of the incident, determining a containment strategy, \nremediating identified vulnerabilities, and communicating \nremediation activities. \nFor all incidents that occurred during the period, inspected \nthe incident tickets to verify whether SimpleLegal followed \nthe incident response program. \nNo exceptions noted. \nCC7.5: The entity identifies, develops, and implements activities to recover from identified security incidents. \nCC7.5.1 \nSimpleLegal follows the Incident Response Plan to \nrestore the affected environment to full operation by \nrebuilding systems, updating software, installing patches, \nand/or changing configurations, as needed. \nInspected the Incident Reporting and Response Policy to \nverify whether it outlined processes for restoring the affected \nenvironment. \nFor all incidents that occurred during the period, inspected \nthe incident tickets to verify whether SimpleLegal restored \nthe affected environments as applicable. \nNo exceptions noted. \nCC7.5.2 \nInformation about the nature of the incident, recovery \nactio\n"}], 'model': 'gpt-3.5-turbo', 'temperature': 0.0, 'top_p': 0.0}}
2025-07-01 15:20:34,877 DEBUG Sending HTTP Request: POST https://api.openai.com/v1/chat/completions
2025-07-01 15:20:34,877 DEBUG send_request_headers.started request=<Request [b'POST']>
2025-07-01 15:20:34,877 DEBUG send_request_headers.complete
2025-07-01 15:20:34,877 DEBUG send_request_body.started request=<Request [b'POST']>
2025-07-01 15:20:34,877 DEBUG send_request_body.complete
2025-07-01 15:20:34,877 DEBUG receive_response_headers.started request=<Request [b'POST']>
2025-07-01 15:20:34,964 DEBUG receive_response_headers.complete return_value=(b'HTTP/1.1', 200, b'OK', [(b'Date', b'Tue, 01 Jul 2025 19:20:34 GMT'), (b'Content-Type', b'application/json'), (b'Transfer-Encoding', b'chunked'), (b'Connection', b'keep-alive'), (b'access-control-expose-headers', b'X-Request-ID'), (b'openai-organization', b'user-58hzvdaaovkznpa7grjzxtja'), (b'openai-processing-ms', b'16064'), (b'openai-version', b'2020-10-01'), (b'x-envoy-upstream-service-time', b'16075'), (b'x-ratelimit-limit-requests', b'5000'), (b'x-ratelimit-limit-tokens', b'4000000'), (b'x-ratelimit-remaining-requests', b'4999'), (b'x-ratelimit-remaining-tokens', b'3998943'), (b'x-ratelimit-reset-requests', b'12ms'), (b'x-ratelimit-reset-tokens', b'15ms'), (b'x-request-id', b'req_52634c50990cf59f766f5a913ddef4e6'), (b'strict-transport-security', b'max-age=31536000; includeSubDomains; preload'), (b'cf-cache-status', b'DYNAMIC'), (b'X-Content-Type-Options', b'nosniff'), (b'Server', b'cloudflare'), (b'CF-RAY', b'958842882e888f4d-ORD'), (b'Content-Encoding', b'gzip'), (b'alt-svc', b'h3=":443"; ma=86400')])
2025-07-01 15:20:34,964 INFO HTTP Request: POST https://api.openai.com/v1/chat/completions "HTTP/1.1 200 OK"
2025-07-01 15:20:34,965 DEBUG receive_response_body.started request=<Request [b'POST']>
2025-07-01 15:20:34,965 DEBUG receive_response_body.complete
2025-07-01 15:20:34,965 DEBUG response_closed.started
2025-07-01 15:20:34,965 DEBUG response_closed.complete
2025-07-01 15:20:34,965 DEBUG HTTP Response: POST https://api.openai.com/v1/chat/completions "200 OK" Headers({'date': 'Tue, 01 Jul 2025 19:20:34 GMT', 'content-type': 'application/json', 'transfer-encoding': 'chunked', 'connection': 'keep-alive', 'access-control-expose-headers': 'X-Request-ID', 'openai-organization': 'user-58hzvdaaovkznpa7grjzxtja', 'openai-processing-ms': '16064', 'openai-version': '2020-10-01', 'x-envoy-upstream-service-time': '16075', 'x-ratelimit-limit-requests': '5000', 'x-ratelimit-limit-tokens': '4000000', 'x-ratelimit-remaining-requests': '4999', 'x-ratelimit-remaining-tokens': '3998943', 'x-ratelimit-reset-requests': '12ms', 'x-ratelimit-reset-tokens': '15ms', 'x-request-id': 'req_52634c50990cf59f766f5a913ddef4e6', 'strict-transport-security': 'max-age=31536000; includeSubDomains; preload', 'cf-cache-status': 'DYNAMIC', 'x-content-type-options': 'nosniff', 'server': 'cloudflare', 'cf-ray': '958842882e888f4d-ORD', 'content-encoding': 'gzip', 'alt-svc': 'h3=":443"; ma=86400'})
2025-07-01 15:20:34,966 DEBUG request_id: req_52634c50990cf59f766f5a913ddef4e6
2025-07-01 15:20:34,967 DEBUG Chunk 11 response: [
    {
        "control_id": "CC6.1.1",
        "control_desc": "SimpleLegal maintains an updated inventory of information assets within the organization.",
        "control_test": "Inspected SimpleLegal's information asset inventory to verify whether a comprehensive inventory of information assets was documented.",
        "control_test_results": "No exceptions noted.",
        "control_page_ref": null,
        "control_line_ref": 3
    },
    {
        "control_id": "CC6.1.2",
        "control_desc": "Access to SimpleLegal’s infrastructure and sensitive systems/applications requires complex passwords and multi-factor authentication (MFA).",
        "control_test": "Inspected the OneLogin configuration settings to verify whether complex passwords and MFA were required to access SimpleLegal’s infrastructure and sensitive systems/applications.",
        "control_test_results": "No exceptions noted.",
        "control_page_ref": null,
        "control_line_ref": 10
    },
    {
        "control_id": "CC6.1.3",
        "control_desc": "SimpleLegal utilizes AWS Key Management Service (KMS) to securely create and manage keys and control the use of encryption across its cloud-based environment.",
        "control_test": "Inspected the AWS dashboard to verify whether KMS was used to create and manage encryption keys across SimpleLegal's cloud-based environment.",
        "control_test_results": "No exceptions noted.",
        "control_page_ref": null,
        "control_line_ref": 17
    },
    {
        "control_id": "CC6.1.4",
        "control_desc": "SimpleLegal utilizes Virtual Private Clouds (VPCs) and sub-networks (subnets) to achieve network segmentation in its AWS cloud-based environment.",
        "control_test": "Inspected the AWS dashboard to verify whether VPCs and subnets were utilized to achieve network segmentation within the AWS cloud-based environment.",
        "control_test_results": "No exceptions noted.",
        "control_page_ref": null,
        "control_line_ref": 24
    },
    {
        "control_id": "CC6.1.5",
        "control_desc": "SimpleLegal utilizes the AWS Identity and Access Management (IAM) console to securely manage access to AWS services and resources. IAM enables the Company to create and manage AWS users/groups and define use permissions that allow and deny access to AWS resources.",
        "control_test": "Inspected the AWS dashboard to verify whether IAM tools were used to securely manage access to services and resources in AWS.",
        "control_test_results": "No exceptions noted.",
        "control_page_ref": null,
        "control_line_ref": 31
    },
    {
        "control_id": "CC6.1.6",
        "control_desc": "SimpleLegal encrypts data at rest through server-side encryption (SSE) using AES-256.",
        "control_test": "Inspected the AWS database configurations to verify whether production data was encrypted at rest using AES-256.",
        "control_test_results": "No exceptions noted.",
        "control_page_ref": null,
        "control_line_ref": 38
    },
    {
        "control_id": "CC6.1.7",
        "control_desc": "SimpleLegal maintains active SHA-256 encryption certificates for its web application to ensure secure connections for its users.",
        "control_test": "Inspected SimpleLegal's web application login page to verify whether an active SHA-256 encryption certificate was in place.",
        "control_test_results": "No exceptions noted.",
        "control_page_ref": null,
        "control_line_ref": 45
    },
    {
        "control_id": "CC6.1.8",
        "control_desc": "SimpleLegal encrypts all employee and contractor workstations with full disk encryption.",
        "control_test": "Inspected the Jamf Pro dashboard to verify whether all employee and contractor workstations had full disk encryption enabled.",
        "control_test_results": "No exceptions noted.",
        "control_page_ref": null,
        "control_line_ref": 52
    },
    {
        "control_id": "CC6.1.9",
        "control_desc": "Administrative and privileged access rights are restricted to authorized personnel using a role-based access scheme, in accordance with the principle of least privilege.",
        "control_test": "Inspected administrative access rights for SimpleLegal's critical applications",
        "control_test_results": null,
        "control_page_ref": 34,
        "control_line_ref": 3
    }
]
2025-07-01 15:20:34,968 INFO CHUNK 11 EXTRACTED 9 CONTROLS
2025-07-01 15:20:34,968 INFO PROCESSING CHUNK 21:
CHUNK TEXT (first 500 chars):
t strategy, 
remediating identified vulnerabilities, and communicating 
remediation activities. 
For all incidents that occurred during the period, inspected 
the incident tickets to verify whether SimpleLegal followed 
the incident response program. 
No exceptions noted. 
CC7.5: The entity identifies, develops, and implements activities to recover from identified security incidents. 
CC7.5.1 
SimpleLegal follows the Incident Response Plan to 
restore the affected environment to full operation b
2025-07-01 15:20:34,968 INFO CHUNK 21 PROMPT:
You are an expert at reading SOC reports. Given the following text, extract all controls tested. Controls may be listed under section headings (such as COSO or TSC sections), and control IDs may appear in many formats: e.g., 'CC9.1', 'CC 9.1', 'CC.9.1', '9.1', or as a section like 'CC9.0' with controls listed as 1, 2, 3, etc. Do your best to distinguish between section IDs and control IDs, and capture the most specific control ID for each control. For each control, extract the following fields as accurately as possible: 
- control_id: (string, the control's unique identifier as shown in the report, or null if not found)
- control_desc: (string, the description of the control—what the company is supposed to comply with)
- control_test: (string, what the auditor tested to determine design and operating effectiveness)
- control_test_results: (string, the results of the test, e.g., 'No exceptions noted', 'No deviations noted', or a description of any exceptions or findings)
- control_page_ref: (int, page number if available, else null)
- control_line_ref: (int, line number in the text where the control was found)
If you cannot find a value, use null. Output a JSON array, one object per control. Do not include any explanation, markdown, or extra text.
Text:
t strategy, 
remediating identified vulnerabilities, and communicating 
remediation activities. 
For all incidents that occurred during the period, inspected 
the incident tickets to verify whether SimpleLegal followed 
the incident response program. 
No exceptions noted. 
CC7.5: The entity identifies, develops, and implements activities to recover from identified security incidents. 
CC7.5.1 
SimpleLegal follows the Incident Response Plan to 
restore the affected environment to full operation by 
rebuilding systems, updating software, installing patches, 
and/or changing configurations, as needed. 
Inspected the Incident Reporting and Response Policy to 
verify whether it outlined processes for restoring the affected 
environment. 
For all incidents that occurred during the period, inspected 
the incident tickets to verify whether SimpleLegal restored 
the affected environments as applicable. 
No exceptions noted. 
CC7.5.2 
Information about the nature of the incident, recovery 
actions taken, and activities required for the prevention 
of future security events are communicated to 
appropriate internal and external parties. 
Inspected the Incident Reporting and Response Policy to 
verify whether it outlined processes for communicating 
information to relevant parties. 
For all incidents that occurred during the period, inspected 
the incident tickets to verify whether the log included 
information about the nature of the incident, recovery 
actions taken, and activities implemented for the prevention 
of future security events. 
No exceptions noted. 
=== PAGE 40 ===

40 
Control # 
Control Activity Specified by SimpleLegal 
Boulay’s Test of Controls 
Test Results 
CC7.5.3 
After an incident has been resolved and appropriate 
parties have been notified, a postmortem that includes a 
root cause analysis and lessons learned is completed. 
Architectural and/or procedural changes are 
implemented, when possible, to prevent and detect 
recurrences of similar incidents. This includes conducting 
additional training to educate personnel on how to 
prevent future incidents. 
Inspected the Incident Reporting and Response Policy to 
verify whether it outlined processes for performing an 
incident postmortem. 
For all incidents that occurred during the period, inspected 
the incident tickets to verify whether the appropriate parties 
had been notified, a postmortem with a root cause analysis 
was performed, and a lessons learned evaluation was 
completed. 
No exceptions noted. 
Change Management 
CC8.1: The entity authorizes, designs, develops or acquires, configures, documents, tests, approves, and implements changes to infrastructure, data, software, and 
procedures to meet its objectives. 
CC8.1.1 
SimpleLegal maintains updated change management 
and software development policies that govern the 
systems development lifecycle (SDLC), including 
(1) authorizing system changes prior to devel

2025-07-01 15:20:34,971 DEBUG Request options: {'method': 'post', 'url': '/chat/completions', 'files': None, 'idempotency_key': 'stainless-python-retry-0b5ba760-2353-4b33-b25f-2131f90c137d', 'json_data': {'messages': [{'role': 'user', 'content': "You are an expert at reading SOC reports. Given the following text, extract all controls tested. Controls may be listed under section headings (such as COSO or TSC sections), and control IDs may appear in many formats: e.g., 'CC9.1', 'CC 9.1', 'CC.9.1', '9.1', or as a section like 'CC9.0' with controls listed as 1, 2, 3, etc. Do your best to distinguish between section IDs and control IDs, and capture the most specific control ID for each control. For each control, extract the following fields as accurately as possible: \n- control_id: (string, the control's unique identifier as shown in the report, or null if not found)\n- control_desc: (string, the description of the control—what the company is supposed to comply with)\n- control_test: (string, what the auditor tested to determine design and operating effectiveness)\n- control_test_results: (string, the results of the test, e.g., 'No exceptions noted', 'No deviations noted', or a description of any exceptions or findings)\n- control_page_ref: (int, page number if available, else null)\n- control_line_ref: (int, line number in the text where the control was found)\nIf you cannot find a value, use null. Output a JSON array, one object per control. Do not include any explanation, markdown, or extra text.\nText:\nt strategy, \nremediating identified vulnerabilities, and communicating \nremediation activities. \nFor all incidents that occurred during the period, inspected \nthe incident tickets to verify whether SimpleLegal followed \nthe incident response program. \nNo exceptions noted. \nCC7.5: The entity identifies, develops, and implements activities to recover from identified security incidents. \nCC7.5.1 \nSimpleLegal follows the Incident Response Plan to \nrestore the affected environment to full operation by \nrebuilding systems, updating software, installing patches, \nand/or changing configurations, as needed. \nInspected the Incident Reporting and Response Policy to \nverify whether it outlined processes for restoring the affected \nenvironment. \nFor all incidents that occurred during the period, inspected \nthe incident tickets to verify whether SimpleLegal restored \nthe affected environments as applicable. \nNo exceptions noted. \nCC7.5.2 \nInformation about the nature of the incident, recovery \nactions taken, and activities required for the prevention \nof future security events are communicated to \nappropriate internal and external parties. \nInspected the Incident Reporting and Response Policy to \nverify whether it outlined processes for communicating \ninformation to relevant parties. \nFor all incidents that occurred during the period, inspected \nthe incident tickets to verify whether the log included \ninformation about the nature of the incident, recovery \nactions taken, and activities implemented for the prevention \nof future security events. \nNo exceptions noted. \n=== PAGE 40 ===\n\n40 \nControl # \nControl Activity Specified by SimpleLegal \nBoulay’s Test of Controls \nTest Results \nCC7.5.3 \nAfter an incident has been resolved and appropriate \nparties have been notified, a postmortem that includes a \nroot cause analysis and lessons learned is completed. \nArchitectural and/or procedural changes are \nimplemented, when possible, to prevent and detect \nrecurrences of similar incidents. This includes conducting \nadditional training to educate personnel on how to \nprevent future incidents. \nInspected the Incident Reporting and Response Policy to \nverify whether it outlined processes for performing an \nincident postmortem. \nFor all incidents that occurred during the period, inspected \nthe incident tickets to verify whether the appropriate parties \nhad been notified, a postmortem with a root cause analysis \nwas performed, and a lessons learned evaluation was \ncompleted. \nNo exceptions noted. \nChange Management \nCC8.1: The entity authorizes, designs, develops or acquires, configures, documents, tests, approves, and implements changes to infrastructure, data, software, and \nprocedures to meet its objectives. \nCC8.1.1 \nSimpleLegal maintains updated change management \nand software development policies that govern the \nsystems development lifecycle (SDLC), including \n(1) authorizing system changes prior to devel\n"}], 'model': 'gpt-3.5-turbo', 'temperature': 0.0, 'top_p': 0.0}}
2025-07-01 15:20:34,972 DEBUG Sending HTTP Request: POST https://api.openai.com/v1/chat/completions
2025-07-01 15:20:34,972 DEBUG send_request_headers.started request=<Request [b'POST']>
2025-07-01 15:20:34,973 DEBUG send_request_headers.complete
2025-07-01 15:20:34,973 DEBUG send_request_body.started request=<Request [b'POST']>
2025-07-01 15:20:34,973 DEBUG send_request_body.complete
2025-07-01 15:20:34,973 DEBUG receive_response_headers.started request=<Request [b'POST']>
2025-07-01 15:20:35,187 DEBUG receive_response_headers.complete return_value=(b'HTTP/1.1', 200, b'OK', [(b'Date', b'Tue, 01 Jul 2025 19:20:34 GMT'), (b'Content-Type', b'application/json'), (b'Transfer-Encoding', b'chunked'), (b'Connection', b'keep-alive'), (b'access-control-expose-headers', b'X-Request-ID'), (b'openai-organization', b'user-58hzvdaaovkznpa7grjzxtja'), (b'openai-processing-ms', b'5154'), (b'openai-version', b'2020-10-01'), (b'x-envoy-upstream-service-time', b'5163'), (b'x-ratelimit-limit-requests', b'5000'), (b'x-ratelimit-limit-tokens', b'4000000'), (b'x-ratelimit-remaining-requests', b'4998'), (b'x-ratelimit-remaining-tokens', b'3998683'), (b'x-ratelimit-reset-requests', b'12ms'), (b'x-ratelimit-reset-tokens', b'19ms'), (b'x-request-id', b'req_8a75edda2a3b47c1ce37e85381f384a0'), (b'strict-transport-security', b'max-age=31536000; includeSubDomains; preload'), (b'cf-cache-status', b'DYNAMIC'), (b'X-Content-Type-Options', b'nosniff'), (b'Server', b'cloudflare'), (b'CF-RAY', b'958842cdb86be991-ORD'), (b'Content-Encoding', b'gzip'), (b'alt-svc', b'h3=":443"; ma=86400')])
2025-07-01 15:20:35,187 INFO HTTP Request: POST https://api.openai.com/v1/chat/completions "HTTP/1.1 200 OK"
2025-07-01 15:20:35,188 DEBUG receive_response_body.started request=<Request [b'POST']>
2025-07-01 15:20:35,188 DEBUG receive_response_body.complete
2025-07-01 15:20:35,188 DEBUG response_closed.started
2025-07-01 15:20:35,188 DEBUG response_closed.complete
2025-07-01 15:20:35,188 DEBUG HTTP Response: POST https://api.openai.com/v1/chat/completions "200 OK" Headers({'date': 'Tue, 01 Jul 2025 19:20:34 GMT', 'content-type': 'application/json', 'transfer-encoding': 'chunked', 'connection': 'keep-alive', 'access-control-expose-headers': 'X-Request-ID', 'openai-organization': 'user-58hzvdaaovkznpa7grjzxtja', 'openai-processing-ms': '5154', 'openai-version': '2020-10-01', 'x-envoy-upstream-service-time': '5163', 'x-ratelimit-limit-requests': '5000', 'x-ratelimit-limit-tokens': '4000000', 'x-ratelimit-remaining-requests': '4998', 'x-ratelimit-remaining-tokens': '3998683', 'x-ratelimit-reset-requests': '12ms', 'x-ratelimit-reset-tokens': '19ms', 'x-request-id': 'req_8a75edda2a3b47c1ce37e85381f384a0', 'strict-transport-security': 'max-age=31536000; includeSubDomains; preload', 'cf-cache-status': 'DYNAMIC', 'x-content-type-options': 'nosniff', 'server': 'cloudflare', 'cf-ray': '958842cdb86be991-ORD', 'content-encoding': 'gzip', 'alt-svc': 'h3=":443"; ma=86400'})
2025-07-01 15:20:35,188 DEBUG request_id: req_8a75edda2a3b47c1ce37e85381f384a0
2025-07-01 15:20:35,189 DEBUG Chunk 19 response: [
    {
        "control_id": "CC7.2",
        "control_desc": "The entity monitors system components and the operation of those components for anomalies that are indicative of malicious acts, natural disasters, and errors affecting the entity’s ability to meet its objectives; anomalies are analyzed to determine whether they represent security events.",
        "control_test": "Inspected the Incident Reporting and Response Policy to verify whether it adequately documented incident detection processes and management of potential incidents.",
        "control_test_results": "No exceptions noted.",
        "control_page_ref": null,
        "control_line_ref": null
    },
    {
        "control_id": "CC7.2.1",
        "control_desc": "SimpleLegal maintains updated detection policies, procedures, and tools to identify anomalies or unusual activity on information systems. Potential security incidents are filtered and analyzed based on established detection measures.",
        "control_test": "Inspected the Incident Reporting and Response Policy to verify whether it adequately documented incident detection processes and management of potential incidents.",
        "control_test_results": "No exceptions noted.",
        "control_page_ref": null,
        "control_line_ref": null
    },
    {
        "control_id": "CC7.2.2",
        "control_desc": "Detection tools are periodically analyzed by management for effectiveness and remedial action is taken when necessary.",
        "control_test": "For a selection of months, inspected executive leadership meeting invitations and agendas to verify whether the security team was included as attendees.",
        "control_test_results": "No exceptions noted.",
        "control_page_ref": null,
        "control_line_ref": null
    },
    {
        "control_id": "CC7.3",
        "control_desc": "The entity evaluates security events to determine whether they could or have resulted in a failure of the entity to meet its objectives (security incidents) and, if so, takes actions to prevent or address such failures.",
        "control_test": "Inspected the incident tracker to verify whether it was utilized for logging potential incidents.",
        "control_test_results": "No exceptions noted.",
        "control_page_ref": null,
        "control_line_ref": null
    },
    {
        "control_id": "CC7.3.1",
        "control_desc": "Incidents related to security are logged, tracked, and communicated to affected parties. Incidents are resolved in a timely manner in accordance with the formal incident management process.",
        "control_test": "For all incidents that occurred during the period, inspected incident tickets to verify whether SimpleLegal followed the incident response program.",
        "control_test_results": "No exceptions noted.",
        "control_page_ref": null,
        "control_line_ref": null
    },
    {
        "control_id": "CC7.4",
        "control_desc": "The entity responds to identified security incidents by executing a defined incident response program to understand, contain, remediate, and communicate security incidents, as appropriate.",
        "control_test": null,
        "control_test_results": null,
        "control_page_ref": 39,
        "control_line_ref": null
    },
    {
        "control_id": "CC7.4.1",
        "control_desc": "SimpleLegal maintains an updated incident response program",
        "control_test": null,
        "control_test_results": null,
        "control_page_ref": 39,
        "control_line_ref": null
    }
]
2025-07-01 15:20:35,189 INFO CHUNK 19 EXTRACTED 7 CONTROLS
2025-07-01 15:20:35,189 INFO PROCESSING CHUNK 22:
CHUNK TEXT (first 500 chars):
ssible, to prevent and detect 
recurrences of similar incidents. This includes conducting 
additional training to educate personnel on how to 
prevent future incidents. 
Inspected the Incident Reporting and Response Policy to 
verify whether it outlined processes for performing an 
incident postmortem. 
For all incidents that occurred during the period, inspected 
the incident tickets to verify whether the appropriate parties 
had been notified, a postmortem with a root cause analysis 
was perfo
2025-07-01 15:20:35,190 INFO CHUNK 22 PROMPT:
You are an expert at reading SOC reports. Given the following text, extract all controls tested. Controls may be listed under section headings (such as COSO or TSC sections), and control IDs may appear in many formats: e.g., 'CC9.1', 'CC 9.1', 'CC.9.1', '9.1', or as a section like 'CC9.0' with controls listed as 1, 2, 3, etc. Do your best to distinguish between section IDs and control IDs, and capture the most specific control ID for each control. For each control, extract the following fields as accurately as possible: 
- control_id: (string, the control's unique identifier as shown in the report, or null if not found)
- control_desc: (string, the description of the control—what the company is supposed to comply with)
- control_test: (string, what the auditor tested to determine design and operating effectiveness)
- control_test_results: (string, the results of the test, e.g., 'No exceptions noted', 'No deviations noted', or a description of any exceptions or findings)
- control_page_ref: (int, page number if available, else null)
- control_line_ref: (int, line number in the text where the control was found)
If you cannot find a value, use null. Output a JSON array, one object per control. Do not include any explanation, markdown, or extra text.
Text:
ssible, to prevent and detect 
recurrences of similar incidents. This includes conducting 
additional training to educate personnel on how to 
prevent future incidents. 
Inspected the Incident Reporting and Response Policy to 
verify whether it outlined processes for performing an 
incident postmortem. 
For all incidents that occurred during the period, inspected 
the incident tickets to verify whether the appropriate parties 
had been notified, a postmortem with a root cause analysis 
was performed, and a lessons learned evaluation was 
completed. 
No exceptions noted. 
Change Management 
CC8.1: The entity authorizes, designs, develops or acquires, configures, documents, tests, approves, and implements changes to infrastructure, data, software, and 
procedures to meet its objectives. 
CC8.1.1 
SimpleLegal maintains updated change management 
and software development policies that govern the 
systems development lifecycle (SDLC), including 
(1) authorizing system changes prior to development; 
(2) designing and developing system changes; 
(3) documenting and tracking changes prior to 
implementation; (4) testing and approving system 
changes; (5) deploying changes to production; 
(6) evaluating the changes against their objectives; and 
(7) modifying infrastructure, data, software, and 
procedures to remediate identified incidents. 
Inspected the Change Management Policies to verify 
whether they adequately documented SDLC processes and 
controls, including requirements around maintaining 
information security during software development. 
No exceptions noted. 
CC8.1.2 
SimpleLegal uses a version control system to manage 
source code, documentation, release labeling, and other 
change management tasks. Access to the system must 
be approved by a system administrator. 
Inspected the GitLab dashboard to verify whether 
SimpleLegal utilized a version control system to manage 
source code, documentation, release labeling, and other 
change management tasks. 
For all new hires during the period, inspected onboarding 
tickets to verify whether access rights to SimpleLegal’s 
systems and applications were approved by a system 
administrator and were appropriate based on each of the 
new hires’ roles. 
No exceptions noted. 
CC8.1.3 
Developers are unable to deploy changes to production 
without independent code review and approval. All 
deployments are logged, including who deployed the 
change and at what time it was deployed. 
Inspected the GitLab configurations to verify whether merge 
requests required at least one independent code review and 
approval prior to deployment to the production environment. 
No exceptions noted. 
=== PAGE 41 ===

41 
Control # 
Control Activity Specified by SimpleLegal 
Boulay’s Test of Controls 
Test Results 
CC8.1.4 
SimpleLegal maintains separate test and production 
environments for software development. 
Inspected the AWS dashboard to verify whether 
Si

2025-07-01 15:20:35,191 DEBUG Request options: {'method': 'post', 'url': '/chat/completions', 'files': None, 'idempotency_key': 'stainless-python-retry-dd24af8c-a6a0-4928-a8d9-49355cd078fc', 'json_data': {'messages': [{'role': 'user', 'content': "You are an expert at reading SOC reports. Given the following text, extract all controls tested. Controls may be listed under section headings (such as COSO or TSC sections), and control IDs may appear in many formats: e.g., 'CC9.1', 'CC 9.1', 'CC.9.1', '9.1', or as a section like 'CC9.0' with controls listed as 1, 2, 3, etc. Do your best to distinguish between section IDs and control IDs, and capture the most specific control ID for each control. For each control, extract the following fields as accurately as possible: \n- control_id: (string, the control's unique identifier as shown in the report, or null if not found)\n- control_desc: (string, the description of the control—what the company is supposed to comply with)\n- control_test: (string, what the auditor tested to determine design and operating effectiveness)\n- control_test_results: (string, the results of the test, e.g., 'No exceptions noted', 'No deviations noted', or a description of any exceptions or findings)\n- control_page_ref: (int, page number if available, else null)\n- control_line_ref: (int, line number in the text where the control was found)\nIf you cannot find a value, use null. Output a JSON array, one object per control. Do not include any explanation, markdown, or extra text.\nText:\nssible, to prevent and detect \nrecurrences of similar incidents. This includes conducting \nadditional training to educate personnel on how to \nprevent future incidents. \nInspected the Incident Reporting and Response Policy to \nverify whether it outlined processes for performing an \nincident postmortem. \nFor all incidents that occurred during the period, inspected \nthe incident tickets to verify whether the appropriate parties \nhad been notified, a postmortem with a root cause analysis \nwas performed, and a lessons learned evaluation was \ncompleted. \nNo exceptions noted. \nChange Management \nCC8.1: The entity authorizes, designs, develops or acquires, configures, documents, tests, approves, and implements changes to infrastructure, data, software, and \nprocedures to meet its objectives. \nCC8.1.1 \nSimpleLegal maintains updated change management \nand software development policies that govern the \nsystems development lifecycle (SDLC), including \n(1) authorizing system changes prior to development; \n(2) designing and developing system changes; \n(3) documenting and tracking changes prior to \nimplementation; (4) testing and approving system \nchanges; (5) deploying changes to production; \n(6) evaluating the changes against their objectives; and \n(7) modifying infrastructure, data, software, and \nprocedures to remediate identified incidents. \nInspected the Change Management Policies to verify \nwhether they adequately documented SDLC processes and \ncontrols, including requirements around maintaining \ninformation security during software development. \nNo exceptions noted. \nCC8.1.2 \nSimpleLegal uses a version control system to manage \nsource code, documentation, release labeling, and other \nchange management tasks. Access to the system must \nbe approved by a system administrator. \nInspected the GitLab dashboard to verify whether \nSimpleLegal utilized a version control system to manage \nsource code, documentation, release labeling, and other \nchange management tasks. \nFor all new hires during the period, inspected onboarding \ntickets to verify whether access rights to SimpleLegal’s \nsystems and applications were approved by a system \nadministrator and were appropriate based on each of the \nnew hires’ roles. \nNo exceptions noted. \nCC8.1.3 \nDevelopers are unable to deploy changes to production \nwithout independent code review and approval. All \ndeployments are logged, including who deployed the \nchange and at what time it was deployed. \nInspected the GitLab configurations to verify whether merge \nrequests required at least one independent code review and \napproval prior to deployment to the production environment. \nNo exceptions noted. \n=== PAGE 41 ===\n\n41 \nControl # \nControl Activity Specified by SimpleLegal \nBoulay’s Test of Controls \nTest Results \nCC8.1.4 \nSimpleLegal maintains separate test and production \nenvironments for software development. \nInspected the AWS dashboard to verify whether \nSi\n"}], 'model': 'gpt-3.5-turbo', 'temperature': 0.0, 'top_p': 0.0}}
2025-07-01 15:20:35,191 DEBUG Sending HTTP Request: POST https://api.openai.com/v1/chat/completions
2025-07-01 15:20:35,191 DEBUG send_request_headers.started request=<Request [b'POST']>
2025-07-01 15:20:35,192 DEBUG send_request_headers.complete
2025-07-01 15:20:35,192 DEBUG send_request_body.started request=<Request [b'POST']>
2025-07-01 15:20:35,192 DEBUG send_request_body.complete
2025-07-01 15:20:35,192 DEBUG receive_response_headers.started request=<Request [b'POST']>
2025-07-01 15:20:37,287 DEBUG receive_response_headers.complete return_value=(b'HTTP/1.1', 200, b'OK', [(b'Date', b'Tue, 01 Jul 2025 19:20:36 GMT'), (b'Content-Type', b'application/json'), (b'Transfer-Encoding', b'chunked'), (b'Connection', b'keep-alive'), (b'access-control-expose-headers', b'X-Request-ID'), (b'openai-organization', b'user-58hzvdaaovkznpa7grjzxtja'), (b'openai-processing-ms', b'11221'), (b'openai-version', b'2020-10-01'), (b'x-envoy-upstream-service-time', b'11228'), (b'x-ratelimit-limit-requests', b'5000'), (b'x-ratelimit-limit-tokens', b'4000000'), (b'x-ratelimit-remaining-requests', b'4999'), (b'x-ratelimit-remaining-tokens', b'3998943'), (b'x-ratelimit-reset-requests', b'12ms'), (b'x-ratelimit-reset-tokens', b'15ms'), (b'x-request-id', b'req_fc037ebd9cadf90f0a705d9f34968afb'), (b'strict-transport-security', b'max-age=31536000; includeSubDomains; preload'), (b'cf-cache-status', b'DYNAMIC'), (b'X-Content-Type-Options', b'nosniff'), (b'Server', b'cloudflare'), (b'CF-RAY', b'958842b2aa44111e-ORD'), (b'Content-Encoding', b'gzip'), (b'alt-svc', b'h3=":443"; ma=86400')])
2025-07-01 15:20:37,288 INFO HTTP Request: POST https://api.openai.com/v1/chat/completions "HTTP/1.1 200 OK"
2025-07-01 15:20:37,288 DEBUG receive_response_body.started request=<Request [b'POST']>
2025-07-01 15:20:37,299 DEBUG receive_response_body.complete
2025-07-01 15:20:37,300 DEBUG response_closed.started
2025-07-01 15:20:37,300 DEBUG response_closed.complete
2025-07-01 15:20:37,300 DEBUG HTTP Response: POST https://api.openai.com/v1/chat/completions "200 OK" Headers({'date': 'Tue, 01 Jul 2025 19:20:36 GMT', 'content-type': 'application/json', 'transfer-encoding': 'chunked', 'connection': 'keep-alive', 'access-control-expose-headers': 'X-Request-ID', 'openai-organization': 'user-58hzvdaaovkznpa7grjzxtja', 'openai-processing-ms': '11221', 'openai-version': '2020-10-01', 'x-envoy-upstream-service-time': '11228', 'x-ratelimit-limit-requests': '5000', 'x-ratelimit-limit-tokens': '4000000', 'x-ratelimit-remaining-requests': '4999', 'x-ratelimit-remaining-tokens': '3998943', 'x-ratelimit-reset-requests': '12ms', 'x-ratelimit-reset-tokens': '15ms', 'x-request-id': 'req_fc037ebd9cadf90f0a705d9f34968afb', 'strict-transport-security': 'max-age=31536000; includeSubDomains; preload', 'cf-cache-status': 'DYNAMIC', 'x-content-type-options': 'nosniff', 'server': 'cloudflare', 'cf-ray': '958842b2aa44111e-ORD', 'content-encoding': 'gzip', 'alt-svc': 'h3=":443"; ma=86400'})
2025-07-01 15:20:37,300 DEBUG request_id: req_fc037ebd9cadf90f0a705d9f34968afb
2025-07-01 15:20:37,302 DEBUG Chunk 16 response: [
    {
        "control_id": "CC6.6.1",
        "control_desc": "Firewall rules are configured to restrict network traffic to approved ports, protocols, and sources.",
        "control_test": "Inspected the AWS security group configurations to verify whether network traffic was restricted to approved ports, protocols, and sources.",
        "control_test_results": "No exceptions noted.",
        "control_page_ref": null,
        "control_line_ref": 13
    },
    {
        "control_id": "CC6.6.2",
        "control_desc": "SimpleLegal utilizes a Web Application Firewall (WAF) to protect the web application from web-based threats.",
        "control_test": "Inspected the Cloudflare dashboard to verify whether a WAF was utilized to protect the application from web-based threats.",
        "control_test_results": "No exceptions noted.",
        "control_page_ref": null,
        "control_line_ref": 21
    },
    {
        "control_id": "CC6.7.1",
        "control_desc": "SimpleLegal utilizes AWS Systems Manager to enable secure remote access to cloud resources for its employees and contractors.",
        "control_test": "Inspected the AWS dashboard to verify whether Systems Manager was enabled to ensure secure remote access to cloud resources for SimpleLegal's employees and contractors.",
        "control_test_results": "No exceptions noted.",
        "control_page_ref": null,
        "control_line_ref": 33
    },
    {
        "control_id": "CC6.7.2",
        "control_desc": "Data in transit is encrypted using Transport Layer Security (TLS) 1.2 or higher.",
        "control_test": "Inspected the server configuration for the web application to verify whether it only accepted connections using TLS 1.2 or above.",
        "control_test_results": "No exceptions noted.",
        "control_page_ref": null,
        "control_line_ref": 41
    },
    {
        "control_id": "CC6.7.3",
        "control_desc": "A centralized mobile device management solution has been deployed to Company-owned workstations to enforce built-in security controls.",
        "control_test": "Inspected the Jamf Pro dashboard to verify whether a centralized mobile device management solution had been deployed to Company-owned workstations to enforce built-in security controls.",
        "control_test_results": "No exceptions noted.",
        "control_page_ref": null,
        "control_line_ref": 49
    },
    {
        "control_id": "CC6.8.1",
        "control_desc": "SimpleLegal utilizes an endpoint protection tool to monitor employee devices and ensure that endpoint protection, including antivirus/anti-malware, is enabled to prevent the introduction of unauthorized or malicious software.",
        "control_test": "Inspected the Sophos dashboard to verify whether endpoint protection software",
        "control_test_results": null,
        "control_page_ref": null,
        "control_line_ref": 63
    }
]
2025-07-01 15:20:37,302 INFO CHUNK 16 EXTRACTED 6 CONTROLS
2025-07-01 15:20:37,302 INFO PROCESSING CHUNK 23:
CHUNK TEXT (first 500 chars):
elease labeling, and other 
change management tasks. 
For all new hires during the period, inspected onboarding 
tickets to verify whether access rights to SimpleLegal’s 
systems and applications were approved by a system 
administrator and were appropriate based on each of the 
new hires’ roles. 
No exceptions noted. 
CC8.1.3 
Developers are unable to deploy changes to production 
without independent code review and approval. All 
deployments are logged, including who deployed the 
change and a
2025-07-01 15:20:37,302 INFO CHUNK 23 PROMPT:
You are an expert at reading SOC reports. Given the following text, extract all controls tested. Controls may be listed under section headings (such as COSO or TSC sections), and control IDs may appear in many formats: e.g., 'CC9.1', 'CC 9.1', 'CC.9.1', '9.1', or as a section like 'CC9.0' with controls listed as 1, 2, 3, etc. Do your best to distinguish between section IDs and control IDs, and capture the most specific control ID for each control. For each control, extract the following fields as accurately as possible: 
- control_id: (string, the control's unique identifier as shown in the report, or null if not found)
- control_desc: (string, the description of the control—what the company is supposed to comply with)
- control_test: (string, what the auditor tested to determine design and operating effectiveness)
- control_test_results: (string, the results of the test, e.g., 'No exceptions noted', 'No deviations noted', or a description of any exceptions or findings)
- control_page_ref: (int, page number if available, else null)
- control_line_ref: (int, line number in the text where the control was found)
If you cannot find a value, use null. Output a JSON array, one object per control. Do not include any explanation, markdown, or extra text.
Text:
elease labeling, and other 
change management tasks. 
For all new hires during the period, inspected onboarding 
tickets to verify whether access rights to SimpleLegal’s 
systems and applications were approved by a system 
administrator and were appropriate based on each of the 
new hires’ roles. 
No exceptions noted. 
CC8.1.3 
Developers are unable to deploy changes to production 
without independent code review and approval. All 
deployments are logged, including who deployed the 
change and at what time it was deployed. 
Inspected the GitLab configurations to verify whether merge 
requests required at least one independent code review and 
approval prior to deployment to the production environment. 
No exceptions noted. 
=== PAGE 41 ===

41 
Control # 
Control Activity Specified by SimpleLegal 
Boulay’s Test of Controls 
Test Results 
CC8.1.4 
SimpleLegal maintains separate test and production 
environments for software development. 
Inspected the AWS dashboard to verify whether 
SimpleLegal maintained separate test and production 
environments for software development. 
No exceptions noted. 
CC8.1.5 
Changes to the production environment are 
communicated to affected internal and external 
stakeholders. 
Inspected external release notes and internal product 
change communications to verify whether changes to the 
production environment were communicated to internal and 
external users. 
No exceptions noted. 
Risk Mitigation 
CC9.1: The entity identifies, selects, and develops risk mitigation activities for risks arising from potential business disruptions. 
CC9.1.1 
SimpleLegal maintains insurance to mitigate the financial 
impact of business disruptions, including cyber incidents. 
Inspected the insurance policies for SimpleLegal to verify 
whether they included coverage against major financial risks 
to the business, including cyber incidents. 
No exceptions noted. 
CC9.1.2 
SimpleLegal maintains updated business continuity and 
disaster recovery plans that guide the organization in 
how to respond to and recover from disruptions in 
networks, systems, and internal operations. The plans 
are tested on an annual basis.  
Inspected the Business Continuity and Disaster Recovery 
Plans to verify whether they provided comprehensive 
instructions on how to respond and recover from disruptions 
in networks, systems, and internal operations. 
Inspected the disaster recovery exercise report to verify 
whether a test of the Business Continuity and Disaster 
Recovery plans had been conducted during the period. 
No exceptions noted. 
CC9.2: The entity assesses and manages risks associated with vendors and business partners. 
CC9.2.1 
SimpleLegal maintains an updated Vendor Management 
Policy to monitor and ensure service levels and ongoing 
compliance of existing vendors. The policy outlines roles, 
responsibilities, and communication protocols around 
managing vendor relationships and ex

2025-07-01 15:20:37,305 DEBUG Request options: {'method': 'post', 'url': '/chat/completions', 'files': None, 'idempotency_key': 'stainless-python-retry-fe46b9bc-5fd9-493b-a45b-a795c4641c74', 'json_data': {'messages': [{'role': 'user', 'content': "You are an expert at reading SOC reports. Given the following text, extract all controls tested. Controls may be listed under section headings (such as COSO or TSC sections), and control IDs may appear in many formats: e.g., 'CC9.1', 'CC 9.1', 'CC.9.1', '9.1', or as a section like 'CC9.0' with controls listed as 1, 2, 3, etc. Do your best to distinguish between section IDs and control IDs, and capture the most specific control ID for each control. For each control, extract the following fields as accurately as possible: \n- control_id: (string, the control's unique identifier as shown in the report, or null if not found)\n- control_desc: (string, the description of the control—what the company is supposed to comply with)\n- control_test: (string, what the auditor tested to determine design and operating effectiveness)\n- control_test_results: (string, the results of the test, e.g., 'No exceptions noted', 'No deviations noted', or a description of any exceptions or findings)\n- control_page_ref: (int, page number if available, else null)\n- control_line_ref: (int, line number in the text where the control was found)\nIf you cannot find a value, use null. Output a JSON array, one object per control. Do not include any explanation, markdown, or extra text.\nText:\nelease labeling, and other \nchange management tasks. \nFor all new hires during the period, inspected onboarding \ntickets to verify whether access rights to SimpleLegal’s \nsystems and applications were approved by a system \nadministrator and were appropriate based on each of the \nnew hires’ roles. \nNo exceptions noted. \nCC8.1.3 \nDevelopers are unable to deploy changes to production \nwithout independent code review and approval. All \ndeployments are logged, including who deployed the \nchange and at what time it was deployed. \nInspected the GitLab configurations to verify whether merge \nrequests required at least one independent code review and \napproval prior to deployment to the production environment. \nNo exceptions noted. \n=== PAGE 41 ===\n\n41 \nControl # \nControl Activity Specified by SimpleLegal \nBoulay’s Test of Controls \nTest Results \nCC8.1.4 \nSimpleLegal maintains separate test and production \nenvironments for software development. \nInspected the AWS dashboard to verify whether \nSimpleLegal maintained separate test and production \nenvironments for software development. \nNo exceptions noted. \nCC8.1.5 \nChanges to the production environment are \ncommunicated to affected internal and external \nstakeholders. \nInspected external release notes and internal product \nchange communications to verify whether changes to the \nproduction environment were communicated to internal and \nexternal users. \nNo exceptions noted. \nRisk Mitigation \nCC9.1: The entity identifies, selects, and develops risk mitigation activities for risks arising from potential business disruptions. \nCC9.1.1 \nSimpleLegal maintains insurance to mitigate the financial \nimpact of business disruptions, including cyber incidents. \nInspected the insurance policies for SimpleLegal to verify \nwhether they included coverage against major financial risks \nto the business, including cyber incidents. \nNo exceptions noted. \nCC9.1.2 \nSimpleLegal maintains updated business continuity and \ndisaster recovery plans that guide the organization in \nhow to respond to and recover from disruptions in \nnetworks, systems, and internal operations. The plans \nare tested on an annual basis.  \nInspected the Business Continuity and Disaster Recovery \nPlans to verify whether they provided comprehensive \ninstructions on how to respond and recover from disruptions \nin networks, systems, and internal operations. \nInspected the disaster recovery exercise report to verify \nwhether a test of the Business Continuity and Disaster \nRecovery plans had been conducted during the period. \nNo exceptions noted. \nCC9.2: The entity assesses and manages risks associated with vendors and business partners. \nCC9.2.1 \nSimpleLegal maintains an updated Vendor Management \nPolicy to monitor and ensure service levels and ongoing \ncompliance of existing vendors. The policy outlines roles, \nresponsibilities, and communication protocols around \nmanaging vendor relationships and ex\n"}], 'model': 'gpt-3.5-turbo', 'temperature': 0.0, 'top_p': 0.0}}
2025-07-01 15:20:37,306 DEBUG Sending HTTP Request: POST https://api.openai.com/v1/chat/completions
2025-07-01 15:20:37,306 DEBUG send_request_headers.started request=<Request [b'POST']>
2025-07-01 15:20:37,306 DEBUG send_request_headers.complete
2025-07-01 15:20:37,307 DEBUG send_request_body.started request=<Request [b'POST']>
2025-07-01 15:20:37,307 DEBUG send_request_body.complete
2025-07-01 15:20:37,307 DEBUG receive_response_headers.started request=<Request [b'POST']>
2025-07-01 15:20:38,391 DEBUG receive_response_headers.complete return_value=(b'HTTP/1.1', 200, b'OK', [(b'Date', b'Tue, 01 Jul 2025 19:20:37 GMT'), (b'Content-Type', b'application/json'), (b'Transfer-Encoding', b'chunked'), (b'Connection', b'keep-alive'), (b'access-control-expose-headers', b'X-Request-ID'), (b'openai-organization', b'user-58hzvdaaovkznpa7grjzxtja'), (b'openai-processing-ms', b'3373'), (b'openai-version', b'2020-10-01'), (b'x-envoy-upstream-service-time', b'3381'), (b'x-ratelimit-limit-requests', b'5000'), (b'x-ratelimit-limit-tokens', b'4000000'), (b'x-ratelimit-remaining-requests', b'4999'), (b'x-ratelimit-remaining-tokens', b'3998943'), (b'x-ratelimit-reset-requests', b'12ms'), (b'x-ratelimit-reset-tokens', b'15ms'), (b'x-request-id', b'req_878df0b8d49868a5e29c8c72581816b6'), (b'strict-transport-security', b'max-age=31536000; includeSubDomains; preload'), (b'cf-cache-status', b'DYNAMIC'), (b'X-Content-Type-Options', b'nosniff'), (b'Server', b'cloudflare'), (b'CF-RAY', b'958842ed0b5710a1-ORD'), (b'Content-Encoding', b'gzip'), (b'alt-svc', b'h3=":443"; ma=86400')])
2025-07-01 15:20:38,392 INFO HTTP Request: POST https://api.openai.com/v1/chat/completions "HTTP/1.1 200 OK"
2025-07-01 15:20:38,392 DEBUG receive_response_body.started request=<Request [b'POST']>
2025-07-01 15:20:38,392 DEBUG receive_response_body.complete
2025-07-01 15:20:38,392 DEBUG response_closed.started
2025-07-01 15:20:38,392 DEBUG response_closed.complete
2025-07-01 15:20:38,393 DEBUG HTTP Response: POST https://api.openai.com/v1/chat/completions "200 OK" Headers({'date': 'Tue, 01 Jul 2025 19:20:37 GMT', 'content-type': 'application/json', 'transfer-encoding': 'chunked', 'connection': 'keep-alive', 'access-control-expose-headers': 'X-Request-ID', 'openai-organization': 'user-58hzvdaaovkznpa7grjzxtja', 'openai-processing-ms': '3373', 'openai-version': '2020-10-01', 'x-envoy-upstream-service-time': '3381', 'x-ratelimit-limit-requests': '5000', 'x-ratelimit-limit-tokens': '4000000', 'x-ratelimit-remaining-requests': '4999', 'x-ratelimit-remaining-tokens': '3998943', 'x-ratelimit-reset-requests': '12ms', 'x-ratelimit-reset-tokens': '15ms', 'x-request-id': 'req_878df0b8d49868a5e29c8c72581816b6', 'strict-transport-security': 'max-age=31536000; includeSubDomains; preload', 'cf-cache-status': 'DYNAMIC', 'x-content-type-options': 'nosniff', 'server': 'cloudflare', 'cf-ray': '958842ed0b5710a1-ORD', 'content-encoding': 'gzip', 'alt-svc': 'h3=":443"; ma=86400'})
2025-07-01 15:20:38,393 DEBUG request_id: req_878df0b8d49868a5e29c8c72581816b6
2025-07-01 15:20:38,394 DEBUG Chunk 20 response: [
    {
        "control_id": "CC7.3.1",
        "control_desc": "Incidents related to security are logged, tracked, and communicated to affected parties. Incidents are resolved in a timely manner in accordance with the formal incident management process.",
        "control_test": "Inspected the incident tracker to verify whether it was utilized for logging potential incidents.",
        "control_test_results": "No exceptions noted.",
        "control_page_ref": 39,
        "control_line_ref": 0
    },
    {
        "control_id": "CC7.4.1",
        "control_desc": "SimpleLegal maintains an updated incident response program that defines procedures for containing, mitigating, and ending the threats posed by security incidents, as well as restoring operations and communicating security incidents and actions taken to affected parties.",
        "control_test": "Inspected the Incident Reporting and Response Policy to verify whether it provided comprehensive requirements and guidelines on how to effectively respond to potential security incidents and make necessary changes to mitigate the risk of future events.",
        "control_test_results": "No exceptions noted.",
        "control_page_ref": 39,
        "control_line_ref": 0
    },
    {
        "control_id": "CC7.4.2",
        "control_desc": "SimpleLegal follows the incident response program by understanding the nature of the incident, determining a containment strategy, remediating identified vulnerabilities, and communicating remediation activities to appropriate internal and external parties.",
        "control_test": "Inspected the Incident Reporting and Response Policy to verify whether it outlined requirements for understanding the nature of the incident, determining a containment strategy, remediating identified vulnerabilities, and communicating remediation activities.",
        "control_test_results": "No exceptions noted.",
        "control_page_ref": 39,
        "control_line_ref": 0
    },
    {
        "control_id": "CC7.5.1",
        "control_desc": "SimpleLegal follows the Incident Response Plan to restore the affected environment to full operation by rebuilding systems, updating software, installing patches, and/or changing configurations, as needed.",
        "control_test": "Inspected the Incident Reporting and Response Policy to verify whether it outlined processes for restoring the affected environment.",
        "control_test_results": "No exceptions noted.",
        "control_page_ref": 39,
        "control_line_ref": 0
    }
]
2025-07-01 15:20:38,395 INFO CHUNK 20 EXTRACTED 4 CONTROLS
2025-07-01 15:20:38,395 INFO PROCESSING CHUNK 24:
CHUNK TEXT (first 500 chars):
 updated business continuity and 
disaster recovery plans that guide the organization in 
how to respond to and recover from disruptions in 
networks, systems, and internal operations. The plans 
are tested on an annual basis.  
Inspected the Business Continuity and Disaster Recovery 
Plans to verify whether they provided comprehensive 
instructions on how to respond and recover from disruptions 
in networks, systems, and internal operations. 
Inspected the disaster recovery exercise report to v
2025-07-01 15:20:38,395 INFO CHUNK 24 PROMPT:
You are an expert at reading SOC reports. Given the following text, extract all controls tested. Controls may be listed under section headings (such as COSO or TSC sections), and control IDs may appear in many formats: e.g., 'CC9.1', 'CC 9.1', 'CC.9.1', '9.1', or as a section like 'CC9.0' with controls listed as 1, 2, 3, etc. Do your best to distinguish between section IDs and control IDs, and capture the most specific control ID for each control. For each control, extract the following fields as accurately as possible: 
- control_id: (string, the control's unique identifier as shown in the report, or null if not found)
- control_desc: (string, the description of the control—what the company is supposed to comply with)
- control_test: (string, what the auditor tested to determine design and operating effectiveness)
- control_test_results: (string, the results of the test, e.g., 'No exceptions noted', 'No deviations noted', or a description of any exceptions or findings)
- control_page_ref: (int, page number if available, else null)
- control_line_ref: (int, line number in the text where the control was found)
If you cannot find a value, use null. Output a JSON array, one object per control. Do not include any explanation, markdown, or extra text.
Text:
 updated business continuity and 
disaster recovery plans that guide the organization in 
how to respond to and recover from disruptions in 
networks, systems, and internal operations. The plans 
are tested on an annual basis.  
Inspected the Business Continuity and Disaster Recovery 
Plans to verify whether they provided comprehensive 
instructions on how to respond and recover from disruptions 
in networks, systems, and internal operations. 
Inspected the disaster recovery exercise report to verify 
whether a test of the Business Continuity and Disaster 
Recovery plans had been conducted during the period. 
No exceptions noted. 
CC9.2: The entity assesses and manages risks associated with vendors and business partners. 
CC9.2.1 
SimpleLegal maintains an updated Vendor Management 
Policy to monitor and ensure service levels and ongoing 
compliance of existing vendors. The policy outlines roles, 
responsibilities, and communication protocols around 
managing vendor relationships and exception handling.  
Inspected the Vendor Management Policy to verify whether 
it adequately documented requirements and guidelines for 
conducting vendor due diligence reviews and risk 
assessments. 
No exceptions noted. 
=== PAGE 42 ===

42 
Control # 
Control Activity Specified by SimpleLegal 
Boulay’s Test of Controls 
Test Results 
CC9.2.2 
SimpleLegal conducts comprehensive vendor due 
diligence prior to onboarding new high-risk vendors, as 
well as on an annual basis for existing high-risk vendors. 
This includes performing a vendor risk assessment and 
reviewing the SOC 2 reports, SOC 3 reports, ISO 27001 
certifications and/or responses to information security 
questionnaires.  
For the one new vendor onboarded during the period, 
inspected the completed security review documentation and 
collected report to verify whether SimpleLegal had reviewed 
SOC 2 reports, SOC 3 reports, ISO 27001 certifications, 
and/or responses to information security questionnaires 
prior to onboarding. 
For all existing high-risk vendors, inspected the completed 
security review documentation and collected reports to 
verify whether SimpleLegal had reviewed SOC 2 reports, 
SOC 3 reports, ISO 27001 certifications, and/or responses 
to information security questionnaires. 
No exceptions noted. 
=== PAGE 43 ===

43 

Control # 
Control Activity Specified by SimpleLegal 
Boulay’s Test of Controls 
Test Results 
A1.1: The entity maintains, monitors, and evaluates current processing capacity and use of system components (infrastructure, data, and software) to manage 
capacity demand and to enable the implementation of additional capacity to help meet its objectives. 
A1.1.1 
SimpleLegal measures current usage of its system 
components to establish a baseline for capacity 
management and to identify peak use times. The risk of 
impaired availability due to capacity constraints is 
analyzed and mitigated on an ongoing basis

2025-07-01 15:20:38,398 DEBUG Request options: {'method': 'post', 'url': '/chat/completions', 'files': None, 'idempotency_key': 'stainless-python-retry-774d8bbd-3ca4-4523-900f-c2060533a185', 'json_data': {'messages': [{'role': 'user', 'content': "You are an expert at reading SOC reports. Given the following text, extract all controls tested. Controls may be listed under section headings (such as COSO or TSC sections), and control IDs may appear in many formats: e.g., 'CC9.1', 'CC 9.1', 'CC.9.1', '9.1', or as a section like 'CC9.0' with controls listed as 1, 2, 3, etc. Do your best to distinguish between section IDs and control IDs, and capture the most specific control ID for each control. For each control, extract the following fields as accurately as possible: \n- control_id: (string, the control's unique identifier as shown in the report, or null if not found)\n- control_desc: (string, the description of the control—what the company is supposed to comply with)\n- control_test: (string, what the auditor tested to determine design and operating effectiveness)\n- control_test_results: (string, the results of the test, e.g., 'No exceptions noted', 'No deviations noted', or a description of any exceptions or findings)\n- control_page_ref: (int, page number if available, else null)\n- control_line_ref: (int, line number in the text where the control was found)\nIf you cannot find a value, use null. Output a JSON array, one object per control. Do not include any explanation, markdown, or extra text.\nText:\n updated business continuity and \ndisaster recovery plans that guide the organization in \nhow to respond to and recover from disruptions in \nnetworks, systems, and internal operations. The plans \nare tested on an annual basis.  \nInspected the Business Continuity and Disaster Recovery \nPlans to verify whether they provided comprehensive \ninstructions on how to respond and recover from disruptions \nin networks, systems, and internal operations. \nInspected the disaster recovery exercise report to verify \nwhether a test of the Business Continuity and Disaster \nRecovery plans had been conducted during the period. \nNo exceptions noted. \nCC9.2: The entity assesses and manages risks associated with vendors and business partners. \nCC9.2.1 \nSimpleLegal maintains an updated Vendor Management \nPolicy to monitor and ensure service levels and ongoing \ncompliance of existing vendors. The policy outlines roles, \nresponsibilities, and communication protocols around \nmanaging vendor relationships and exception handling.  \nInspected the Vendor Management Policy to verify whether \nit adequately documented requirements and guidelines for \nconducting vendor due diligence reviews and risk \nassessments. \nNo exceptions noted. \n=== PAGE 42 ===\n\n42 \nControl # \nControl Activity Specified by SimpleLegal \nBoulay’s Test of Controls \nTest Results \nCC9.2.2 \nSimpleLegal conducts comprehensive vendor due \ndiligence prior to onboarding new high-risk vendors, as \nwell as on an annual basis for existing high-risk vendors. \nThis includes performing a vendor risk assessment and \nreviewing the SOC 2 reports, SOC 3 reports, ISO 27001 \ncertifications and/or responses to information security \nquestionnaires.  \nFor the one new vendor onboarded during the period, \ninspected the completed security review documentation and \ncollected report to verify whether SimpleLegal had reviewed \nSOC 2 reports, SOC 3 reports, ISO 27001 certifications, \nand/or responses to information security questionnaires \nprior to onboarding. \nFor all existing high-risk vendors, inspected the completed \nsecurity review documentation and collected reports to \nverify whether SimpleLegal had reviewed SOC 2 reports, \nSOC 3 reports, ISO 27001 certifications, and/or responses \nto information security questionnaires. \nNo exceptions noted. \n=== PAGE 43 ===\n\n43 \n\nControl # \nControl Activity Specified by SimpleLegal \nBoulay’s Test of Controls \nTest Results \nA1.1: The entity maintains, monitors, and evaluates current processing capacity and use of system components (infrastructure, data, and software) to manage \ncapacity demand and to enable the implementation of additional capacity to help meet its objectives. \nA1.1.1 \nSimpleLegal measures current usage of its system \ncomponents to establish a baseline for capacity \nmanagement and to identify peak use times. The risk of \nimpaired availability due to capacity constraints is \nanalyzed and mitigated on an ongoing basis\n"}], 'model': 'gpt-3.5-turbo', 'temperature': 0.0, 'top_p': 0.0}}
2025-07-01 15:20:38,398 DEBUG Sending HTTP Request: POST https://api.openai.com/v1/chat/completions
2025-07-01 15:20:38,399 DEBUG send_request_headers.started request=<Request [b'POST']>
2025-07-01 15:20:38,399 DEBUG send_request_headers.complete
2025-07-01 15:20:38,399 DEBUG send_request_body.started request=<Request [b'POST']>
2025-07-01 15:20:38,399 DEBUG send_request_body.complete
2025-07-01 15:20:38,400 DEBUG receive_response_headers.started request=<Request [b'POST']>
2025-07-01 15:20:41,165 DEBUG receive_response_headers.complete return_value=(b'HTTP/1.1', 200, b'OK', [(b'Date', b'Tue, 01 Jul 2025 19:20:40 GMT'), (b'Content-Type', b'application/json'), (b'Transfer-Encoding', b'chunked'), (b'Connection', b'keep-alive'), (b'access-control-expose-headers', b'X-Request-ID'), (b'openai-organization', b'user-58hzvdaaovkznpa7grjzxtja'), (b'openai-processing-ms', b'11155'), (b'openai-version', b'2020-10-01'), (b'x-envoy-upstream-service-time', b'11158'), (b'x-ratelimit-limit-requests', b'5000'), (b'x-ratelimit-limit-tokens', b'4000000'), (b'x-ratelimit-remaining-requests', b'4999'), (b'x-ratelimit-remaining-tokens', b'3998943'), (b'x-ratelimit-reset-requests', b'12ms'), (b'x-ratelimit-reset-tokens', b'15ms'), (b'x-request-id', b'req_e9fccda8f83f087f3ab2233807070c73'), (b'strict-transport-security', b'max-age=31536000; includeSubDomains; preload'), (b'cf-cache-status', b'DYNAMIC'), (b'X-Content-Type-Options', b'nosniff'), (b'Server', b'cloudflare'), (b'CF-RAY', b'958842cd8ee58f4b-ORD'), (b'Content-Encoding', b'gzip'), (b'alt-svc', b'h3=":443"; ma=86400')])
2025-07-01 15:20:41,166 INFO HTTP Request: POST https://api.openai.com/v1/chat/completions "HTTP/1.1 200 OK"
2025-07-01 15:20:41,166 DEBUG receive_response_body.started request=<Request [b'POST']>
2025-07-01 15:20:41,175 DEBUG receive_response_body.complete
2025-07-01 15:20:41,175 DEBUG response_closed.started
2025-07-01 15:20:41,175 DEBUG response_closed.complete
2025-07-01 15:20:41,175 DEBUG HTTP Response: POST https://api.openai.com/v1/chat/completions "200 OK" Headers({'date': 'Tue, 01 Jul 2025 19:20:40 GMT', 'content-type': 'application/json', 'transfer-encoding': 'chunked', 'connection': 'keep-alive', 'access-control-expose-headers': 'X-Request-ID', 'openai-organization': 'user-58hzvdaaovkznpa7grjzxtja', 'openai-processing-ms': '11155', 'openai-version': '2020-10-01', 'x-envoy-upstream-service-time': '11158', 'x-ratelimit-limit-requests': '5000', 'x-ratelimit-limit-tokens': '4000000', 'x-ratelimit-remaining-requests': '4999', 'x-ratelimit-remaining-tokens': '3998943', 'x-ratelimit-reset-requests': '12ms', 'x-ratelimit-reset-tokens': '15ms', 'x-request-id': 'req_e9fccda8f83f087f3ab2233807070c73', 'strict-transport-security': 'max-age=31536000; includeSubDomains; preload', 'cf-cache-status': 'DYNAMIC', 'x-content-type-options': 'nosniff', 'server': 'cloudflare', 'cf-ray': '958842cd8ee58f4b-ORD', 'content-encoding': 'gzip', 'alt-svc': 'h3=":443"; ma=86400'})
2025-07-01 15:20:41,176 DEBUG request_id: req_e9fccda8f83f087f3ab2233807070c73
2025-07-01 15:20:41,176 DEBUG Chunk 18 response: [
    {
        "control_id": "CC7.1.1",
        "control_desc": "SimpleLegal maintains baseline configurations for its information systems and system components to reflect the current enterprise architecture.",
        "control_test": "Inspected the System Hardening Guidelines and the Jamf Pro configuration profiles to verify whether SimpleLegal maintained baseline configurations for its information systems and system components.",
        "control_test_results": "No exceptions noted.",
        "control_page_ref": null,
        "control_line_ref": 5
    },
    {
        "control_id": "CC7.1.2",
        "control_desc": "SimpleLegal has implemented a vulnerability management program to detect and remediate system vulnerabilities in software packages used in the Company’s infrastructure. System patching is performed on a periodic basis by the infrastructure team for proper vulnerability mitigation.",
        "control_test": "For a selection of months during the period, inspected the Probely vulnerability scanning reports to verify whether SimpleLegal had implemented a vulnerability management program to detect and remediate system vulnerabilities in software packages.",
        "control_test_results": "Per inspection of the Probely vulnerability scanning reports, noted that there were no vulnerabilities that required patching. Therefore, further testing was not applicable. No exceptions noted.",
        "control_page_ref": null,
        "control_line_ref": 17
    },
    {
        "control_id": "CC7.1.3",
        "control_desc": "SimpleLegal uses intrusion detection systems that continuously monitor for malicious activity and unauthorized behavior related to AWS accounts, workloads, and data.",
        "control_test": "Inspected the GuardDuty and CrowdStrike intrusion detection systems to verify whether they were implemented to monitor for malicious activity and unauthorized behavior related to AWS accounts, workloads, and data.",
        "control_test_results": "No exceptions noted.",
        "control_page_ref": null,
        "control_line_ref": 29
    },
    {
        "control_id": "CC7.1.4",
        "control_desc": "A log management tool is utilized to identify trends that may have a potential impact on the Company's ability to achieve its security objectives.",
        "control_test": "Inspected the Elastic dashboard to verify whether a log management tool was utilized to identify trends that may have a potential impact on the Company's ability to achieve its security objectives.",
        "control_test_results": "No exceptions noted.",
        "control_page_ref": 38,
        "control_line_ref": 2
    },
    {
        "control_id": "CC7.2.1",
        "control_desc": "SimpleLegal maintains updated detection policies, procedures, and tools to identify anomalies or unusual activity on information systems. Potential security incidents are filtered and analyzed based on established detection measures.",
        "control_test": "Inspected the Incident Reporting and Response Policy to verify whether it adequately documented incident detection processes and management of potential incidents.",
        "control_test_results": null,
        "control_page_ref": null,
        "control_line_ref": 52
    }
]
2025-07-01 15:20:41,176 INFO CHUNK 18 EXTRACTED 5 CONTROLS
2025-07-01 15:20:41,176 INFO PROCESSING CHUNK 25:
CHUNK TEXT (first 500 chars):
sponses to information security questionnaires 
prior to onboarding. 
For all existing high-risk vendors, inspected the completed 
security review documentation and collected reports to 
verify whether SimpleLegal had reviewed SOC 2 reports, 
SOC 3 reports, ISO 27001 certifications, and/or responses 
to information security questionnaires. 
No exceptions noted. 
=== PAGE 43 ===

43 

Control # 
Control Activity Specified by SimpleLegal 
Boulay’s Test of Controls 
Test Results 
A1.1: The entity m
2025-07-01 15:20:41,176 INFO CHUNK 25 PROMPT:
You are an expert at reading SOC reports. Given the following text, extract all controls tested. Controls may be listed under section headings (such as COSO or TSC sections), and control IDs may appear in many formats: e.g., 'CC9.1', 'CC 9.1', 'CC.9.1', '9.1', or as a section like 'CC9.0' with controls listed as 1, 2, 3, etc. Do your best to distinguish between section IDs and control IDs, and capture the most specific control ID for each control. For each control, extract the following fields as accurately as possible: 
- control_id: (string, the control's unique identifier as shown in the report, or null if not found)
- control_desc: (string, the description of the control—what the company is supposed to comply with)
- control_test: (string, what the auditor tested to determine design and operating effectiveness)
- control_test_results: (string, the results of the test, e.g., 'No exceptions noted', 'No deviations noted', or a description of any exceptions or findings)
- control_page_ref: (int, page number if available, else null)
- control_line_ref: (int, line number in the text where the control was found)
If you cannot find a value, use null. Output a JSON array, one object per control. Do not include any explanation, markdown, or extra text.
Text:
sponses to information security questionnaires 
prior to onboarding. 
For all existing high-risk vendors, inspected the completed 
security review documentation and collected reports to 
verify whether SimpleLegal had reviewed SOC 2 reports, 
SOC 3 reports, ISO 27001 certifications, and/or responses 
to information security questionnaires. 
No exceptions noted. 
=== PAGE 43 ===

43 

Control # 
Control Activity Specified by SimpleLegal 
Boulay’s Test of Controls 
Test Results 
A1.1: The entity maintains, monitors, and evaluates current processing capacity and use of system components (infrastructure, data, and software) to manage 
capacity demand and to enable the implementation of additional capacity to help meet its objectives. 
A1.1.1 
SimpleLegal measures current usage of its system 
components to establish a baseline for capacity 
management and to identify peak use times. The risk of 
impaired availability due to capacity constraints is 
analyzed and mitigated on an ongoing basis. 
Inspected the AWS dashboard to verify whether 
SimpleLegal measures current usage of its system 
components to establish a baseline for capacity 
management and to identify peak use times. 
No exceptions noted. 
A1.1.2 
Load Balancers are utilized in AWS to automatically 
distribute network traffic and improve application 
scalability. 
Inspected the AWS dashboard to verify whether Load 
Balancers were utilized to automatically distribute network 
traffic and improve application scalability. 
No exceptions noted. 
A1.1.3 
AWS is configured to automatically scale system 
capacity to maintain steady, predictable performance. 
Inspected the AWS dashboard to verify whether Auto-
Scaling groups were established to maintain steady, 
predictable performance. 
No exceptions noted. 
A1.1.4 
SimpleLegal automatically distributes incoming 
application traffic across multiple targets and virtual 
appliances in multiple availability zones. 
Inspected the AWS dashboard to verify whether multiple 
availability zones were established to distribute application 
traffic. 
No exceptions noted. 
A1.2: The entity authorizes, designs, develops or acquires, implements, operates, approves, maintains, and monitors environmental protections, software, data back-
up processes, and recovery infrastructure to meet its objectives.  
A1.2.1 
AWS S3 buckets containing user data have versioning 
enabled.  
Inspected the AWS dashboard to verify whether buckets 
containing user data had versioning enabled. 
No exceptions noted. 
A1.2.2 
Data backups are performed daily and retained for a 
period of at least 30 days across multiple availability 
zones. 
Inspected the AWS backup configurations to verify whether 
SimpleLegal performed data backups daily and retained 
them for at least 30 days across multiple availability zones. 
No exceptions noted. 
SimpleLegal uses AWS to provide cloud computing and data center hosting services. Pleas

2025-07-01 15:20:41,177 DEBUG Request options: {'method': 'post', 'url': '/chat/completions', 'files': None, 'idempotency_key': 'stainless-python-retry-2006deaf-ef03-4cf7-889f-e4df98ef4778', 'json_data': {'messages': [{'role': 'user', 'content': "You are an expert at reading SOC reports. Given the following text, extract all controls tested. Controls may be listed under section headings (such as COSO or TSC sections), and control IDs may appear in many formats: e.g., 'CC9.1', 'CC 9.1', 'CC.9.1', '9.1', or as a section like 'CC9.0' with controls listed as 1, 2, 3, etc. Do your best to distinguish between section IDs and control IDs, and capture the most specific control ID for each control. For each control, extract the following fields as accurately as possible: \n- control_id: (string, the control's unique identifier as shown in the report, or null if not found)\n- control_desc: (string, the description of the control—what the company is supposed to comply with)\n- control_test: (string, what the auditor tested to determine design and operating effectiveness)\n- control_test_results: (string, the results of the test, e.g., 'No exceptions noted', 'No deviations noted', or a description of any exceptions or findings)\n- control_page_ref: (int, page number if available, else null)\n- control_line_ref: (int, line number in the text where the control was found)\nIf you cannot find a value, use null. Output a JSON array, one object per control. Do not include any explanation, markdown, or extra text.\nText:\nsponses to information security questionnaires \nprior to onboarding. \nFor all existing high-risk vendors, inspected the completed \nsecurity review documentation and collected reports to \nverify whether SimpleLegal had reviewed SOC 2 reports, \nSOC 3 reports, ISO 27001 certifications, and/or responses \nto information security questionnaires. \nNo exceptions noted. \n=== PAGE 43 ===\n\n43 \n\nControl # \nControl Activity Specified by SimpleLegal \nBoulay’s Test of Controls \nTest Results \nA1.1: The entity maintains, monitors, and evaluates current processing capacity and use of system components (infrastructure, data, and software) to manage \ncapacity demand and to enable the implementation of additional capacity to help meet its objectives. \nA1.1.1 \nSimpleLegal measures current usage of its system \ncomponents to establish a baseline for capacity \nmanagement and to identify peak use times. The risk of \nimpaired availability due to capacity constraints is \nanalyzed and mitigated on an ongoing basis. \nInspected the AWS dashboard to verify whether \nSimpleLegal measures current usage of its system \ncomponents to establish a baseline for capacity \nmanagement and to identify peak use times. \nNo exceptions noted. \nA1.1.2 \nLoad Balancers are utilized in AWS to automatically \ndistribute network traffic and improve application \nscalability. \nInspected the AWS dashboard to verify whether Load \nBalancers were utilized to automatically distribute network \ntraffic and improve application scalability. \nNo exceptions noted. \nA1.1.3 \nAWS is configured to automatically scale system \ncapacity to maintain steady, predictable performance. \nInspected the AWS dashboard to verify whether Auto-\nScaling groups were established to maintain steady, \npredictable performance. \nNo exceptions noted. \nA1.1.4 \nSimpleLegal automatically distributes incoming \napplication traffic across multiple targets and virtual \nappliances in multiple availability zones. \nInspected the AWS dashboard to verify whether multiple \navailability zones were established to distribute application \ntraffic. \nNo exceptions noted. \nA1.2: The entity authorizes, designs, develops or acquires, implements, operates, approves, maintains, and monitors environmental protections, software, data back-\nup processes, and recovery infrastructure to meet its objectives.  \nA1.2.1 \nAWS S3 buckets containing user data have versioning \nenabled.  \nInspected the AWS dashboard to verify whether buckets \ncontaining user data had versioning enabled. \nNo exceptions noted. \nA1.2.2 \nData backups are performed daily and retained for a \nperiod of at least 30 days across multiple availability \nzones. \nInspected the AWS backup configurations to verify whether \nSimpleLegal performed data backups daily and retained \nthem for at least 30 days across multiple availability zones. \nNo exceptions noted. \nSimpleLegal uses AWS to provide cloud computing and data center hosting services. Pleas\n"}], 'model': 'gpt-3.5-turbo', 'temperature': 0.0, 'top_p': 0.0}}
2025-07-01 15:20:41,178 DEBUG Sending HTTP Request: POST https://api.openai.com/v1/chat/completions
2025-07-01 15:20:41,178 DEBUG send_request_headers.started request=<Request [b'POST']>
2025-07-01 15:20:41,178 DEBUG send_request_headers.complete
2025-07-01 15:20:41,178 DEBUG send_request_body.started request=<Request [b'POST']>
2025-07-01 15:20:41,178 DEBUG send_request_body.complete
2025-07-01 15:20:41,178 DEBUG receive_response_headers.started request=<Request [b'POST']>
2025-07-01 15:20:41,865 DEBUG receive_response_headers.complete return_value=(b'HTTP/1.1', 200, b'OK', [(b'Date', b'Tue, 01 Jul 2025 19:20:41 GMT'), (b'Content-Type', b'application/json'), (b'Transfer-Encoding', b'chunked'), (b'Connection', b'keep-alive'), (b'access-control-expose-headers', b'X-Request-ID'), (b'openai-organization', b'user-58hzvdaaovkznpa7grjzxtja'), (b'openai-processing-ms', b'4389'), (b'openai-version', b'2020-10-01'), (b'x-envoy-upstream-service-time', b'4391'), (b'x-ratelimit-limit-requests', b'5000'), (b'x-ratelimit-limit-tokens', b'4000000'), (b'x-ratelimit-remaining-requests', b'4999'), (b'x-ratelimit-remaining-tokens', b'3998943'), (b'x-ratelimit-reset-requests', b'12ms'), (b'x-ratelimit-reset-tokens', b'15ms'), (b'x-request-id', b'req_0c59a2afeed4d727745de566d564c31c'), (b'strict-transport-security', b'max-age=31536000; includeSubDomains; preload'), (b'cf-cache-status', b'DYNAMIC'), (b'X-Content-Type-Options', b'nosniff'), (b'Server', b'cloudflare'), (b'CF-RAY', b'958842fc2cdb111e-ORD'), (b'Content-Encoding', b'gzip'), (b'alt-svc', b'h3=":443"; ma=86400')])
2025-07-01 15:20:41,866 INFO HTTP Request: POST https://api.openai.com/v1/chat/completions "HTTP/1.1 200 OK"
2025-07-01 15:20:41,866 DEBUG receive_response_body.started request=<Request [b'POST']>
2025-07-01 15:20:41,866 DEBUG receive_response_body.complete
2025-07-01 15:20:41,866 DEBUG response_closed.started
2025-07-01 15:20:41,866 DEBUG response_closed.complete
2025-07-01 15:20:41,866 DEBUG HTTP Response: POST https://api.openai.com/v1/chat/completions "200 OK" Headers({'date': 'Tue, 01 Jul 2025 19:20:41 GMT', 'content-type': 'application/json', 'transfer-encoding': 'chunked', 'connection': 'keep-alive', 'access-control-expose-headers': 'X-Request-ID', 'openai-organization': 'user-58hzvdaaovkznpa7grjzxtja', 'openai-processing-ms': '4389', 'openai-version': '2020-10-01', 'x-envoy-upstream-service-time': '4391', 'x-ratelimit-limit-requests': '5000', 'x-ratelimit-limit-tokens': '4000000', 'x-ratelimit-remaining-requests': '4999', 'x-ratelimit-remaining-tokens': '3998943', 'x-ratelimit-reset-requests': '12ms', 'x-ratelimit-reset-tokens': '15ms', 'x-request-id': 'req_0c59a2afeed4d727745de566d564c31c', 'strict-transport-security': 'max-age=31536000; includeSubDomains; preload', 'cf-cache-status': 'DYNAMIC', 'x-content-type-options': 'nosniff', 'server': 'cloudflare', 'cf-ray': '958842fc2cdb111e-ORD', 'content-encoding': 'gzip', 'alt-svc': 'h3=":443"; ma=86400'})
2025-07-01 15:20:41,867 DEBUG request_id: req_0c59a2afeed4d727745de566d564c31c
2025-07-01 15:20:41,869 DEBUG Chunk 23 response: [
    {
        "control_id": "CC8.1.3",
        "control_desc": "Developers are unable to deploy changes to production without independent code review and approval. All deployments are logged, including who deployed the change and at what time it was deployed.",
        "control_test": "Inspected the GitLab configurations to verify whether merge requests required at least one independent code review and approval prior to deployment to the production environment.",
        "control_test_results": "No exceptions noted.",
        "control_page_ref": 41,
        "control_line_ref": 7
    },
    {
        "control_id": "CC8.1.4",
        "control_desc": "SimpleLegal maintains separate test and production environments for software development.",
        "control_test": "Inspected the AWS dashboard to verify whether SimpleLegal maintained separate test and production environments for software development.",
        "control_test_results": "No exceptions noted.",
        "control_page_ref": 41,
        "control_line_ref": 19
    },
    {
        "control_id": "CC8.1.5",
        "control_desc": "Changes to the production environment are communicated to affected internal and external stakeholders.",
        "control_test": "Inspected external release notes and internal product change communications to verify whether changes to the production environment were communicated to internal and external users.",
        "control_test_results": "No exceptions noted.",
        "control_page_ref": 41,
        "control_line_ref": 29
    },
    {
        "control_id": "CC9.1.1",
        "control_desc": "SimpleLegal maintains insurance to mitigate the financial impact of business disruptions, including cyber incidents.",
        "control_test": "Inspected the insurance policies for SimpleLegal to verify whether they included coverage against major financial risks to the business, including cyber incidents.",
        "control_test_results": "No exceptions noted.",
        "control_page_ref": 41,
        "control_line_ref": 53
    },
    {
        "control_id": "CC9.1.2",
        "control_desc": "SimpleLegal maintains updated business continuity and disaster recovery plans that guide the organization in how to respond to and recover from disruptions in networks, systems, and internal operations. The plans are tested on an annual basis.",
        "control_test": "Inspected the Business Continuity and Disaster Recovery Plans to verify whether they provided comprehensive instructions on how to respond and recover from disruptions in networks, systems, and internal operations. Inspected the disaster recovery exercise report to verify whether a test of the Business Continuity and Disaster Recovery plans had been conducted during the period.",
        "control_test_results": "No exceptions noted.",
        "control_page_ref": 41,
        "control_line_ref": 65
    }
]
2025-07-01 15:20:41,869 INFO CHUNK 23 EXTRACTED 5 CONTROLS
2025-07-01 15:20:41,869 INFO PROCESSING CHUNK 26:
CHUNK TEXT (first 500 chars):
y zones. 
Inspected the AWS dashboard to verify whether multiple 
availability zones were established to distribute application 
traffic. 
No exceptions noted. 
A1.2: The entity authorizes, designs, develops or acquires, implements, operates, approves, maintains, and monitors environmental protections, software, data back-
up processes, and recovery infrastructure to meet its objectives.  
A1.2.1 
AWS S3 buckets containing user data have versioning 
enabled.  
Inspected the AWS dashboard to veri
2025-07-01 15:20:41,869 INFO CHUNK 26 PROMPT:
You are an expert at reading SOC reports. Given the following text, extract all controls tested. Controls may be listed under section headings (such as COSO or TSC sections), and control IDs may appear in many formats: e.g., 'CC9.1', 'CC 9.1', 'CC.9.1', '9.1', or as a section like 'CC9.0' with controls listed as 1, 2, 3, etc. Do your best to distinguish between section IDs and control IDs, and capture the most specific control ID for each control. For each control, extract the following fields as accurately as possible: 
- control_id: (string, the control's unique identifier as shown in the report, or null if not found)
- control_desc: (string, the description of the control—what the company is supposed to comply with)
- control_test: (string, what the auditor tested to determine design and operating effectiveness)
- control_test_results: (string, the results of the test, e.g., 'No exceptions noted', 'No deviations noted', or a description of any exceptions or findings)
- control_page_ref: (int, page number if available, else null)
- control_line_ref: (int, line number in the text where the control was found)
If you cannot find a value, use null. Output a JSON array, one object per control. Do not include any explanation, markdown, or extra text.
Text:
y zones. 
Inspected the AWS dashboard to verify whether multiple 
availability zones were established to distribute application 
traffic. 
No exceptions noted. 
A1.2: The entity authorizes, designs, develops or acquires, implements, operates, approves, maintains, and monitors environmental protections, software, data back-
up processes, and recovery infrastructure to meet its objectives.  
A1.2.1 
AWS S3 buckets containing user data have versioning 
enabled.  
Inspected the AWS dashboard to verify whether buckets 
containing user data had versioning enabled. 
No exceptions noted. 
A1.2.2 
Data backups are performed daily and retained for a 
period of at least 30 days across multiple availability 
zones. 
Inspected the AWS backup configurations to verify whether 
SimpleLegal performed data backups daily and retained 
them for at least 30 days across multiple availability zones. 
No exceptions noted. 
SimpleLegal uses AWS to provide cloud computing and data center hosting services. Please reference Complementary Subservice Organization Controls (CSOCs) in Section III 
for additional controls that are to be implemented by the subservice organization. 
AVAILABILITY 
=== PAGE 44 ===

44 
Control # 
Control Activity Specified by SimpleLegal 
Boulay’s Test of Controls 
Test Results 
A1.3: The entity tests recovery plan procedures supporting system recovery to meet its objectives.  
A1.3.1 
SimpleLegal maintains updated business continuity and 
disaster recovery plans that guide the organization in 
how to respond to and recover from disruptions in 
networks, systems, and internal operations. The plans 
are tested on an annual basis.  
Inspected the Business Continuity and Disaster Recovery 
Plans to verify whether they provided comprehensive 
instructions on how to respond and recover from 
disruptions in networks, systems, and internal operations. 
Inspected the disaster recovery exercise report to verify 
whether a test of the Business Continuity and Disaster 
Recovery plans had been conducted during the period. 
No exceptions noted. 
A1.3.2 
SimpleLegal tests the integrity and completeness of 
backups on at least an annual basis. 
Inspected the continuity plan checklist to verify whether 
SimpleLegal tested the integrity and completeness of 
backups on at least an annual basis. 
No exceptions noted. 
 
=== PAGE 45 ===

45 

Control # 
Control Activity Specified by SimpleLegal 
Boulay’s Test of Controls 
Test Results 
C1.1: The entity identifies and maintains confidential information to meet the entity’s objectives related to confidentiality. 
C1.1.1 
SimpleLegal has policies and procedures in place that 
govern how confidential data is secured and restricted to 
authorized personnel. 
Inspected the Information Classification and Information 
Disposal policies to verify whether SimpleLegal had policies 
and procedures that governed how confidential data is 
secured and restricted to auth

2025-07-01 15:20:41,872 DEBUG Request options: {'method': 'post', 'url': '/chat/completions', 'files': None, 'idempotency_key': 'stainless-python-retry-d142ea9f-01eb-48be-8a99-2f86e87cc8e3', 'json_data': {'messages': [{'role': 'user', 'content': "You are an expert at reading SOC reports. Given the following text, extract all controls tested. Controls may be listed under section headings (such as COSO or TSC sections), and control IDs may appear in many formats: e.g., 'CC9.1', 'CC 9.1', 'CC.9.1', '9.1', or as a section like 'CC9.0' with controls listed as 1, 2, 3, etc. Do your best to distinguish between section IDs and control IDs, and capture the most specific control ID for each control. For each control, extract the following fields as accurately as possible: \n- control_id: (string, the control's unique identifier as shown in the report, or null if not found)\n- control_desc: (string, the description of the control—what the company is supposed to comply with)\n- control_test: (string, what the auditor tested to determine design and operating effectiveness)\n- control_test_results: (string, the results of the test, e.g., 'No exceptions noted', 'No deviations noted', or a description of any exceptions or findings)\n- control_page_ref: (int, page number if available, else null)\n- control_line_ref: (int, line number in the text where the control was found)\nIf you cannot find a value, use null. Output a JSON array, one object per control. Do not include any explanation, markdown, or extra text.\nText:\ny zones. \nInspected the AWS dashboard to verify whether multiple \navailability zones were established to distribute application \ntraffic. \nNo exceptions noted. \nA1.2: The entity authorizes, designs, develops or acquires, implements, operates, approves, maintains, and monitors environmental protections, software, data back-\nup processes, and recovery infrastructure to meet its objectives.  \nA1.2.1 \nAWS S3 buckets containing user data have versioning \nenabled.  \nInspected the AWS dashboard to verify whether buckets \ncontaining user data had versioning enabled. \nNo exceptions noted. \nA1.2.2 \nData backups are performed daily and retained for a \nperiod of at least 30 days across multiple availability \nzones. \nInspected the AWS backup configurations to verify whether \nSimpleLegal performed data backups daily and retained \nthem for at least 30 days across multiple availability zones. \nNo exceptions noted. \nSimpleLegal uses AWS to provide cloud computing and data center hosting services. Please reference Complementary Subservice Organization Controls (CSOCs) in Section III \nfor additional controls that are to be implemented by the subservice organization. \nAVAILABILITY \n=== PAGE 44 ===\n\n44 \nControl # \nControl Activity Specified by SimpleLegal \nBoulay’s Test of Controls \nTest Results \nA1.3: The entity tests recovery plan procedures supporting system recovery to meet its objectives.  \nA1.3.1 \nSimpleLegal maintains updated business continuity and \ndisaster recovery plans that guide the organization in \nhow to respond to and recover from disruptions in \nnetworks, systems, and internal operations. The plans \nare tested on an annual basis.  \nInspected the Business Continuity and Disaster Recovery \nPlans to verify whether they provided comprehensive \ninstructions on how to respond and recover from \ndisruptions in networks, systems, and internal operations. \nInspected the disaster recovery exercise report to verify \nwhether a test of the Business Continuity and Disaster \nRecovery plans had been conducted during the period. \nNo exceptions noted. \nA1.3.2 \nSimpleLegal tests the integrity and completeness of \nbackups on at least an annual basis. \nInspected the continuity plan checklist to verify whether \nSimpleLegal tested the integrity and completeness of \nbackups on at least an annual basis. \nNo exceptions noted. \n \n=== PAGE 45 ===\n\n45 \n\nControl # \nControl Activity Specified by SimpleLegal \nBoulay’s Test of Controls \nTest Results \nC1.1: The entity identifies and maintains confidential information to meet the entity’s objectives related to confidentiality. \nC1.1.1 \nSimpleLegal has policies and procedures in place that \ngovern how confidential data is secured and restricted to \nauthorized personnel. \nInspected the Information Classification and Information \nDisposal policies to verify whether SimpleLegal had policies \nand procedures that governed how confidential data is \nsecured and restricted to auth\n"}], 'model': 'gpt-3.5-turbo', 'temperature': 0.0, 'top_p': 0.0}}
2025-07-01 15:20:41,873 DEBUG Sending HTTP Request: POST https://api.openai.com/v1/chat/completions
2025-07-01 15:20:41,873 DEBUG send_request_headers.started request=<Request [b'POST']>
2025-07-01 15:20:41,873 DEBUG send_request_headers.complete
2025-07-01 15:20:41,873 DEBUG send_request_body.started request=<Request [b'POST']>
2025-07-01 15:20:41,874 DEBUG send_request_body.complete
2025-07-01 15:20:41,874 DEBUG receive_response_headers.started request=<Request [b'POST']>
2025-07-01 15:20:44,818 DEBUG receive_response_headers.complete return_value=(b'HTTP/1.1', 200, b'OK', [(b'Date', b'Tue, 01 Jul 2025 19:20:43 GMT'), (b'Content-Type', b'application/json'), (b'Transfer-Encoding', b'chunked'), (b'Connection', b'keep-alive'), (b'access-control-expose-headers', b'X-Request-ID'), (b'openai-organization', b'user-58hzvdaaovkznpa7grjzxtja'), (b'openai-processing-ms', b'9126'), (b'openai-version', b'2020-10-01'), (b'x-envoy-upstream-service-time', b'9469'), (b'x-ratelimit-limit-requests', b'5000'), (b'x-ratelimit-limit-tokens', b'4000000'), (b'x-ratelimit-remaining-requests', b'4999'), (b'x-ratelimit-remaining-tokens', b'3998943'), (b'x-ratelimit-reset-requests', b'12ms'), (b'x-ratelimit-reset-tokens', b'15ms'), (b'x-request-id', b'req_4158b1c753e3fdb92f74f76b04e25960'), (b'strict-transport-security', b'max-age=31536000; includeSubDomains; preload'), (b'cf-cache-status', b'DYNAMIC'), (b'X-Content-Type-Options', b'nosniff'), (b'Server', b'cloudflare'), (b'CF-RAY', b'958842eefb7be991-ORD'), (b'Content-Encoding', b'gzip'), (b'alt-svc', b'h3=":443"; ma=86400')])
2025-07-01 15:20:44,819 INFO HTTP Request: POST https://api.openai.com/v1/chat/completions "HTTP/1.1 200 OK"
2025-07-01 15:20:44,819 DEBUG receive_response_body.started request=<Request [b'POST']>
2025-07-01 15:20:44,824 DEBUG receive_response_body.complete
2025-07-01 15:20:44,824 DEBUG response_closed.started
2025-07-01 15:20:44,824 DEBUG response_closed.complete
2025-07-01 15:20:44,824 DEBUG HTTP Response: POST https://api.openai.com/v1/chat/completions "200 OK" Headers({'date': 'Tue, 01 Jul 2025 19:20:43 GMT', 'content-type': 'application/json', 'transfer-encoding': 'chunked', 'connection': 'keep-alive', 'access-control-expose-headers': 'X-Request-ID', 'openai-organization': 'user-58hzvdaaovkznpa7grjzxtja', 'openai-processing-ms': '9126', 'openai-version': '2020-10-01', 'x-envoy-upstream-service-time': '9469', 'x-ratelimit-limit-requests': '5000', 'x-ratelimit-limit-tokens': '4000000', 'x-ratelimit-remaining-requests': '4999', 'x-ratelimit-remaining-tokens': '3998943', 'x-ratelimit-reset-requests': '12ms', 'x-ratelimit-reset-tokens': '15ms', 'x-request-id': 'req_4158b1c753e3fdb92f74f76b04e25960', 'strict-transport-security': 'max-age=31536000; includeSubDomains; preload', 'cf-cache-status': 'DYNAMIC', 'x-content-type-options': 'nosniff', 'server': 'cloudflare', 'cf-ray': '958842eefb7be991-ORD', 'content-encoding': 'gzip', 'alt-svc': 'h3=":443"; ma=86400'})
2025-07-01 15:20:44,824 DEBUG request_id: req_4158b1c753e3fdb92f74f76b04e25960
2025-07-01 15:20:44,826 DEBUG Chunk 22 response: [
    {
        "control_id": "CC8.1",
        "control_desc": "The entity authorizes, designs, develops or acquires, configures, documents, tests, approves, and implements changes to infrastructure, data, software, and procedures to meet its objectives.",
        "control_test": "Inspected the Change Management Policies to verify whether they adequately documented SDLC processes and controls, including requirements around maintaining information security during software development.",
        "control_test_results": "No exceptions noted.",
        "control_page_ref": 41,
        "control_line_ref": 13
    },
    {
        "control_id": "CC8.1.1",
        "control_desc": "SimpleLegal maintains updated change management and software development policies that govern the systems development lifecycle (SDLC), including (1) authorizing system changes prior to development; (2) designing and developing system changes; (3) documenting and tracking changes prior to implementation; (4) testing and approving system changes; (5) deploying changes to production; (6) evaluating the changes against their objectives; and (7) modifying infrastructure, data, software, and procedures to remediate identified incidents.",
        "control_test": "Inspected the Change Management Policies to verify whether they adequately documented SDLC processes and controls, including requirements around maintaining information security during software development.",
        "control_test_results": "No exceptions noted.",
        "control_page_ref": 41,
        "control_line_ref": 33
    },
    {
        "control_id": "CC8.1.2",
        "control_desc": "SimpleLegal uses a version control system to manage source code, documentation, release labeling, and other change management tasks. Access to the system must be approved by a system administrator.",
        "control_test": "Inspected the GitLab dashboard to verify whether SimpleLegal utilized a version control system to manage source code, documentation, release labeling, and other change management tasks.",
        "control_test_results": "No exceptions noted.",
        "control_page_ref": 41,
        "control_line_ref": 53
    },
    {
        "control_id": "CC8.1.3",
        "control_desc": "Developers are unable to deploy changes to production without independent code review and approval. All deployments are logged, including who deployed the change and at what time it was deployed.",
        "control_test": "Inspected the GitLab configurations to verify whether merge requests required at least one independent code review and approval prior to deployment to the production environment.",
        "control_test_results": "No exceptions noted.",
        "control_page_ref": null,
        "control_line_ref": null
    },
    {
        "control_id": "CC8.1.4",
        "control_desc": "SimpleLegal maintains separate test and production environments for software development.",
        "control_test": "Inspected the AWS dashboard to verify whether",
        "control_test_results": null,
        "control_page_ref": 41,
        "control_line_ref": 71
    }
]
2025-07-01 15:20:44,826 INFO CHUNK 22 EXTRACTED 5 CONTROLS
2025-07-01 15:20:44,826 INFO PROCESSING CHUNK 27:
CHUNK TEXT (first 500 chars):
hether a test of the Business Continuity and Disaster 
Recovery plans had been conducted during the period. 
No exceptions noted. 
A1.3.2 
SimpleLegal tests the integrity and completeness of 
backups on at least an annual basis. 
Inspected the continuity plan checklist to verify whether 
SimpleLegal tested the integrity and completeness of 
backups on at least an annual basis. 
No exceptions noted. 
 
=== PAGE 45 ===

45 

Control # 
Control Activity Specified by SimpleLegal 
Boulay’s Test of Co
2025-07-01 15:20:44,826 INFO CHUNK 27 PROMPT:
You are an expert at reading SOC reports. Given the following text, extract all controls tested. Controls may be listed under section headings (such as COSO or TSC sections), and control IDs may appear in many formats: e.g., 'CC9.1', 'CC 9.1', 'CC.9.1', '9.1', or as a section like 'CC9.0' with controls listed as 1, 2, 3, etc. Do your best to distinguish between section IDs and control IDs, and capture the most specific control ID for each control. For each control, extract the following fields as accurately as possible: 
- control_id: (string, the control's unique identifier as shown in the report, or null if not found)
- control_desc: (string, the description of the control—what the company is supposed to comply with)
- control_test: (string, what the auditor tested to determine design and operating effectiveness)
- control_test_results: (string, the results of the test, e.g., 'No exceptions noted', 'No deviations noted', or a description of any exceptions or findings)
- control_page_ref: (int, page number if available, else null)
- control_line_ref: (int, line number in the text where the control was found)
If you cannot find a value, use null. Output a JSON array, one object per control. Do not include any explanation, markdown, or extra text.
Text:
hether a test of the Business Continuity and Disaster 
Recovery plans had been conducted during the period. 
No exceptions noted. 
A1.3.2 
SimpleLegal tests the integrity and completeness of 
backups on at least an annual basis. 
Inspected the continuity plan checklist to verify whether 
SimpleLegal tested the integrity and completeness of 
backups on at least an annual basis. 
No exceptions noted. 
 
=== PAGE 45 ===

45 

Control # 
Control Activity Specified by SimpleLegal 
Boulay’s Test of Controls 
Test Results 
C1.1: The entity identifies and maintains confidential information to meet the entity’s objectives related to confidentiality. 
C1.1.1 
SimpleLegal has policies and procedures in place that 
govern how confidential data is secured and restricted to 
authorized personnel. 
Inspected the Information Classification and Information 
Disposal policies to verify whether SimpleLegal had policies 
and procedures that governed how confidential data is 
secured and restricted to authorized personnel. 
No exceptions noted. 
C1.1.2 
Prior to joining SimpleLegal, all employees and 
contractors are required to sign confidentiality 
agreements. 
For all new hires during the period, inspected the signed 
contract to verify whether each individual was required to 
sign a confidentiality agreement prior to joining the 
Company. 
For 1 of 4 selected new hires, the 
confidentiality agreement was signed 
after joining SimpleLegal. Exception 
noted. 
C1.1.3 
Business Associate Agreements are signed by 
SimpleLegal’s business partners prior to establishing a 
formalized relationship. 
Per inspection of the Business Associate Agreement dashboard, there were no new business partners 
onboarded during the period. Therefore, testing was not applicable. 
C1.1.4 
SimpleLegal has Terms of Service in place with 
customers which demonstrates the Company's security 
commitments related to confidential information. 
Inspected the SimpleLegal Terms of Service to verify 
whether it demonstrated the Company's security and 
confidentiality commitments. 
No exceptions noted. 
C1.2: The entity disposes of confidential information to meet the entity’s objectives related to confidentiality. 
C1.2.1 
SimpleLegal has policies and procedures in place that 
govern how confidential information is securely deleted. 
Inspected the Information Disposal Policy to verify whether it 
outlined the requirements for disposing of various types of 
information at SimpleLegal. 
No exceptions noted. 
C1.2.2 
Customer information is deleted in a timely manner, in 
accordance with contractual requirements. 
For a selection of churned customers during the period, 
inspected offboarding tickets to verify whether SimpleLegal 
deleted customer information in a timely manner, in 
accordance with contractual requirements. 
No exceptions noted. 
CONFIDENTIALITY 
=== PAGE 46 ===

46 

Control # 
Control Activity Specified by SimpleLegal 
B

2025-07-01 15:20:44,828 DEBUG Request options: {'method': 'post', 'url': '/chat/completions', 'files': None, 'idempotency_key': 'stainless-python-retry-9fce6756-d288-48c4-b2bf-75741a0cf8cb', 'json_data': {'messages': [{'role': 'user', 'content': "You are an expert at reading SOC reports. Given the following text, extract all controls tested. Controls may be listed under section headings (such as COSO or TSC sections), and control IDs may appear in many formats: e.g., 'CC9.1', 'CC 9.1', 'CC.9.1', '9.1', or as a section like 'CC9.0' with controls listed as 1, 2, 3, etc. Do your best to distinguish between section IDs and control IDs, and capture the most specific control ID for each control. For each control, extract the following fields as accurately as possible: \n- control_id: (string, the control's unique identifier as shown in the report, or null if not found)\n- control_desc: (string, the description of the control—what the company is supposed to comply with)\n- control_test: (string, what the auditor tested to determine design and operating effectiveness)\n- control_test_results: (string, the results of the test, e.g., 'No exceptions noted', 'No deviations noted', or a description of any exceptions or findings)\n- control_page_ref: (int, page number if available, else null)\n- control_line_ref: (int, line number in the text where the control was found)\nIf you cannot find a value, use null. Output a JSON array, one object per control. Do not include any explanation, markdown, or extra text.\nText:\nhether a test of the Business Continuity and Disaster \nRecovery plans had been conducted during the period. \nNo exceptions noted. \nA1.3.2 \nSimpleLegal tests the integrity and completeness of \nbackups on at least an annual basis. \nInspected the continuity plan checklist to verify whether \nSimpleLegal tested the integrity and completeness of \nbackups on at least an annual basis. \nNo exceptions noted. \n \n=== PAGE 45 ===\n\n45 \n\nControl # \nControl Activity Specified by SimpleLegal \nBoulay’s Test of Controls \nTest Results \nC1.1: The entity identifies and maintains confidential information to meet the entity’s objectives related to confidentiality. \nC1.1.1 \nSimpleLegal has policies and procedures in place that \ngovern how confidential data is secured and restricted to \nauthorized personnel. \nInspected the Information Classification and Information \nDisposal policies to verify whether SimpleLegal had policies \nand procedures that governed how confidential data is \nsecured and restricted to authorized personnel. \nNo exceptions noted. \nC1.1.2 \nPrior to joining SimpleLegal, all employees and \ncontractors are required to sign confidentiality \nagreements. \nFor all new hires during the period, inspected the signed \ncontract to verify whether each individual was required to \nsign a confidentiality agreement prior to joining the \nCompany. \nFor 1 of 4 selected new hires, the \nconfidentiality agreement was signed \nafter joining SimpleLegal. Exception \nnoted. \nC1.1.3 \nBusiness Associate Agreements are signed by \nSimpleLegal’s business partners prior to establishing a \nformalized relationship. \nPer inspection of the Business Associate Agreement dashboard, there were no new business partners \nonboarded during the period. Therefore, testing was not applicable. \nC1.1.4 \nSimpleLegal has Terms of Service in place with \ncustomers which demonstrates the Company's security \ncommitments related to confidential information. \nInspected the SimpleLegal Terms of Service to verify \nwhether it demonstrated the Company's security and \nconfidentiality commitments. \nNo exceptions noted. \nC1.2: The entity disposes of confidential information to meet the entity’s objectives related to confidentiality. \nC1.2.1 \nSimpleLegal has policies and procedures in place that \ngovern how confidential information is securely deleted. \nInspected the Information Disposal Policy to verify whether it \noutlined the requirements for disposing of various types of \ninformation at SimpleLegal. \nNo exceptions noted. \nC1.2.2 \nCustomer information is deleted in a timely manner, in \naccordance with contractual requirements. \nFor a selection of churned customers during the period, \ninspected offboarding tickets to verify whether SimpleLegal \ndeleted customer information in a timely manner, in \naccordance with contractual requirements. \nNo exceptions noted. \nCONFIDENTIALITY \n=== PAGE 46 ===\n\n46 \n\nControl # \nControl Activity Specified by SimpleLegal \nB\n"}], 'model': 'gpt-3.5-turbo', 'temperature': 0.0, 'top_p': 0.0}}
2025-07-01 15:20:44,829 DEBUG Sending HTTP Request: POST https://api.openai.com/v1/chat/completions
2025-07-01 15:20:44,830 DEBUG send_request_headers.started request=<Request [b'POST']>
2025-07-01 15:20:44,830 DEBUG send_request_headers.complete
2025-07-01 15:20:44,830 DEBUG send_request_body.started request=<Request [b'POST']>
2025-07-01 15:20:44,830 DEBUG send_request_body.complete
2025-07-01 15:20:44,830 DEBUG receive_response_headers.started request=<Request [b'POST']>
2025-07-01 15:20:46,771 DEBUG receive_response_headers.complete return_value=(b'HTTP/1.1', 200, b'OK', [(b'Date', b'Tue, 01 Jul 2025 19:20:45 GMT'), (b'Content-Type', b'application/json'), (b'Transfer-Encoding', b'chunked'), (b'Connection', b'keep-alive'), (b'access-control-expose-headers', b'X-Request-ID'), (b'openai-organization', b'user-58hzvdaaovkznpa7grjzxtja'), (b'openai-processing-ms', b'5447'), (b'openai-version', b'2020-10-01'), (b'x-envoy-upstream-service-time', b'5451'), (b'x-ratelimit-limit-requests', b'5000'), (b'x-ratelimit-limit-tokens', b'4000000'), (b'x-ratelimit-remaining-requests', b'4999'), (b'x-ratelimit-remaining-tokens', b'3998943'), (b'x-ratelimit-reset-requests', b'12ms'), (b'x-ratelimit-reset-tokens', b'15ms'), (b'x-request-id', b'req_63ee4cd5d0f9f9eab747c61038867b80'), (b'strict-transport-security', b'max-age=31536000; includeSubDomains; preload'), (b'cf-cache-status', b'DYNAMIC'), (b'X-Content-Type-Options', b'nosniff'), (b'Server', b'cloudflare'), (b'CF-RAY', b'958843146ae18f4b-ORD'), (b'Content-Encoding', b'gzip'), (b'alt-svc', b'h3=":443"; ma=86400')])
2025-07-01 15:20:46,772 INFO HTTP Request: POST https://api.openai.com/v1/chat/completions "HTTP/1.1 200 OK"
2025-07-01 15:20:46,772 DEBUG receive_response_body.started request=<Request [b'POST']>
2025-07-01 15:20:46,787 DEBUG receive_response_body.complete
2025-07-01 15:20:46,787 DEBUG response_closed.started
2025-07-01 15:20:46,787 DEBUG response_closed.complete
2025-07-01 15:20:46,787 DEBUG HTTP Response: POST https://api.openai.com/v1/chat/completions "200 OK" Headers({'date': 'Tue, 01 Jul 2025 19:20:45 GMT', 'content-type': 'application/json', 'transfer-encoding': 'chunked', 'connection': 'keep-alive', 'access-control-expose-headers': 'X-Request-ID', 'openai-organization': 'user-58hzvdaaovkznpa7grjzxtja', 'openai-processing-ms': '5447', 'openai-version': '2020-10-01', 'x-envoy-upstream-service-time': '5451', 'x-ratelimit-limit-requests': '5000', 'x-ratelimit-limit-tokens': '4000000', 'x-ratelimit-remaining-requests': '4999', 'x-ratelimit-remaining-tokens': '3998943', 'x-ratelimit-reset-requests': '12ms', 'x-ratelimit-reset-tokens': '15ms', 'x-request-id': 'req_63ee4cd5d0f9f9eab747c61038867b80', 'strict-transport-security': 'max-age=31536000; includeSubDomains; preload', 'cf-cache-status': 'DYNAMIC', 'x-content-type-options': 'nosniff', 'server': 'cloudflare', 'cf-ray': '958843146ae18f4b-ORD', 'content-encoding': 'gzip', 'alt-svc': 'h3=":443"; ma=86400'})
2025-07-01 15:20:46,787 DEBUG request_id: req_63ee4cd5d0f9f9eab747c61038867b80
2025-07-01 15:20:46,789 DEBUG Chunk 25 response: [
    {
        "control_id": null,
        "control_desc": "For all existing high-risk vendors, inspected the completed security review documentation and collected reports to verify whether SimpleLegal had reviewed SOC 2 reports, SOC 3 reports, ISO 27001 certifications, and/or responses to information security questionnaires.",
        "control_test": "Inspected the completed security review documentation and collected reports to verify compliance with SOC 2 reports, SOC 3 reports, ISO 27001 certifications, and/or responses to information security questionnaires.",
        "control_test_results": "No exceptions noted.",
        "control_page_ref": 43,
        "control_line_ref": null
    },
    {
        "control_id": "A1.1.1",
        "control_desc": "SimpleLegal measures current usage of its system components to establish a baseline for capacity management and to identify peak use times. The risk of impaired availability due to capacity constraints is analyzed and mitigated on an ongoing basis.",
        "control_test": "Inspected the AWS dashboard to verify whether SimpleLegal measures current usage of its system components to establish a baseline for capacity management and to identify peak use times.",
        "control_test_results": "No exceptions noted.",
        "control_page_ref": 43,
        "control_line_ref": null
    },
    {
        "control_id": "A1.1.2",
        "control_desc": "Load Balancers are utilized in AWS to automatically distribute network traffic and improve application scalability.",
        "control_test": "Inspected the AWS dashboard to verify whether Load Balancers were utilized to automatically distribute network traffic and improve application scalability.",
        "control_test_results": "No exceptions noted.",
        "control_page_ref": 43,
        "control_line_ref": null
    },
    {
        "control_id": "A1.1.3",
        "control_desc": "AWS is configured to automatically scale system capacity to maintain steady, predictable performance.",
        "control_test": "Inspected the AWS dashboard to verify whether Auto-Scaling groups were established to maintain steady, predictable performance.",
        "control_test_results": "No exceptions noted.",
        "control_page_ref": 43,
        "control_line_ref": null
    },
    {
        "control_id": "A1.1.4",
        "control_desc": "SimpleLegal automatically distributes incoming application traffic across multiple targets and virtual appliances in multiple availability zones.",
        "control_test": "Inspected the AWS dashboard to verify whether multiple availability zones were established to distribute application traffic.",
        "control_test_results": "No exceptions noted.",
        "control_page_ref": 43,
        "control_line_ref": null
    },
    {
        "control_id": "A1.2.1",
        "control_desc": "AWS S3 buckets containing user data have versioning enabled.",
        "control_test": "Inspected the AWS dashboard to verify whether buckets containing user data had versioning enabled.",
        "control_test_results": "No exceptions noted.",
        "control_page_ref": 43,
        "control_line_ref": null
    },
    {
        "control_id": "A1.2.2",
        "control_desc": "Data backups are performed daily and retained for a period of at least 30 days across multiple availability zones.",
        "control_test": "Inspected the AWS backup configurations to verify whether SimpleLegal performed data backups daily and retained them for at least 30 days across multiple availability zones.",
        "control_test_results": "No exceptions noted.",
        "control_page_ref": 43,
        "control_line_ref": null
    }
]
2025-07-01 15:20:46,790 INFO CHUNK 25 EXTRACTED 7 CONTROLS
2025-07-01 15:20:46,790 INFO PROCESSING CHUNK 28:
CHUNK TEXT (first 500 chars):
ed the SimpleLegal Terms of Service to verify 
whether it demonstrated the Company's security and 
confidentiality commitments. 
No exceptions noted. 
C1.2: The entity disposes of confidential information to meet the entity’s objectives related to confidentiality. 
C1.2.1 
SimpleLegal has policies and procedures in place that 
govern how confidential information is securely deleted. 
Inspected the Information Disposal Policy to verify whether it 
outlined the requirements for disposing of variou
2025-07-01 15:20:46,790 INFO CHUNK 28 PROMPT:
You are an expert at reading SOC reports. Given the following text, extract all controls tested. Controls may be listed under section headings (such as COSO or TSC sections), and control IDs may appear in many formats: e.g., 'CC9.1', 'CC 9.1', 'CC.9.1', '9.1', or as a section like 'CC9.0' with controls listed as 1, 2, 3, etc. Do your best to distinguish between section IDs and control IDs, and capture the most specific control ID for each control. For each control, extract the following fields as accurately as possible: 
- control_id: (string, the control's unique identifier as shown in the report, or null if not found)
- control_desc: (string, the description of the control—what the company is supposed to comply with)
- control_test: (string, what the auditor tested to determine design and operating effectiveness)
- control_test_results: (string, the results of the test, e.g., 'No exceptions noted', 'No deviations noted', or a description of any exceptions or findings)
- control_page_ref: (int, page number if available, else null)
- control_line_ref: (int, line number in the text where the control was found)
If you cannot find a value, use null. Output a JSON array, one object per control. Do not include any explanation, markdown, or extra text.
Text:
ed the SimpleLegal Terms of Service to verify 
whether it demonstrated the Company's security and 
confidentiality commitments. 
No exceptions noted. 
C1.2: The entity disposes of confidential information to meet the entity’s objectives related to confidentiality. 
C1.2.1 
SimpleLegal has policies and procedures in place that 
govern how confidential information is securely deleted. 
Inspected the Information Disposal Policy to verify whether it 
outlined the requirements for disposing of various types of 
information at SimpleLegal. 
No exceptions noted. 
C1.2.2 
Customer information is deleted in a timely manner, in 
accordance with contractual requirements. 
For a selection of churned customers during the period, 
inspected offboarding tickets to verify whether SimpleLegal 
deleted customer information in a timely manner, in 
accordance with contractual requirements. 
No exceptions noted. 
CONFIDENTIALITY 
=== PAGE 46 ===

46 

Control # 
Control Activity Specified by SimpleLegal 
Boulay’s Test of Controls 
Test Results 
Privacy Criteria Related to Notice and Communication of Objectives Related to Privacy 
P1.1: The entity provides notice to data subjects about its privacy practices to meet the entity’s objectives related to privacy. The notice is updated and 
communicated to data subjects in a timely manner for changes to the entity’s privacy practices, including changes in the use of personal information, to meet the 
entity’s objectives related to privacy. 
This criterion is not applicable to data processors. 
Privacy Criteria Related to Choice and Consent 
P2.1: The entity communicates choices available regarding the collection, use, retention, disclosure, and disposal of personal information to the data subjects and 
the consequences, if any, of each choice. Explicit consent for the collection, use, retention, disclosure, and disposal of personal information is obtained from data 
subjects or other authorized persons, if required. Such consent is obtained only for the intended purpose of the information to meet the entity’s objectives related to 
privacy. The entity’s basis for determining implicit consent for the collection, use, retention, disclosure, and disposal of personal information is documented. 
This criterion is not applicable to data processors. 
Privacy Criteria Related to Collection 
P3.1: Personal information is collected consistent with the entity’s objectives related to privacy. 
P3.1.1 
SimpleLegal limits the collection of personal information 
only to what is necessary, in accordance with the 
Privacy Policy. 
Inspected the SimpleLegal Terms of Service and Privacy 
Policy to verify whether personal information collected as 
part of SimpleLegal's services was consistent with the 
terms of the agreement. 
No exceptions noted. 
P3.1.2 
SimpleLegal reviews the methods of collecting 
information before they are implemented to confirm that 
personal information 

2025-07-01 15:20:46,792 DEBUG Request options: {'method': 'post', 'url': '/chat/completions', 'files': None, 'idempotency_key': 'stainless-python-retry-059fca06-d3ea-4054-8a76-f8197553becf', 'json_data': {'messages': [{'role': 'user', 'content': "You are an expert at reading SOC reports. Given the following text, extract all controls tested. Controls may be listed under section headings (such as COSO or TSC sections), and control IDs may appear in many formats: e.g., 'CC9.1', 'CC 9.1', 'CC.9.1', '9.1', or as a section like 'CC9.0' with controls listed as 1, 2, 3, etc. Do your best to distinguish between section IDs and control IDs, and capture the most specific control ID for each control. For each control, extract the following fields as accurately as possible: \n- control_id: (string, the control's unique identifier as shown in the report, or null if not found)\n- control_desc: (string, the description of the control—what the company is supposed to comply with)\n- control_test: (string, what the auditor tested to determine design and operating effectiveness)\n- control_test_results: (string, the results of the test, e.g., 'No exceptions noted', 'No deviations noted', or a description of any exceptions or findings)\n- control_page_ref: (int, page number if available, else null)\n- control_line_ref: (int, line number in the text where the control was found)\nIf you cannot find a value, use null. Output a JSON array, one object per control. Do not include any explanation, markdown, or extra text.\nText:\ned the SimpleLegal Terms of Service to verify \nwhether it demonstrated the Company's security and \nconfidentiality commitments. \nNo exceptions noted. \nC1.2: The entity disposes of confidential information to meet the entity’s objectives related to confidentiality. \nC1.2.1 \nSimpleLegal has policies and procedures in place that \ngovern how confidential information is securely deleted. \nInspected the Information Disposal Policy to verify whether it \noutlined the requirements for disposing of various types of \ninformation at SimpleLegal. \nNo exceptions noted. \nC1.2.2 \nCustomer information is deleted in a timely manner, in \naccordance with contractual requirements. \nFor a selection of churned customers during the period, \ninspected offboarding tickets to verify whether SimpleLegal \ndeleted customer information in a timely manner, in \naccordance with contractual requirements. \nNo exceptions noted. \nCONFIDENTIALITY \n=== PAGE 46 ===\n\n46 \n\nControl # \nControl Activity Specified by SimpleLegal \nBoulay’s Test of Controls \nTest Results \nPrivacy Criteria Related to Notice and Communication of Objectives Related to Privacy \nP1.1: The entity provides notice to data subjects about its privacy practices to meet the entity’s objectives related to privacy. The notice is updated and \ncommunicated to data subjects in a timely manner for changes to the entity’s privacy practices, including changes in the use of personal information, to meet the \nentity’s objectives related to privacy. \nThis criterion is not applicable to data processors. \nPrivacy Criteria Related to Choice and Consent \nP2.1: The entity communicates choices available regarding the collection, use, retention, disclosure, and disposal of personal information to the data subjects and \nthe consequences, if any, of each choice. Explicit consent for the collection, use, retention, disclosure, and disposal of personal information is obtained from data \nsubjects or other authorized persons, if required. Such consent is obtained only for the intended purpose of the information to meet the entity’s objectives related to \nprivacy. The entity’s basis for determining implicit consent for the collection, use, retention, disclosure, and disposal of personal information is documented. \nThis criterion is not applicable to data processors. \nPrivacy Criteria Related to Collection \nP3.1: Personal information is collected consistent with the entity’s objectives related to privacy. \nP3.1.1 \nSimpleLegal limits the collection of personal information \nonly to what is necessary, in accordance with the \nPrivacy Policy. \nInspected the SimpleLegal Terms of Service and Privacy \nPolicy to verify whether personal information collected as \npart of SimpleLegal's services was consistent with the \nterms of the agreement. \nNo exceptions noted. \nP3.1.2 \nSimpleLegal reviews the methods of collecting \ninformation before they are implemented to confirm that \npersonal information \n"}], 'model': 'gpt-3.5-turbo', 'temperature': 0.0, 'top_p': 0.0}}
2025-07-01 15:20:46,793 DEBUG Sending HTTP Request: POST https://api.openai.com/v1/chat/completions
2025-07-01 15:20:46,794 DEBUG send_request_headers.started request=<Request [b'POST']>
2025-07-01 15:20:46,794 DEBUG send_request_headers.complete
2025-07-01 15:20:46,794 DEBUG send_request_body.started request=<Request [b'POST']>
2025-07-01 15:20:46,794 DEBUG send_request_body.complete
2025-07-01 15:20:46,794 DEBUG receive_response_headers.started request=<Request [b'POST']>
2025-07-01 15:20:48,963 DEBUG receive_response_headers.complete return_value=(b'HTTP/1.1', 200, b'OK', [(b'Date', b'Tue, 01 Jul 2025 19:20:48 GMT'), (b'Content-Type', b'application/json'), (b'Transfer-Encoding', b'chunked'), (b'Connection', b'keep-alive'), (b'access-control-expose-headers', b'X-Request-ID'), (b'openai-organization', b'user-58hzvdaaovkznpa7grjzxtja'), (b'openai-processing-ms', b'3958'), (b'openai-version', b'2020-10-01'), (b'x-envoy-upstream-service-time', b'3960'), (b'x-ratelimit-limit-requests', b'5000'), (b'x-ratelimit-limit-tokens', b'4000000'), (b'x-ratelimit-remaining-requests', b'4999'), (b'x-ratelimit-remaining-tokens', b'3998943'), (b'x-ratelimit-reset-requests', b'12ms'), (b'x-ratelimit-reset-tokens', b'15ms'), (b'x-request-id', b'req_df47d5cf81ae8b03e16b2d83b5f90b70'), (b'strict-transport-security', b'max-age=31536000; includeSubDomains; preload'), (b'cf-cache-status', b'DYNAMIC'), (b'X-Content-Type-Options', b'nosniff'), (b'Server', b'cloudflare'), (b'CF-RAY', b'9588432b49aee991-ORD'), (b'Content-Encoding', b'gzip'), (b'alt-svc', b'h3=":443"; ma=86400')])
2025-07-01 15:20:48,963 INFO HTTP Request: POST https://api.openai.com/v1/chat/completions "HTTP/1.1 200 OK"
2025-07-01 15:20:48,963 DEBUG receive_response_body.started request=<Request [b'POST']>
2025-07-01 15:20:48,964 DEBUG receive_response_body.complete
2025-07-01 15:20:48,964 DEBUG response_closed.started
2025-07-01 15:20:48,964 DEBUG response_closed.complete
2025-07-01 15:20:48,964 DEBUG HTTP Response: POST https://api.openai.com/v1/chat/completions "200 OK" Headers({'date': 'Tue, 01 Jul 2025 19:20:48 GMT', 'content-type': 'application/json', 'transfer-encoding': 'chunked', 'connection': 'keep-alive', 'access-control-expose-headers': 'X-Request-ID', 'openai-organization': 'user-58hzvdaaovkznpa7grjzxtja', 'openai-processing-ms': '3958', 'openai-version': '2020-10-01', 'x-envoy-upstream-service-time': '3960', 'x-ratelimit-limit-requests': '5000', 'x-ratelimit-limit-tokens': '4000000', 'x-ratelimit-remaining-requests': '4999', 'x-ratelimit-remaining-tokens': '3998943', 'x-ratelimit-reset-requests': '12ms', 'x-ratelimit-reset-tokens': '15ms', 'x-request-id': 'req_df47d5cf81ae8b03e16b2d83b5f90b70', 'strict-transport-security': 'max-age=31536000; includeSubDomains; preload', 'cf-cache-status': 'DYNAMIC', 'x-content-type-options': 'nosniff', 'server': 'cloudflare', 'cf-ray': '9588432b49aee991-ORD', 'content-encoding': 'gzip', 'alt-svc': 'h3=":443"; ma=86400'})
2025-07-01 15:20:48,964 DEBUG request_id: req_df47d5cf81ae8b03e16b2d83b5f90b70
2025-07-01 15:20:48,966 DEBUG Chunk 27 response: [
    {
        "control_id": "A1.3.2",
        "control_desc": "SimpleLegal tests the integrity and completeness of backups on at least an annual basis.",
        "control_test": "Inspected the continuity plan checklist to verify whether SimpleLegal tested the integrity and completeness of backups on at least an annual basis.",
        "control_test_results": "No exceptions noted.",
        "control_page_ref": 1,
        "control_line_ref": 7
    },
    {
        "control_id": "C1.1.1",
        "control_desc": "SimpleLegal has policies and procedures in place that govern how confidential data is secured and restricted to authorized personnel.",
        "control_test": "Inspected the Information Classification and Information Disposal policies to verify whether SimpleLegal had policies and procedures that governed how confidential data is secured and restricted to authorized personnel.",
        "control_test_results": "No exceptions noted.",
        "control_page_ref": 45,
        "control_line_ref": 10
    },
    {
        "control_id": "C1.1.2",
        "control_desc": "Prior to joining SimpleLegal, all employees and contractors are required to sign confidentiality agreements.",
        "control_test": "For all new hires during the period, inspected the signed contract to verify whether each individual was required to sign a confidentiality agreement prior to joining the Company.",
        "control_test_results": "For 1 of 4 selected new hires, the confidentiality agreement was signed after joining SimpleLegal. Exception noted.",
        "control_page_ref": 45,
        "control_line_ref": 24
    },
    {
        "control_id": "C1.1.4",
        "control_desc": "SimpleLegal has Terms of Service in place with customers which demonstrates the Company's security commitments related to confidential information.",
        "control_test": "Inspected the SimpleLegal Terms of Service to verify whether it demonstrated the Company's security and confidentiality commitments.",
        "control_test_results": "No exceptions noted.",
        "control_page_ref": 45,
        "control_line_ref": 52
    },
    {
        "control_id": "C1.2.1",
        "control_desc": "SimpleLegal has policies and procedures in place that govern how confidential information is securely deleted.",
        "control_test": "Inspected the Information Disposal Policy to verify whether it outlined the requirements for disposing of various types of information at SimpleLegal.",
        "control_test_results": "No exceptions noted.",
        "control_page_ref": 46,
        "control_line_ref": 10
    },
    {
        "control_id": "C1.2.2",
        "control_desc": "Customer information is deleted in a timely manner, in accordance with contractual requirements.",
        "control_test": "For a selection of churned customers during the period, inspected offboarding tickets to verify whether SimpleLegal deleted customer information in a timely manner, in accordance with contractual requirements.",
        "control_test_results": "No exceptions noted.",
        "control_page_ref": 46,
        "control_line_ref": 22
    }
]
2025-07-01 15:20:48,966 INFO CHUNK 27 EXTRACTED 6 CONTROLS
2025-07-01 15:20:48,966 INFO PROCESSING CHUNK 29:
CHUNK TEXT (first 500 chars):
ther authorized persons, if required. Such consent is obtained only for the intended purpose of the information to meet the entity’s objectives related to 
privacy. The entity’s basis for determining implicit consent for the collection, use, retention, disclosure, and disposal of personal information is documented. 
This criterion is not applicable to data processors. 
Privacy Criteria Related to Collection 
P3.1: Personal information is collected consistent with the entity’s objectives related 
2025-07-01 15:20:48,966 INFO CHUNK 29 PROMPT:
You are an expert at reading SOC reports. Given the following text, extract all controls tested. Controls may be listed under section headings (such as COSO or TSC sections), and control IDs may appear in many formats: e.g., 'CC9.1', 'CC 9.1', 'CC.9.1', '9.1', or as a section like 'CC9.0' with controls listed as 1, 2, 3, etc. Do your best to distinguish between section IDs and control IDs, and capture the most specific control ID for each control. For each control, extract the following fields as accurately as possible: 
- control_id: (string, the control's unique identifier as shown in the report, or null if not found)
- control_desc: (string, the description of the control—what the company is supposed to comply with)
- control_test: (string, what the auditor tested to determine design and operating effectiveness)
- control_test_results: (string, the results of the test, e.g., 'No exceptions noted', 'No deviations noted', or a description of any exceptions or findings)
- control_page_ref: (int, page number if available, else null)
- control_line_ref: (int, line number in the text where the control was found)
If you cannot find a value, use null. Output a JSON array, one object per control. Do not include any explanation, markdown, or extra text.
Text:
ther authorized persons, if required. Such consent is obtained only for the intended purpose of the information to meet the entity’s objectives related to 
privacy. The entity’s basis for determining implicit consent for the collection, use, retention, disclosure, and disposal of personal information is documented. 
This criterion is not applicable to data processors. 
Privacy Criteria Related to Collection 
P3.1: Personal information is collected consistent with the entity’s objectives related to privacy. 
P3.1.1 
SimpleLegal limits the collection of personal information 
only to what is necessary, in accordance with the 
Privacy Policy. 
Inspected the SimpleLegal Terms of Service and Privacy 
Policy to verify whether personal information collected as 
part of SimpleLegal's services was consistent with the 
terms of the agreement. 
No exceptions noted. 
P3.1.2 
SimpleLegal reviews the methods of collecting 
information before they are implemented to confirm that 
personal information is obtained (a) fairly, without 
intimidation or deception, and (b) lawfully, adhering to all 
relevant rules or law, whether derived from statute or 
common law, relating to the collection of personal 
information.  
Inspected the organizational chart and inquired of the 
General Counsel to verify whether a legal and 
compliance team is in place to evaluate the methods by 
which personal information is collected. 
No exceptions noted. 
PRIVACY 
=== PAGE 47 ===

47 
Control # 
Control Activity Specified by SimpleLegal 
Boulay’s Test of Controls 
Test Results 
P3.1.3 
SimpleLegal confirms that third parties from whom 
personal information is collected are reliable sources 
that collect information fairly and lawfully.  
For all third-party sub-processors, inspected the signed 
agreements to verify whether SimpleLegal confirmed that 
third parties from whom personal information is collected 
were reliable sources and that they collect information 
fairly and lawfully. 
No exceptions noted. 
P3.1.4 
Data subjects are informed if SimpleLegal develops or 
acquires additional information about them for its use.  
Inspected the Privacy Policy to verify whether it provided 
an objective description of the personal information that 
SimpleLegal collects. 
No exceptions noted. 
P3.2: For information requiring explicit consent, the entity communicates the need for such consent, as well as the consequences of a failure to provide consent for 
the request for personal information, and obtains the consent prior to the collection of the information to meet the entity’s objectives related to privacy. 
This criterion is not applicable to data processors. 
Privacy Criteria Related to Use, Retention, and Disposal 
P4.1: The entity limits the use of personal information to the purposes identified in the entity’s objectives related to privacy. 
P4.1.1 
SimpleLegal limits the use of personal information only 
for the intend

2025-07-01 15:20:48,969 DEBUG Request options: {'method': 'post', 'url': '/chat/completions', 'files': None, 'idempotency_key': 'stainless-python-retry-db99f837-5d64-418b-80c6-8799f4859898', 'json_data': {'messages': [{'role': 'user', 'content': "You are an expert at reading SOC reports. Given the following text, extract all controls tested. Controls may be listed under section headings (such as COSO or TSC sections), and control IDs may appear in many formats: e.g., 'CC9.1', 'CC 9.1', 'CC.9.1', '9.1', or as a section like 'CC9.0' with controls listed as 1, 2, 3, etc. Do your best to distinguish between section IDs and control IDs, and capture the most specific control ID for each control. For each control, extract the following fields as accurately as possible: \n- control_id: (string, the control's unique identifier as shown in the report, or null if not found)\n- control_desc: (string, the description of the control—what the company is supposed to comply with)\n- control_test: (string, what the auditor tested to determine design and operating effectiveness)\n- control_test_results: (string, the results of the test, e.g., 'No exceptions noted', 'No deviations noted', or a description of any exceptions or findings)\n- control_page_ref: (int, page number if available, else null)\n- control_line_ref: (int, line number in the text where the control was found)\nIf you cannot find a value, use null. Output a JSON array, one object per control. Do not include any explanation, markdown, or extra text.\nText:\nther authorized persons, if required. Such consent is obtained only for the intended purpose of the information to meet the entity’s objectives related to \nprivacy. The entity’s basis for determining implicit consent for the collection, use, retention, disclosure, and disposal of personal information is documented. \nThis criterion is not applicable to data processors. \nPrivacy Criteria Related to Collection \nP3.1: Personal information is collected consistent with the entity’s objectives related to privacy. \nP3.1.1 \nSimpleLegal limits the collection of personal information \nonly to what is necessary, in accordance with the \nPrivacy Policy. \nInspected the SimpleLegal Terms of Service and Privacy \nPolicy to verify whether personal information collected as \npart of SimpleLegal's services was consistent with the \nterms of the agreement. \nNo exceptions noted. \nP3.1.2 \nSimpleLegal reviews the methods of collecting \ninformation before they are implemented to confirm that \npersonal information is obtained (a) fairly, without \nintimidation or deception, and (b) lawfully, adhering to all \nrelevant rules or law, whether derived from statute or \ncommon law, relating to the collection of personal \ninformation.  \nInspected the organizational chart and inquired of the \nGeneral Counsel to verify whether a legal and \ncompliance team is in place to evaluate the methods by \nwhich personal information is collected. \nNo exceptions noted. \nPRIVACY \n=== PAGE 47 ===\n\n47 \nControl # \nControl Activity Specified by SimpleLegal \nBoulay’s Test of Controls \nTest Results \nP3.1.3 \nSimpleLegal confirms that third parties from whom \npersonal information is collected are reliable sources \nthat collect information fairly and lawfully.  \nFor all third-party sub-processors, inspected the signed \nagreements to verify whether SimpleLegal confirmed that \nthird parties from whom personal information is collected \nwere reliable sources and that they collect information \nfairly and lawfully. \nNo exceptions noted. \nP3.1.4 \nData subjects are informed if SimpleLegal develops or \nacquires additional information about them for its use.  \nInspected the Privacy Policy to verify whether it provided \nan objective description of the personal information that \nSimpleLegal collects. \nNo exceptions noted. \nP3.2: For information requiring explicit consent, the entity communicates the need for such consent, as well as the consequences of a failure to provide consent for \nthe request for personal information, and obtains the consent prior to the collection of the information to meet the entity’s objectives related to privacy. \nThis criterion is not applicable to data processors. \nPrivacy Criteria Related to Use, Retention, and Disposal \nP4.1: The entity limits the use of personal information to the purposes identified in the entity’s objectives related to privacy. \nP4.1.1 \nSimpleLegal limits the use of personal information only \nfor the intend\n"}], 'model': 'gpt-3.5-turbo', 'temperature': 0.0, 'top_p': 0.0}}
2025-07-01 15:20:48,969 DEBUG Sending HTTP Request: POST https://api.openai.com/v1/chat/completions
2025-07-01 15:20:48,970 DEBUG send_request_headers.started request=<Request [b'POST']>
2025-07-01 15:20:48,970 DEBUG send_request_headers.complete
2025-07-01 15:20:48,970 DEBUG send_request_body.started request=<Request [b'POST']>
2025-07-01 15:20:48,971 DEBUG send_request_body.complete
2025-07-01 15:20:48,971 DEBUG receive_response_headers.started request=<Request [b'POST']>
2025-07-01 15:20:49,225 DEBUG receive_response_headers.complete return_value=(b'HTTP/1.1', 200, b'OK', [(b'Date', b'Tue, 01 Jul 2025 19:20:48 GMT'), (b'Content-Type', b'application/json'), (b'Transfer-Encoding', b'chunked'), (b'Connection', b'keep-alive'), (b'access-control-expose-headers', b'X-Request-ID'), (b'openai-organization', b'user-58hzvdaaovkznpa7grjzxtja'), (b'openai-processing-ms', b'2282'), (b'openai-version', b'2020-10-01'), (b'x-envoy-upstream-service-time', b'2285'), (b'x-ratelimit-limit-requests', b'5000'), (b'x-ratelimit-limit-tokens', b'4000000'), (b'x-ratelimit-remaining-requests', b'4999'), (b'x-ratelimit-remaining-tokens', b'3998940'), (b'x-ratelimit-reset-requests', b'12ms'), (b'x-ratelimit-reset-tokens', b'15ms'), (b'x-request-id', b'req_48dbf64027c3f788b78b7b4f0b51e3bf'), (b'strict-transport-security', b'max-age=31536000; includeSubDomains; preload'), (b'cf-cache-status', b'DYNAMIC'), (b'X-Content-Type-Options', b'nosniff'), (b'Server', b'cloudflare'), (b'CF-RAY', b'958843378d438f4b-ORD'), (b'Content-Encoding', b'gzip'), (b'alt-svc', b'h3=":443"; ma=86400')])
2025-07-01 15:20:49,226 INFO HTTP Request: POST https://api.openai.com/v1/chat/completions "HTTP/1.1 200 OK"
2025-07-01 15:20:49,226 DEBUG receive_response_body.started request=<Request [b'POST']>
2025-07-01 15:20:49,226 DEBUG receive_response_body.complete
2025-07-01 15:20:49,226 DEBUG response_closed.started
2025-07-01 15:20:49,226 DEBUG response_closed.complete
2025-07-01 15:20:49,226 DEBUG HTTP Response: POST https://api.openai.com/v1/chat/completions "200 OK" Headers({'date': 'Tue, 01 Jul 2025 19:20:48 GMT', 'content-type': 'application/json', 'transfer-encoding': 'chunked', 'connection': 'keep-alive', 'access-control-expose-headers': 'X-Request-ID', 'openai-organization': 'user-58hzvdaaovkznpa7grjzxtja', 'openai-processing-ms': '2282', 'openai-version': '2020-10-01', 'x-envoy-upstream-service-time': '2285', 'x-ratelimit-limit-requests': '5000', 'x-ratelimit-limit-tokens': '4000000', 'x-ratelimit-remaining-requests': '4999', 'x-ratelimit-remaining-tokens': '3998940', 'x-ratelimit-reset-requests': '12ms', 'x-ratelimit-reset-tokens': '15ms', 'x-request-id': 'req_48dbf64027c3f788b78b7b4f0b51e3bf', 'strict-transport-security': 'max-age=31536000; includeSubDomains; preload', 'cf-cache-status': 'DYNAMIC', 'x-content-type-options': 'nosniff', 'server': 'cloudflare', 'cf-ray': '958843378d438f4b-ORD', 'content-encoding': 'gzip', 'alt-svc': 'h3=":443"; ma=86400'})
2025-07-01 15:20:49,227 DEBUG request_id: req_48dbf64027c3f788b78b7b4f0b51e3bf
2025-07-01 15:20:49,228 DEBUG Chunk 28 response: [
    {
        "control_id": "C1.2.1",
        "control_desc": "SimpleLegal has policies and procedures in place that govern how confidential information is securely deleted.",
        "control_test": "Inspected the Information Disposal Policy to verify whether it outlined the requirements for disposing of various types of information at SimpleLegal.",
        "control_test_results": "No exceptions noted.",
        "control_page_ref": null,
        "control_line_ref": 12
    },
    {
        "control_id": "C1.2.2",
        "control_desc": "Customer information is deleted in a timely manner, in accordance with contractual requirements.",
        "control_test": "For a selection of churned customers during the period, inspected offboarding tickets to verify whether SimpleLegal deleted customer information in a timely manner, in accordance with contractual requirements.",
        "control_test_results": "No exceptions noted.",
        "control_page_ref": null,
        "control_line_ref": 22
    },
    {
        "control_id": "P3.1.1",
        "control_desc": "SimpleLegal limits the collection of personal information only to what is necessary, in accordance with the Privacy Policy.",
        "control_test": "Inspected the SimpleLegal Terms of Service and Privacy Policy to verify whether personal information collected as part of SimpleLegal's services was consistent with the terms of the agreement.",
        "control_test_results": "No exceptions noted.",
        "control_page_ref": null,
        "control_line_ref": 58
    }
]
2025-07-01 15:20:49,229 INFO CHUNK 28 EXTRACTED 3 CONTROLS
2025-07-01 15:20:49,229 INFO PROCESSING CHUNK 30:
CHUNK TEXT (first 500 chars):
hey collect information 
fairly and lawfully. 
No exceptions noted. 
P3.1.4 
Data subjects are informed if SimpleLegal develops or 
acquires additional information about them for its use.  
Inspected the Privacy Policy to verify whether it provided 
an objective description of the personal information that 
SimpleLegal collects. 
No exceptions noted. 
P3.2: For information requiring explicit consent, the entity communicates the need for such consent, as well as the consequences of a failure to p
2025-07-01 15:20:49,229 INFO CHUNK 30 PROMPT:
You are an expert at reading SOC reports. Given the following text, extract all controls tested. Controls may be listed under section headings (such as COSO or TSC sections), and control IDs may appear in many formats: e.g., 'CC9.1', 'CC 9.1', 'CC.9.1', '9.1', or as a section like 'CC9.0' with controls listed as 1, 2, 3, etc. Do your best to distinguish between section IDs and control IDs, and capture the most specific control ID for each control. For each control, extract the following fields as accurately as possible: 
- control_id: (string, the control's unique identifier as shown in the report, or null if not found)
- control_desc: (string, the description of the control—what the company is supposed to comply with)
- control_test: (string, what the auditor tested to determine design and operating effectiveness)
- control_test_results: (string, the results of the test, e.g., 'No exceptions noted', 'No deviations noted', or a description of any exceptions or findings)
- control_page_ref: (int, page number if available, else null)
- control_line_ref: (int, line number in the text where the control was found)
If you cannot find a value, use null. Output a JSON array, one object per control. Do not include any explanation, markdown, or extra text.
Text:
hey collect information 
fairly and lawfully. 
No exceptions noted. 
P3.1.4 
Data subjects are informed if SimpleLegal develops or 
acquires additional information about them for its use.  
Inspected the Privacy Policy to verify whether it provided 
an objective description of the personal information that 
SimpleLegal collects. 
No exceptions noted. 
P3.2: For information requiring explicit consent, the entity communicates the need for such consent, as well as the consequences of a failure to provide consent for 
the request for personal information, and obtains the consent prior to the collection of the information to meet the entity’s objectives related to privacy. 
This criterion is not applicable to data processors. 
Privacy Criteria Related to Use, Retention, and Disposal 
P4.1: The entity limits the use of personal information to the purposes identified in the entity’s objectives related to privacy. 
P4.1.1 
SimpleLegal limits the use of personal information only 
for the intended purposes for which it was collected and 
only when it has lawful basis to collect and process such 
data. 
Inspected the SimpleLegal website to verify whether the 
defined limitations on the use and retention of personal 
information were in line with the Privacy Policy. 
Inspected the organizational chart and inquired of the 
General Counsel to verify whether a legal and 
compliance team is in place to evaluate the methods by 
which personal information is collected. 
No exceptions noted. 
P4.2: The entity retains personal information consistent with the entity’s objectives related to privacy. 
P4.2.1 
SimpleLegal retains personal information for no longer 
than necessary to fulfill the stated purposes unless a law 
or regulation specifically requires otherwise. 
Inspected the SimpleLegal Privacy Policy to verify 
whether it documented data subjects’ right to the erasure 
of personal information. 
Per inspection of the Legal Services Request dashboard, 
noted there were no data subject requests during the 
period. Therefore, further testing was not applicable. 
No exceptions noted. 
P4.2.2 
SimpleLegal maintains policies and procedures to 
protect personal information from erasure during the 
specified retention period of the information. 
Inspected the Records Retention and Information 
Disposal policies to verify whether they outlined how data 
was to be protected from erasure during the specified 
retention period. 
No exceptions noted. 
=== PAGE 48 ===

48 
Control # 
Control Activity Specified by SimpleLegal 
Boulay’s Test of Controls 
Test Results 
P4.3: The entity securely disposes of personal information to meet the entity’s objectives related to privacy. 
P4.3.1 
SimpleLegal captures requests for the deletion of 
personal information and identifies and flags the 
information for destruction to support the achievement of 
its objectives related to privacy. 
Inspected the SimpleLegal Privacy

2025-07-01 15:20:49,232 DEBUG Request options: {'method': 'post', 'url': '/chat/completions', 'files': None, 'idempotency_key': 'stainless-python-retry-2f279828-450c-4770-8f12-8206d311f608', 'json_data': {'messages': [{'role': 'user', 'content': "You are an expert at reading SOC reports. Given the following text, extract all controls tested. Controls may be listed under section headings (such as COSO or TSC sections), and control IDs may appear in many formats: e.g., 'CC9.1', 'CC 9.1', 'CC.9.1', '9.1', or as a section like 'CC9.0' with controls listed as 1, 2, 3, etc. Do your best to distinguish between section IDs and control IDs, and capture the most specific control ID for each control. For each control, extract the following fields as accurately as possible: \n- control_id: (string, the control's unique identifier as shown in the report, or null if not found)\n- control_desc: (string, the description of the control—what the company is supposed to comply with)\n- control_test: (string, what the auditor tested to determine design and operating effectiveness)\n- control_test_results: (string, the results of the test, e.g., 'No exceptions noted', 'No deviations noted', or a description of any exceptions or findings)\n- control_page_ref: (int, page number if available, else null)\n- control_line_ref: (int, line number in the text where the control was found)\nIf you cannot find a value, use null. Output a JSON array, one object per control. Do not include any explanation, markdown, or extra text.\nText:\nhey collect information \nfairly and lawfully. \nNo exceptions noted. \nP3.1.4 \nData subjects are informed if SimpleLegal develops or \nacquires additional information about them for its use.  \nInspected the Privacy Policy to verify whether it provided \nan objective description of the personal information that \nSimpleLegal collects. \nNo exceptions noted. \nP3.2: For information requiring explicit consent, the entity communicates the need for such consent, as well as the consequences of a failure to provide consent for \nthe request for personal information, and obtains the consent prior to the collection of the information to meet the entity’s objectives related to privacy. \nThis criterion is not applicable to data processors. \nPrivacy Criteria Related to Use, Retention, and Disposal \nP4.1: The entity limits the use of personal information to the purposes identified in the entity’s objectives related to privacy. \nP4.1.1 \nSimpleLegal limits the use of personal information only \nfor the intended purposes for which it was collected and \nonly when it has lawful basis to collect and process such \ndata. \nInspected the SimpleLegal website to verify whether the \ndefined limitations on the use and retention of personal \ninformation were in line with the Privacy Policy. \nInspected the organizational chart and inquired of the \nGeneral Counsel to verify whether a legal and \ncompliance team is in place to evaluate the methods by \nwhich personal information is collected. \nNo exceptions noted. \nP4.2: The entity retains personal information consistent with the entity’s objectives related to privacy. \nP4.2.1 \nSimpleLegal retains personal information for no longer \nthan necessary to fulfill the stated purposes unless a law \nor regulation specifically requires otherwise. \nInspected the SimpleLegal Privacy Policy to verify \nwhether it documented data subjects’ right to the erasure \nof personal information. \nPer inspection of the Legal Services Request dashboard, \nnoted there were no data subject requests during the \nperiod. Therefore, further testing was not applicable. \nNo exceptions noted. \nP4.2.2 \nSimpleLegal maintains policies and procedures to \nprotect personal information from erasure during the \nspecified retention period of the information. \nInspected the Records Retention and Information \nDisposal policies to verify whether they outlined how data \nwas to be protected from erasure during the specified \nretention period. \nNo exceptions noted. \n=== PAGE 48 ===\n\n48 \nControl # \nControl Activity Specified by SimpleLegal \nBoulay’s Test of Controls \nTest Results \nP4.3: The entity securely disposes of personal information to meet the entity’s objectives related to privacy. \nP4.3.1 \nSimpleLegal captures requests for the deletion of \npersonal information and identifies and flags the \ninformation for destruction to support the achievement of \nits objectives related to privacy. \nInspected the SimpleLegal Privacy\n"}], 'model': 'gpt-3.5-turbo', 'temperature': 0.0, 'top_p': 0.0}}
2025-07-01 15:20:49,233 DEBUG Sending HTTP Request: POST https://api.openai.com/v1/chat/completions
2025-07-01 15:20:49,234 DEBUG send_request_headers.started request=<Request [b'POST']>
2025-07-01 15:20:49,234 DEBUG send_request_headers.complete
2025-07-01 15:20:49,234 DEBUG send_request_body.started request=<Request [b'POST']>
2025-07-01 15:20:49,234 DEBUG send_request_body.complete
2025-07-01 15:20:49,235 DEBUG receive_response_headers.started request=<Request [b'POST']>
2025-07-01 15:20:52,210 DEBUG receive_response_headers.complete return_value=(b'HTTP/1.1', 200, b'OK', [(b'Date', b'Tue, 01 Jul 2025 19:20:51 GMT'), (b'Content-Type', b'application/json'), (b'Transfer-Encoding', b'chunked'), (b'Connection', b'keep-alive'), (b'access-control-expose-headers', b'X-Request-ID'), (b'openai-organization', b'user-58hzvdaaovkznpa7grjzxtja'), (b'openai-processing-ms', b'17079'), (b'openai-version', b'2020-10-01'), (b'x-envoy-upstream-service-time', b'17085'), (b'x-ratelimit-limit-requests', b'5000'), (b'x-ratelimit-limit-tokens', b'4000000'), (b'x-ratelimit-remaining-requests', b'4999'), (b'x-ratelimit-remaining-tokens', b'3998944'), (b'x-ratelimit-reset-requests', b'12ms'), (b'x-ratelimit-reset-tokens', b'15ms'), (b'x-request-id', b'req_c6979e3dd9c316a2ea4280b0faa482e3'), (b'strict-transport-security', b'max-age=31536000; includeSubDomains; preload'), (b'cf-cache-status', b'DYNAMIC'), (b'X-Content-Type-Options', b'nosniff'), (b'Server', b'cloudflare'), (b'CF-RAY', b'958842edae138f4d-ORD'), (b'Content-Encoding', b'gzip'), (b'alt-svc', b'h3=":443"; ma=86400')])
2025-07-01 15:20:52,211 INFO HTTP Request: POST https://api.openai.com/v1/chat/completions "HTTP/1.1 200 OK"
2025-07-01 15:20:52,211 DEBUG receive_response_body.started request=<Request [b'POST']>
2025-07-01 15:20:52,226 DEBUG receive_response_body.complete
2025-07-01 15:20:52,226 DEBUG response_closed.started
2025-07-01 15:20:52,226 DEBUG response_closed.complete
2025-07-01 15:20:52,227 DEBUG HTTP Response: POST https://api.openai.com/v1/chat/completions "200 OK" Headers({'date': 'Tue, 01 Jul 2025 19:20:51 GMT', 'content-type': 'application/json', 'transfer-encoding': 'chunked', 'connection': 'keep-alive', 'access-control-expose-headers': 'X-Request-ID', 'openai-organization': 'user-58hzvdaaovkznpa7grjzxtja', 'openai-processing-ms': '17079', 'openai-version': '2020-10-01', 'x-envoy-upstream-service-time': '17085', 'x-ratelimit-limit-requests': '5000', 'x-ratelimit-limit-tokens': '4000000', 'x-ratelimit-remaining-requests': '4999', 'x-ratelimit-remaining-tokens': '3998944', 'x-ratelimit-reset-requests': '12ms', 'x-ratelimit-reset-tokens': '15ms', 'x-request-id': 'req_c6979e3dd9c316a2ea4280b0faa482e3', 'strict-transport-security': 'max-age=31536000; includeSubDomains; preload', 'cf-cache-status': 'DYNAMIC', 'x-content-type-options': 'nosniff', 'server': 'cloudflare', 'cf-ray': '958842edae138f4d-ORD', 'content-encoding': 'gzip', 'alt-svc': 'h3=":443"; ma=86400'})
2025-07-01 15:20:52,227 DEBUG request_id: req_c6979e3dd9c316a2ea4280b0faa482e3
2025-07-01 15:20:52,228 DEBUG Chunk 21 response: [
    {
        "control_id": "CC7.5",
        "control_desc": "The entity identifies, develops, and implements activities to recover from identified security incidents.",
        "control_test": "Inspected the Incident Reporting and Response Policy to verify whether it outlined processes for restoring the affected environment. For all incidents that occurred during the period, inspected the incident tickets to verify whether SimpleLegal restored the affected environments as applicable.",
        "control_test_results": "No exceptions noted.",
        "control_page_ref": 40,
        "control_line_ref": 6
    },
    {
        "control_id": "CC7.5.1",
        "control_desc": "SimpleLegal follows the Incident Response Plan to restore the affected environment to full operation by rebuilding systems, updating software, installing patches, and/or changing configurations, as needed.",
        "control_test": "Inspected the Incident Reporting and Response Policy to verify whether it outlined processes for restoring the affected environment. For all incidents that occurred during the period, inspected the incident tickets to verify whether SimpleLegal restored the affected environments as applicable.",
        "control_test_results": "No exceptions noted.",
        "control_page_ref": 40,
        "control_line_ref": 20
    },
    {
        "control_id": "CC7.5.2",
        "control_desc": "Information about the nature of the incident, recovery actions taken, and activities required for the prevention of future security events are communicated to appropriate internal and external parties.",
        "control_test": "Inspected the Incident Reporting and Response Policy to verify whether it outlined processes for communicating information to relevant parties. For all incidents that occurred during the period, inspected the incident tickets to verify whether the log included information about the nature of the incident, recovery actions taken, and activities implemented for the prevention of future security events.",
        "control_test_results": "No exceptions noted.",
        "control_page_ref": 40,
        "control_line_ref": 38
    },
    {
        "control_id": "CC7.5.3",
        "control_desc": "After an incident has been resolved and appropriate parties have been notified, a postmortem that includes a root cause analysis and lessons learned is completed. Architectural and/or procedural changes are implemented, when possible, to prevent and detect recurrences of similar incidents. This includes conducting additional training to educate personnel on how to prevent future incidents.",
        "control_test": "Inspected the Incident Reporting and Response Policy to verify whether it outlined processes for performing an incident postmortem. For all incidents that occurred during the period, inspected the incident tickets to verify whether the appropriate parties had been notified, a postmortem with a root cause analysis was performed, and a lessons learned evaluation was completed.",
        "control_test_results": "No exceptions noted.",
        "control_page_ref": 40,
        "control_line_ref": 56
    },
    {
        "control_id": "CC8.1",
        "control_desc": "The entity authorizes, designs, develops or acquires, configures, documents, tests, approves, and implements changes to infrastructure, data, software, and procedures to meet its objectives.",
        "control_test": null,
        "control_test_results": null,
        "control_page_ref": 40,
        "control_line_ref": 80
    }
]
2025-07-01 15:20:52,229 INFO CHUNK 21 EXTRACTED 5 CONTROLS
2025-07-01 15:20:52,229 INFO PROCESSING CHUNK 31:
CHUNK TEXT (first 500 chars):
e Legal Services Request dashboard, 
noted there were no data subject requests during the 
period. Therefore, further testing was not applicable. 
No exceptions noted. 
P4.2.2 
SimpleLegal maintains policies and procedures to 
protect personal information from erasure during the 
specified retention period of the information. 
Inspected the Records Retention and Information 
Disposal policies to verify whether they outlined how data 
was to be protected from erasure during the specified 
retenti
2025-07-01 15:20:52,229 INFO CHUNK 31 PROMPT:
You are an expert at reading SOC reports. Given the following text, extract all controls tested. Controls may be listed under section headings (such as COSO or TSC sections), and control IDs may appear in many formats: e.g., 'CC9.1', 'CC 9.1', 'CC.9.1', '9.1', or as a section like 'CC9.0' with controls listed as 1, 2, 3, etc. Do your best to distinguish between section IDs and control IDs, and capture the most specific control ID for each control. For each control, extract the following fields as accurately as possible: 
- control_id: (string, the control's unique identifier as shown in the report, or null if not found)
- control_desc: (string, the description of the control—what the company is supposed to comply with)
- control_test: (string, what the auditor tested to determine design and operating effectiveness)
- control_test_results: (string, the results of the test, e.g., 'No exceptions noted', 'No deviations noted', or a description of any exceptions or findings)
- control_page_ref: (int, page number if available, else null)
- control_line_ref: (int, line number in the text where the control was found)
If you cannot find a value, use null. Output a JSON array, one object per control. Do not include any explanation, markdown, or extra text.
Text:
e Legal Services Request dashboard, 
noted there were no data subject requests during the 
period. Therefore, further testing was not applicable. 
No exceptions noted. 
P4.2.2 
SimpleLegal maintains policies and procedures to 
protect personal information from erasure during the 
specified retention period of the information. 
Inspected the Records Retention and Information 
Disposal policies to verify whether they outlined how data 
was to be protected from erasure during the specified 
retention period. 
No exceptions noted. 
=== PAGE 48 ===

48 
Control # 
Control Activity Specified by SimpleLegal 
Boulay’s Test of Controls 
Test Results 
P4.3: The entity securely disposes of personal information to meet the entity’s objectives related to privacy. 
P4.3.1 
SimpleLegal captures requests for the deletion of 
personal information and identifies and flags the 
information for destruction to support the achievement of 
its objectives related to privacy. 
Inspected the SimpleLegal Privacy Policy to verify 
whether it documented data subjects’ right to the erasure 
of personal information.  
Inspected procedure documentation for processing 
privacy requests to verify whether specific data and data 
locations were defined for processing deletion requests. 
Per inspection of the Legal Services Request dashboard, 
noted there were no data subject requests during the 
period. Therefore, further testing was not applicable. 
No exceptions noted. 
P4.3.2 
Personal information no longer retained is disposed of 
by SimpleLegal in a manner that prevents loss, theft, 
misuse, or unauthorized access.  
Inspected the Records Retention and Information 
Disposal policies to verify whether they documented 
requirements pertaining to the secure disposal of 
personal information identified for destruction. 
Per inspection of the Legal Services Request dashboard, 
noted there were no data subject requests during the 
period. Therefore, further testing was not applicable. 
No exceptions noted. 
P4.3.3 
SimpleLegal maintains policies and procedures to erase 
or otherwise destroy personal information that has been 
identified for destruction.  
Inspected the Records Retention and Information 
Disposal policies to verify whether they documented 
requirements pertaining to the secure disposal of 
personal information identified for destruction. 
No exceptions noted. 
Privacy Criteria Related to Access 
P5.1: The entity grants identified and authenticated data subjects the ability to access their stored personal information for review and, upon request, provides 
physical or electronic copies of that information to data subjects to meet the entity’s objectives related to privacy. If access is denied, data subjects are informed of 
the denial and reason for such denial, as required, to meet the entity’s objectives related to privacy. 
P5.1.1 
SimpleLegal maintains a process to respond to data 
subject requests r

2025-07-01 15:20:52,231 DEBUG Request options: {'method': 'post', 'url': '/chat/completions', 'files': None, 'idempotency_key': 'stainless-python-retry-caf7bbec-63e3-4ccf-9c76-6531982f745e', 'json_data': {'messages': [{'role': 'user', 'content': "You are an expert at reading SOC reports. Given the following text, extract all controls tested. Controls may be listed under section headings (such as COSO or TSC sections), and control IDs may appear in many formats: e.g., 'CC9.1', 'CC 9.1', 'CC.9.1', '9.1', or as a section like 'CC9.0' with controls listed as 1, 2, 3, etc. Do your best to distinguish between section IDs and control IDs, and capture the most specific control ID for each control. For each control, extract the following fields as accurately as possible: \n- control_id: (string, the control's unique identifier as shown in the report, or null if not found)\n- control_desc: (string, the description of the control—what the company is supposed to comply with)\n- control_test: (string, what the auditor tested to determine design and operating effectiveness)\n- control_test_results: (string, the results of the test, e.g., 'No exceptions noted', 'No deviations noted', or a description of any exceptions or findings)\n- control_page_ref: (int, page number if available, else null)\n- control_line_ref: (int, line number in the text where the control was found)\nIf you cannot find a value, use null. Output a JSON array, one object per control. Do not include any explanation, markdown, or extra text.\nText:\ne Legal Services Request dashboard, \nnoted there were no data subject requests during the \nperiod. Therefore, further testing was not applicable. \nNo exceptions noted. \nP4.2.2 \nSimpleLegal maintains policies and procedures to \nprotect personal information from erasure during the \nspecified retention period of the information. \nInspected the Records Retention and Information \nDisposal policies to verify whether they outlined how data \nwas to be protected from erasure during the specified \nretention period. \nNo exceptions noted. \n=== PAGE 48 ===\n\n48 \nControl # \nControl Activity Specified by SimpleLegal \nBoulay’s Test of Controls \nTest Results \nP4.3: The entity securely disposes of personal information to meet the entity’s objectives related to privacy. \nP4.3.1 \nSimpleLegal captures requests for the deletion of \npersonal information and identifies and flags the \ninformation for destruction to support the achievement of \nits objectives related to privacy. \nInspected the SimpleLegal Privacy Policy to verify \nwhether it documented data subjects’ right to the erasure \nof personal information.  \nInspected procedure documentation for processing \nprivacy requests to verify whether specific data and data \nlocations were defined for processing deletion requests. \nPer inspection of the Legal Services Request dashboard, \nnoted there were no data subject requests during the \nperiod. Therefore, further testing was not applicable. \nNo exceptions noted. \nP4.3.2 \nPersonal information no longer retained is disposed of \nby SimpleLegal in a manner that prevents loss, theft, \nmisuse, or unauthorized access.  \nInspected the Records Retention and Information \nDisposal policies to verify whether they documented \nrequirements pertaining to the secure disposal of \npersonal information identified for destruction. \nPer inspection of the Legal Services Request dashboard, \nnoted there were no data subject requests during the \nperiod. Therefore, further testing was not applicable. \nNo exceptions noted. \nP4.3.3 \nSimpleLegal maintains policies and procedures to erase \nor otherwise destroy personal information that has been \nidentified for destruction.  \nInspected the Records Retention and Information \nDisposal policies to verify whether they documented \nrequirements pertaining to the secure disposal of \npersonal information identified for destruction. \nNo exceptions noted. \nPrivacy Criteria Related to Access \nP5.1: The entity grants identified and authenticated data subjects the ability to access their stored personal information for review and, upon request, provides \nphysical or electronic copies of that information to data subjects to meet the entity’s objectives related to privacy. If access is denied, data subjects are informed of \nthe denial and reason for such denial, as required, to meet the entity’s objectives related to privacy. \nP5.1.1 \nSimpleLegal maintains a process to respond to data \nsubject requests r\n"}], 'model': 'gpt-3.5-turbo', 'temperature': 0.0, 'top_p': 0.0}}
2025-07-01 15:20:52,232 DEBUG Sending HTTP Request: POST https://api.openai.com/v1/chat/completions
2025-07-01 15:20:52,232 DEBUG send_request_headers.started request=<Request [b'POST']>
2025-07-01 15:20:52,233 DEBUG send_request_headers.complete
2025-07-01 15:20:52,233 DEBUG send_request_body.started request=<Request [b'POST']>
2025-07-01 15:20:52,233 DEBUG send_request_body.complete
2025-07-01 15:20:52,233 DEBUG receive_response_headers.started request=<Request [b'POST']>
2025-07-01 15:20:52,259 DEBUG receive_response_headers.complete return_value=(b'HTTP/1.1', 200, b'OK', [(b'Date', b'Tue, 01 Jul 2025 19:20:51 GMT'), (b'Content-Type', b'application/json'), (b'Transfer-Encoding', b'chunked'), (b'Connection', b'keep-alive'), (b'access-control-expose-headers', b'X-Request-ID'), (b'openai-organization', b'user-58hzvdaaovkznpa7grjzxtja'), (b'openai-processing-ms', b'10145'), (b'openai-version', b'2020-10-01'), (b'x-envoy-upstream-service-time', b'10204'), (b'x-ratelimit-limit-requests', b'5000'), (b'x-ratelimit-limit-tokens', b'4000000'), (b'x-ratelimit-remaining-requests', b'4999'), (b'x-ratelimit-remaining-tokens', b'3998943'), (b'x-ratelimit-reset-requests', b'12ms'), (b'x-ratelimit-reset-tokens', b'15ms'), (b'x-request-id', b'req_67e46065cceeabf494be96aad1cf5bd7'), (b'strict-transport-security', b'max-age=31536000; includeSubDomains; preload'), (b'cf-cache-status', b'DYNAMIC'), (b'X-Content-Type-Options', b'nosniff'), (b'Server', b'cloudflare'), (b'CF-RAY', b'95884318bede111e-ORD'), (b'Content-Encoding', b'gzip'), (b'alt-svc', b'h3=":443"; ma=86400')])
2025-07-01 15:20:52,260 INFO HTTP Request: POST https://api.openai.com/v1/chat/completions "HTTP/1.1 200 OK"
2025-07-01 15:20:52,260 DEBUG receive_response_body.started request=<Request [b'POST']>
2025-07-01 15:20:52,264 DEBUG receive_response_body.complete
2025-07-01 15:20:52,264 DEBUG response_closed.started
2025-07-01 15:20:52,264 DEBUG response_closed.complete
2025-07-01 15:20:52,264 DEBUG HTTP Response: POST https://api.openai.com/v1/chat/completions "200 OK" Headers({'date': 'Tue, 01 Jul 2025 19:20:51 GMT', 'content-type': 'application/json', 'transfer-encoding': 'chunked', 'connection': 'keep-alive', 'access-control-expose-headers': 'X-Request-ID', 'openai-organization': 'user-58hzvdaaovkznpa7grjzxtja', 'openai-processing-ms': '10145', 'openai-version': '2020-10-01', 'x-envoy-upstream-service-time': '10204', 'x-ratelimit-limit-requests': '5000', 'x-ratelimit-limit-tokens': '4000000', 'x-ratelimit-remaining-requests': '4999', 'x-ratelimit-remaining-tokens': '3998943', 'x-ratelimit-reset-requests': '12ms', 'x-ratelimit-reset-tokens': '15ms', 'x-request-id': 'req_67e46065cceeabf494be96aad1cf5bd7', 'strict-transport-security': 'max-age=31536000; includeSubDomains; preload', 'cf-cache-status': 'DYNAMIC', 'x-content-type-options': 'nosniff', 'server': 'cloudflare', 'cf-ray': '95884318bede111e-ORD', 'content-encoding': 'gzip', 'alt-svc': 'h3=":443"; ma=86400'})
2025-07-01 15:20:52,265 DEBUG request_id: req_67e46065cceeabf494be96aad1cf5bd7
2025-07-01 15:20:52,266 DEBUG Chunk 26 response: [
    {
        "control_id": "A1.2.1",
        "control_desc": "AWS S3 buckets containing user data have versioning enabled.",
        "control_test": "Inspected the AWS dashboard to verify whether buckets containing user data had versioning enabled.",
        "control_test_results": "No exceptions noted.",
        "control_page_ref": null,
        "control_line_ref": 13
    },
    {
        "control_id": "A1.2.2",
        "control_desc": "Data backups are performed daily and retained for a period of at least 30 days across multiple availability zones.",
        "control_test": "Inspected the AWS backup configurations to verify whether SimpleLegal performed data backups daily and retained them for at least 30 days across multiple availability zones.",
        "control_test_results": "No exceptions noted.",
        "control_page_ref": null,
        "control_line_ref": 21
    },
    {
        "control_id": "A1.3.1",
        "control_desc": "SimpleLegal maintains updated business continuity and disaster recovery plans that guide the organization in how to respond to and recover from disruptions in networks, systems, and internal operations. The plans are tested on an annual basis.",
        "control_test": "Inspected the Business Continuity and Disaster Recovery Plans to verify whether they provided comprehensive instructions on how to respond and recover from disruptions in networks, systems, and internal operations. Inspected the disaster recovery exercise report to verify whether a test of the Business Continuity and Disaster Recovery plans had been conducted during the period.",
        "control_test_results": "No exceptions noted.",
        "control_page_ref": 44,
        "control_line_ref": 6
    },
    {
        "control_id": "A1.3.2",
        "control_desc": "SimpleLegal tests the integrity and completeness of backups on at least an annual basis.",
        "control_test": "Inspected the continuity plan checklist to verify whether SimpleLegal tested the integrity and completeness of backups on at least an annual basis.",
        "control_test_results": "No exceptions noted.",
        "control_page_ref": 45,
        "control_line_ref": 6
    },
    {
        "control_id": "C1.1.1",
        "control_desc": "SimpleLegal has policies and procedures in place that govern how confidential data is secured and restricted to authorized personnel.",
        "control_test": "Inspected the Information Classification and Information Disposal policies to verify whether SimpleLegal had policies and procedures that governed how confidential data is secured and restricted to auth",
        "control_test_results": null,
        "control_page_ref": 45,
        "control_line_ref": 6
    }
]
2025-07-01 15:20:52,266 INFO CHUNK 26 EXTRACTED 5 CONTROLS
2025-07-01 15:20:52,267 INFO PROCESSING CHUNK 32:
CHUNK TEXT (first 500 chars):
 Therefore, further testing was not applicable. 
No exceptions noted. 
P4.3.3 
SimpleLegal maintains policies and procedures to erase 
or otherwise destroy personal information that has been 
identified for destruction.  
Inspected the Records Retention and Information 
Disposal policies to verify whether they documented 
requirements pertaining to the secure disposal of 
personal information identified for destruction. 
No exceptions noted. 
Privacy Criteria Related to Access 
P5.1: The entity 
2025-07-01 15:20:52,267 INFO CHUNK 32 PROMPT:
You are an expert at reading SOC reports. Given the following text, extract all controls tested. Controls may be listed under section headings (such as COSO or TSC sections), and control IDs may appear in many formats: e.g., 'CC9.1', 'CC 9.1', 'CC.9.1', '9.1', or as a section like 'CC9.0' with controls listed as 1, 2, 3, etc. Do your best to distinguish between section IDs and control IDs, and capture the most specific control ID for each control. For each control, extract the following fields as accurately as possible: 
- control_id: (string, the control's unique identifier as shown in the report, or null if not found)
- control_desc: (string, the description of the control—what the company is supposed to comply with)
- control_test: (string, what the auditor tested to determine design and operating effectiveness)
- control_test_results: (string, the results of the test, e.g., 'No exceptions noted', 'No deviations noted', or a description of any exceptions or findings)
- control_page_ref: (int, page number if available, else null)
- control_line_ref: (int, line number in the text where the control was found)
If you cannot find a value, use null. Output a JSON array, one object per control. Do not include any explanation, markdown, or extra text.
Text:
 Therefore, further testing was not applicable. 
No exceptions noted. 
P4.3.3 
SimpleLegal maintains policies and procedures to erase 
or otherwise destroy personal information that has been 
identified for destruction.  
Inspected the Records Retention and Information 
Disposal policies to verify whether they documented 
requirements pertaining to the secure disposal of 
personal information identified for destruction. 
No exceptions noted. 
Privacy Criteria Related to Access 
P5.1: The entity grants identified and authenticated data subjects the ability to access their stored personal information for review and, upon request, provides 
physical or electronic copies of that information to data subjects to meet the entity’s objectives related to privacy. If access is denied, data subjects are informed of 
the denial and reason for such denial, as required, to meet the entity’s objectives related to privacy. 
P5.1.1 
SimpleLegal maintains a process to respond to data 
subject requests received from data controllers in 
accordance with privacy objectives. This process 
includes authentication of the request and responding 
within a reasonable time.  
Inspected the Privacy Policy to verify whether it included 
contact information for data subject requests. 
Inspected procedure documentation for processing 
privacy requests to verify whether it included 
requirements to authenticate the identity of the data 
subject making the request and respond within a 
reasonable time period. 
No exceptions noted. 
=== PAGE 49 ===

49 
Control # 
Control Activity Specified by SimpleLegal 
Boulay’s Test of Controls 
Test Results 
P5.1.2 
SimpleLegal enables data subjects to determine 
whether personal information about them is maintained.  
Inspected the Privacy Policy to verify whether it included 
contact information for data subject requests.  
Per inspection of the Legal Services Request dashboard, 
noted there were no data subject requests during the 
period. Therefore, further testing was not applicable. 
No exceptions noted. 
P5.1.3 
SimpleLegal authenticates the identify of data subjects 
who request access to their personal information before 
giving them access to that information. 
Inspected procedure documentation for processing 
privacy requests to verify whether it included a 
requirement to authenticate the identity of the data 
subject making the request. 
Per inspection of the Legal Services Request dashboard, 
noted there were no data subject requests during the 
period. Therefore, further testing was not applicable. 
No exceptions noted. 
P5.1.4 
SimpleLegal provides personal information to data 
subjects in an understandable form, in a reasonable 
timeframe, and at a reasonable cost, if any.  
Inspected procedure documentation for processing 
privacy requests to verify whether it included 
requirements to provide personal information to data 
subjects in an understandable form, in

2025-07-01 15:20:52,269 DEBUG Request options: {'method': 'post', 'url': '/chat/completions', 'files': None, 'idempotency_key': 'stainless-python-retry-5f14f3c7-871c-4236-968d-54d9646b70d3', 'json_data': {'messages': [{'role': 'user', 'content': "You are an expert at reading SOC reports. Given the following text, extract all controls tested. Controls may be listed under section headings (such as COSO or TSC sections), and control IDs may appear in many formats: e.g., 'CC9.1', 'CC 9.1', 'CC.9.1', '9.1', or as a section like 'CC9.0' with controls listed as 1, 2, 3, etc. Do your best to distinguish between section IDs and control IDs, and capture the most specific control ID for each control. For each control, extract the following fields as accurately as possible: \n- control_id: (string, the control's unique identifier as shown in the report, or null if not found)\n- control_desc: (string, the description of the control—what the company is supposed to comply with)\n- control_test: (string, what the auditor tested to determine design and operating effectiveness)\n- control_test_results: (string, the results of the test, e.g., 'No exceptions noted', 'No deviations noted', or a description of any exceptions or findings)\n- control_page_ref: (int, page number if available, else null)\n- control_line_ref: (int, line number in the text where the control was found)\nIf you cannot find a value, use null. Output a JSON array, one object per control. Do not include any explanation, markdown, or extra text.\nText:\n Therefore, further testing was not applicable. \nNo exceptions noted. \nP4.3.3 \nSimpleLegal maintains policies and procedures to erase \nor otherwise destroy personal information that has been \nidentified for destruction.  \nInspected the Records Retention and Information \nDisposal policies to verify whether they documented \nrequirements pertaining to the secure disposal of \npersonal information identified for destruction. \nNo exceptions noted. \nPrivacy Criteria Related to Access \nP5.1: The entity grants identified and authenticated data subjects the ability to access their stored personal information for review and, upon request, provides \nphysical or electronic copies of that information to data subjects to meet the entity’s objectives related to privacy. If access is denied, data subjects are informed of \nthe denial and reason for such denial, as required, to meet the entity’s objectives related to privacy. \nP5.1.1 \nSimpleLegal maintains a process to respond to data \nsubject requests received from data controllers in \naccordance with privacy objectives. This process \nincludes authentication of the request and responding \nwithin a reasonable time.  \nInspected the Privacy Policy to verify whether it included \ncontact information for data subject requests. \nInspected procedure documentation for processing \nprivacy requests to verify whether it included \nrequirements to authenticate the identity of the data \nsubject making the request and respond within a \nreasonable time period. \nNo exceptions noted. \n=== PAGE 49 ===\n\n49 \nControl # \nControl Activity Specified by SimpleLegal \nBoulay’s Test of Controls \nTest Results \nP5.1.2 \nSimpleLegal enables data subjects to determine \nwhether personal information about them is maintained.  \nInspected the Privacy Policy to verify whether it included \ncontact information for data subject requests.  \nPer inspection of the Legal Services Request dashboard, \nnoted there were no data subject requests during the \nperiod. Therefore, further testing was not applicable. \nNo exceptions noted. \nP5.1.3 \nSimpleLegal authenticates the identify of data subjects \nwho request access to their personal information before \ngiving them access to that information. \nInspected procedure documentation for processing \nprivacy requests to verify whether it included a \nrequirement to authenticate the identity of the data \nsubject making the request. \nPer inspection of the Legal Services Request dashboard, \nnoted there were no data subject requests during the \nperiod. Therefore, further testing was not applicable. \nNo exceptions noted. \nP5.1.4 \nSimpleLegal provides personal information to data \nsubjects in an understandable form, in a reasonable \ntimeframe, and at a reasonable cost, if any.  \nInspected procedure documentation for processing \nprivacy requests to verify whether it included \nrequirements to provide personal information to data \nsubjects in an understandable form, in\n"}], 'model': 'gpt-3.5-turbo', 'temperature': 0.0, 'top_p': 0.0}}
2025-07-01 15:20:52,269 DEBUG Sending HTTP Request: POST https://api.openai.com/v1/chat/completions
2025-07-01 15:20:52,269 DEBUG send_request_headers.started request=<Request [b'POST']>
2025-07-01 15:20:52,270 DEBUG send_request_headers.complete
2025-07-01 15:20:52,270 DEBUG send_request_body.started request=<Request [b'POST']>
2025-07-01 15:20:52,270 DEBUG send_request_body.complete
2025-07-01 15:20:52,270 DEBUG receive_response_headers.started request=<Request [b'POST']>
2025-07-01 15:20:52,509 DEBUG receive_response_headers.complete return_value=(b'HTTP/1.1', 200, b'OK', [(b'Date', b'Tue, 01 Jul 2025 19:20:51 GMT'), (b'Content-Type', b'application/json'), (b'Transfer-Encoding', b'chunked'), (b'Connection', b'keep-alive'), (b'access-control-expose-headers', b'X-Request-ID'), (b'openai-organization', b'user-58hzvdaaovkznpa7grjzxtja'), (b'openai-processing-ms', b'13966'), (b'openai-version', b'2020-10-01'), (b'x-envoy-upstream-service-time', b'13972'), (b'x-ratelimit-limit-requests', b'5000'), (b'x-ratelimit-limit-tokens', b'4000000'), (b'x-ratelimit-remaining-requests', b'4999'), (b'x-ratelimit-remaining-tokens', b'3998944'), (b'x-ratelimit-reset-requests', b'12ms'), (b'x-ratelimit-reset-tokens', b'15ms'), (b'x-request-id', b'req_051a14e024b084856a45d87f6849bf21'), (b'strict-transport-security', b'max-age=31536000; includeSubDomains; preload'), (b'cf-cache-status', b'DYNAMIC'), (b'X-Content-Type-Options', b'nosniff'), (b'Server', b'cloudflare'), (b'CF-RAY', b'958843030b2d10a1-ORD'), (b'Content-Encoding', b'gzip'), (b'alt-svc', b'h3=":443"; ma=86400')])
2025-07-01 15:20:52,509 INFO HTTP Request: POST https://api.openai.com/v1/chat/completions "HTTP/1.1 200 OK"
2025-07-01 15:20:52,509 DEBUG receive_response_body.started request=<Request [b'POST']>
2025-07-01 15:20:52,514 DEBUG receive_response_body.complete
2025-07-01 15:20:52,515 DEBUG response_closed.started
2025-07-01 15:20:52,515 DEBUG response_closed.complete
2025-07-01 15:20:52,515 DEBUG HTTP Response: POST https://api.openai.com/v1/chat/completions "200 OK" Headers({'date': 'Tue, 01 Jul 2025 19:20:51 GMT', 'content-type': 'application/json', 'transfer-encoding': 'chunked', 'connection': 'keep-alive', 'access-control-expose-headers': 'X-Request-ID', 'openai-organization': 'user-58hzvdaaovkznpa7grjzxtja', 'openai-processing-ms': '13966', 'openai-version': '2020-10-01', 'x-envoy-upstream-service-time': '13972', 'x-ratelimit-limit-requests': '5000', 'x-ratelimit-limit-tokens': '4000000', 'x-ratelimit-remaining-requests': '4999', 'x-ratelimit-remaining-tokens': '3998944', 'x-ratelimit-reset-requests': '12ms', 'x-ratelimit-reset-tokens': '15ms', 'x-request-id': 'req_051a14e024b084856a45d87f6849bf21', 'strict-transport-security': 'max-age=31536000; includeSubDomains; preload', 'cf-cache-status': 'DYNAMIC', 'x-content-type-options': 'nosniff', 'server': 'cloudflare', 'cf-ray': '958843030b2d10a1-ORD', 'content-encoding': 'gzip', 'alt-svc': 'h3=":443"; ma=86400'})
2025-07-01 15:20:52,515 DEBUG request_id: req_051a14e024b084856a45d87f6849bf21
2025-07-01 15:20:52,516 DEBUG Chunk 24 response: [
    {
        "control_id": null,
        "control_desc": "updated business continuity and disaster recovery plans that guide the organization in how to respond to and recover from disruptions in networks, systems, and internal operations. The plans are tested on an annual basis.",
        "control_test": "Inspected the Business Continuity and Disaster Recovery Plans to verify whether they provided comprehensive instructions on how to respond and recover from disruptions in networks, systems, and internal operations.",
        "control_test_results": "No exceptions noted.",
        "control_page_ref": null,
        "control_line_ref": null
    },
    {
        "control_id": "CC9.2.1",
        "control_desc": "SimpleLegal maintains an updated Vendor Management Policy to monitor and ensure service levels and ongoing compliance of existing vendors. The policy outlines roles, responsibilities, and communication protocols around managing vendor relationships and exception handling.",
        "control_test": "Inspected the Vendor Management Policy to verify whether it adequately documented requirements and guidelines for conducting vendor due diligence reviews and risk assessments.",
        "control_test_results": "No exceptions noted.",
        "control_page_ref": 42,
        "control_line_ref": null
    },
    {
        "control_id": "CC9.2.2",
        "control_desc": "SimpleLegal conducts comprehensive vendor due diligence prior to onboarding new high-risk vendors, as well as on an annual basis for existing high-risk vendors. This includes performing a vendor risk assessment and reviewing the SOC 2 reports, SOC 3 reports, ISO 27001 certifications and/or responses to information security questionnaires.",
        "control_test": "For the one new vendor onboarded during the period, inspected the completed security review documentation and collected report to verify whether SimpleLegal had reviewed SOC 2 reports, SOC 3 reports, ISO 27001 certifications, and/or responses to information security questionnaires prior to onboarding. For all existing high-risk vendors, inspected the completed security review documentation and collected reports to verify whether SimpleLegal had reviewed SOC 2 reports, SOC 3 reports, ISO 27001 certifications, and/or responses to information security questionnaires.",
        "control_test_results": "No exceptions noted.",
        "control_page_ref": 43,
        "control_line_ref": null
    },
    {
        "control_id": "A1.1.1",
        "control_desc": "SimpleLegal measures current usage of its system components to establish a baseline for capacity management and to identify peak use times. The risk of impaired availability due to capacity constraints is analyzed and mitigated on an ongoing basis",
        "control_test": null,
        "control_test_results": null,
        "control_page_ref": 43,
        "control_line_ref": null
    }
]
2025-07-01 15:20:52,516 INFO CHUNK 24 EXTRACTED 4 CONTROLS
2025-07-01 15:20:52,516 INFO PROCESSING CHUNK 33:
CHUNK TEXT (first 500 chars):
 no data subject requests during the 
period. Therefore, further testing was not applicable. 
No exceptions noted. 
P5.1.3 
SimpleLegal authenticates the identify of data subjects 
who request access to their personal information before 
giving them access to that information. 
Inspected procedure documentation for processing 
privacy requests to verify whether it included a 
requirement to authenticate the identity of the data 
subject making the request. 
Per inspection of the Legal Services R
2025-07-01 15:20:52,516 INFO CHUNK 33 PROMPT:
You are an expert at reading SOC reports. Given the following text, extract all controls tested. Controls may be listed under section headings (such as COSO or TSC sections), and control IDs may appear in many formats: e.g., 'CC9.1', 'CC 9.1', 'CC.9.1', '9.1', or as a section like 'CC9.0' with controls listed as 1, 2, 3, etc. Do your best to distinguish between section IDs and control IDs, and capture the most specific control ID for each control. For each control, extract the following fields as accurately as possible: 
- control_id: (string, the control's unique identifier as shown in the report, or null if not found)
- control_desc: (string, the description of the control—what the company is supposed to comply with)
- control_test: (string, what the auditor tested to determine design and operating effectiveness)
- control_test_results: (string, the results of the test, e.g., 'No exceptions noted', 'No deviations noted', or a description of any exceptions or findings)
- control_page_ref: (int, page number if available, else null)
- control_line_ref: (int, line number in the text where the control was found)
If you cannot find a value, use null. Output a JSON array, one object per control. Do not include any explanation, markdown, or extra text.
Text:
 no data subject requests during the 
period. Therefore, further testing was not applicable. 
No exceptions noted. 
P5.1.3 
SimpleLegal authenticates the identify of data subjects 
who request access to their personal information before 
giving them access to that information. 
Inspected procedure documentation for processing 
privacy requests to verify whether it included a 
requirement to authenticate the identity of the data 
subject making the request. 
Per inspection of the Legal Services Request dashboard, 
noted there were no data subject requests during the 
period. Therefore, further testing was not applicable. 
No exceptions noted. 
P5.1.4 
SimpleLegal provides personal information to data 
subjects in an understandable form, in a reasonable 
timeframe, and at a reasonable cost, if any.  
Inspected procedure documentation for processing 
privacy requests to verify whether it included 
requirements to provide personal information to data 
subjects in an understandable form, in a reasonable 
timeframe, and at a reasonable cost, if necessary.  
Per inspection of the Legal Services Request dashboard, 
noted there were no data subject requests during the 
period. Therefore, further testing was not applicable. 
No exceptions noted. 
P5.2: The entity corrects, amends, or appends personal information based on information provided by data subjects and communicates such information to third 
parties, as committed or required, to meet the entity’s objectives related to privacy. If a request for correction is denied, data subjects are informed of the denial and 
reason for such denial to meet the entity’s objectives related to privacy. 
P5.2.1 
SimpleLegal has a process to respond to data subjects’ 
update requests, including enabling them to correct their 
personal information, in accordance with SimpleLegal’s 
objectives related to privacy. 
Inspected procedure documentation for processing 
privacy requests to verify whether it included 
requirements to provide personal information to data 
subjects in an understandable form, in a reasonable 
timeframe, and at a reasonable cost, if necessary.  
Per inspection of the Legal Services Request dashboard, 
noted there were no data subject requests during the 
period. Therefore, further testing was not applicable. 
No exceptions noted. 
=== PAGE 50 ===

50 
Control # 
Control Activity Specified by SimpleLegal 
Boulay’s Test of Controls 
Test Results 
Privacy Criteria Related to Disclosure and Notification 
P6.1: The entity discloses personal information to third parties with the explicit consent of data subjects, and such consent is obtained prior to disclosure to meet 
the entity’s objectives related to privacy. 
P6.1.1 
SimpleLegal discloses personal information only to 
clients and third parties who have agreements in place 
to protect personal information in a manner consistent 
with the relevant aspects of SimpleLegal’s privacy 
polic

2025-07-01 15:20:52,517 DEBUG Request options: {'method': 'post', 'url': '/chat/completions', 'files': None, 'idempotency_key': 'stainless-python-retry-84a616c6-45c7-4379-84fb-f53d2e765eaa', 'json_data': {'messages': [{'role': 'user', 'content': "You are an expert at reading SOC reports. Given the following text, extract all controls tested. Controls may be listed under section headings (such as COSO or TSC sections), and control IDs may appear in many formats: e.g., 'CC9.1', 'CC 9.1', 'CC.9.1', '9.1', or as a section like 'CC9.0' with controls listed as 1, 2, 3, etc. Do your best to distinguish between section IDs and control IDs, and capture the most specific control ID for each control. For each control, extract the following fields as accurately as possible: \n- control_id: (string, the control's unique identifier as shown in the report, or null if not found)\n- control_desc: (string, the description of the control—what the company is supposed to comply with)\n- control_test: (string, what the auditor tested to determine design and operating effectiveness)\n- control_test_results: (string, the results of the test, e.g., 'No exceptions noted', 'No deviations noted', or a description of any exceptions or findings)\n- control_page_ref: (int, page number if available, else null)\n- control_line_ref: (int, line number in the text where the control was found)\nIf you cannot find a value, use null. Output a JSON array, one object per control. Do not include any explanation, markdown, or extra text.\nText:\n no data subject requests during the \nperiod. Therefore, further testing was not applicable. \nNo exceptions noted. \nP5.1.3 \nSimpleLegal authenticates the identify of data subjects \nwho request access to their personal information before \ngiving them access to that information. \nInspected procedure documentation for processing \nprivacy requests to verify whether it included a \nrequirement to authenticate the identity of the data \nsubject making the request. \nPer inspection of the Legal Services Request dashboard, \nnoted there were no data subject requests during the \nperiod. Therefore, further testing was not applicable. \nNo exceptions noted. \nP5.1.4 \nSimpleLegal provides personal information to data \nsubjects in an understandable form, in a reasonable \ntimeframe, and at a reasonable cost, if any.  \nInspected procedure documentation for processing \nprivacy requests to verify whether it included \nrequirements to provide personal information to data \nsubjects in an understandable form, in a reasonable \ntimeframe, and at a reasonable cost, if necessary.  \nPer inspection of the Legal Services Request dashboard, \nnoted there were no data subject requests during the \nperiod. Therefore, further testing was not applicable. \nNo exceptions noted. \nP5.2: The entity corrects, amends, or appends personal information based on information provided by data subjects and communicates such information to third \nparties, as committed or required, to meet the entity’s objectives related to privacy. If a request for correction is denied, data subjects are informed of the denial and \nreason for such denial to meet the entity’s objectives related to privacy. \nP5.2.1 \nSimpleLegal has a process to respond to data subjects’ \nupdate requests, including enabling them to correct their \npersonal information, in accordance with SimpleLegal’s \nobjectives related to privacy. \nInspected procedure documentation for processing \nprivacy requests to verify whether it included \nrequirements to provide personal information to data \nsubjects in an understandable form, in a reasonable \ntimeframe, and at a reasonable cost, if necessary.  \nPer inspection of the Legal Services Request dashboard, \nnoted there were no data subject requests during the \nperiod. Therefore, further testing was not applicable. \nNo exceptions noted. \n=== PAGE 50 ===\n\n50 \nControl # \nControl Activity Specified by SimpleLegal \nBoulay’s Test of Controls \nTest Results \nPrivacy Criteria Related to Disclosure and Notification \nP6.1: The entity discloses personal information to third parties with the explicit consent of data subjects, and such consent is obtained prior to disclosure to meet \nthe entity’s objectives related to privacy. \nP6.1.1 \nSimpleLegal discloses personal information only to \nclients and third parties who have agreements in place \nto protect personal information in a manner consistent \nwith the relevant aspects of SimpleLegal’s privacy \npolic\n"}], 'model': 'gpt-3.5-turbo', 'temperature': 0.0, 'top_p': 0.0}}
2025-07-01 15:20:52,518 DEBUG Sending HTTP Request: POST https://api.openai.com/v1/chat/completions
2025-07-01 15:20:52,518 DEBUG send_request_headers.started request=<Request [b'POST']>
2025-07-01 15:20:52,518 DEBUG send_request_headers.complete
2025-07-01 15:20:52,518 DEBUG send_request_body.started request=<Request [b'POST']>
2025-07-01 15:20:52,518 DEBUG send_request_body.complete
2025-07-01 15:20:52,518 DEBUG receive_response_headers.started request=<Request [b'POST']>
2025-07-01 15:20:55,139 DEBUG receive_response_headers.complete return_value=(b'HTTP/1.1', 200, b'OK', [(b'Date', b'Tue, 01 Jul 2025 19:20:54 GMT'), (b'Content-Type', b'application/json'), (b'Transfer-Encoding', b'chunked'), (b'Connection', b'keep-alive'), (b'access-control-expose-headers', b'X-Request-ID'), (b'openai-organization', b'user-58hzvdaaovkznpa7grjzxtja'), (b'openai-processing-ms', b'5705'), (b'openai-version', b'2020-10-01'), (b'x-envoy-upstream-service-time', b'5715'), (b'x-ratelimit-limit-requests', b'5000'), (b'x-ratelimit-limit-tokens', b'4000000'), (b'x-ratelimit-remaining-requests', b'4999'), (b'x-ratelimit-remaining-tokens', b'3998941'), (b'x-ratelimit-reset-requests', b'12ms'), (b'x-ratelimit-reset-tokens', b'15ms'), (b'x-request-id', b'req_ddab315b5387b2a526f72caad81dd61a'), (b'strict-transport-security', b'max-age=31536000; includeSubDomains; preload'), (b'cf-cache-status', b'DYNAMIC'), (b'X-Content-Type-Options', b'nosniff'), (b'Server', b'cloudflare'), (b'CF-RAY', b'95884346cc788f4b-ORD'), (b'Content-Encoding', b'gzip'), (b'alt-svc', b'h3=":443"; ma=86400')])
2025-07-01 15:20:55,140 INFO HTTP Request: POST https://api.openai.com/v1/chat/completions "HTTP/1.1 200 OK"
2025-07-01 15:20:55,140 DEBUG receive_response_body.started request=<Request [b'POST']>
2025-07-01 15:20:55,144 DEBUG receive_response_body.complete
2025-07-01 15:20:55,144 DEBUG response_closed.started
2025-07-01 15:20:55,144 DEBUG response_closed.complete
2025-07-01 15:20:55,144 DEBUG HTTP Response: POST https://api.openai.com/v1/chat/completions "200 OK" Headers({'date': 'Tue, 01 Jul 2025 19:20:54 GMT', 'content-type': 'application/json', 'transfer-encoding': 'chunked', 'connection': 'keep-alive', 'access-control-expose-headers': 'X-Request-ID', 'openai-organization': 'user-58hzvdaaovkznpa7grjzxtja', 'openai-processing-ms': '5705', 'openai-version': '2020-10-01', 'x-envoy-upstream-service-time': '5715', 'x-ratelimit-limit-requests': '5000', 'x-ratelimit-limit-tokens': '4000000', 'x-ratelimit-remaining-requests': '4999', 'x-ratelimit-remaining-tokens': '3998941', 'x-ratelimit-reset-requests': '12ms', 'x-ratelimit-reset-tokens': '15ms', 'x-request-id': 'req_ddab315b5387b2a526f72caad81dd61a', 'strict-transport-security': 'max-age=31536000; includeSubDomains; preload', 'cf-cache-status': 'DYNAMIC', 'x-content-type-options': 'nosniff', 'server': 'cloudflare', 'cf-ray': '95884346cc788f4b-ORD', 'content-encoding': 'gzip', 'alt-svc': 'h3=":443"; ma=86400'})
2025-07-01 15:20:55,144 DEBUG request_id: req_ddab315b5387b2a526f72caad81dd61a
2025-07-01 15:20:55,146 DEBUG Chunk 30 response: [
    {
        "control_id": "P3.1.4",
        "control_desc": "Data subjects are informed if SimpleLegal develops or acquires additional information about them for its use.",
        "control_test": "Inspected the Privacy Policy to verify whether it provided an objective description of the personal information that SimpleLegal collects.",
        "control_test_results": "No exceptions noted.",
        "control_page_ref": null,
        "control_line_ref": null
    },
    {
        "control_id": "P3.2",
        "control_desc": "For information requiring explicit consent, the entity communicates the need for such consent, as well as the consequences of a failure to provide consent for the request for personal information, and obtains the consent prior to the collection of the information to meet the entity’s objectives related to privacy.",
        "control_test": null,
        "control_test_results": "This criterion is not applicable to data processors.",
        "control_page_ref": null,
        "control_line_ref": null
    },
    {
        "control_id": "P4.1.1",
        "control_desc": "SimpleLegal limits the use of personal information only for the intended purposes for which it was collected and only when it has lawful basis to collect and process such data.",
        "control_test": "Inspected the SimpleLegal website to verify whether the defined limitations on the use and retention of personal information were in line with the Privacy Policy. Inspected the organizational chart and inquired of the General Counsel to verify whether a legal and compliance team is in place to evaluate the methods by which personal information is collected.",
        "control_test_results": "No exceptions noted.",
        "control_page_ref": null,
        "control_line_ref": null
    },
    {
        "control_id": "P4.2.1",
        "control_desc": "SimpleLegal retains personal information for no longer than necessary to fulfill the stated purposes unless a law or regulation specifically requires otherwise.",
        "control_test": "Inspected the SimpleLegal Privacy Policy to verify whether it documented data subjects’ right to the erasure of personal information. Per inspection of the Legal Services Request dashboard, noted there were no data subject requests during the period. Therefore, further testing was not applicable.",
        "control_test_results": "No exceptions noted.",
        "control_page_ref": null,
        "control_line_ref": null
    },
    {
        "control_id": "P4.2.2",
        "control_desc": "SimpleLegal maintains policies and procedures to protect personal information from erasure during the specified retention period of the information.",
        "control_test": "Inspected the Records Retention and Information Disposal policies to verify whether they outlined how data was to be protected from erasure during the specified retention period.",
        "control_test_results": "No exceptions noted.",
        "control_page_ref": null,
        "control_line_ref": null
    },
    {
        "control_id": "P4.3.1",
        "control_desc": "SimpleLegal captures requests for the deletion of personal information and identifies and flags the information for destruction to support the achievement of its objectives related to privacy.",
        "control_test": "Inspected the SimpleLegal Privacy",
        "control_test_results": null,
        "control_page_ref": null,
        "control_line_ref": null
    }
]
2025-07-01 15:20:55,146 INFO CHUNK 30 EXTRACTED 6 CONTROLS
2025-07-01 15:20:55,147 INFO PROCESSING CHUNK 34:
CHUNK TEXT (first 500 chars):
uests to verify whether it included 
requirements to provide personal information to data 
subjects in an understandable form, in a reasonable 
timeframe, and at a reasonable cost, if necessary.  
Per inspection of the Legal Services Request dashboard, 
noted there were no data subject requests during the 
period. Therefore, further testing was not applicable. 
No exceptions noted. 
=== PAGE 50 ===

50 
Control # 
Control Activity Specified by SimpleLegal 
Boulay’s Test of Controls 
Test Results
2025-07-01 15:20:55,147 INFO CHUNK 34 PROMPT:
You are an expert at reading SOC reports. Given the following text, extract all controls tested. Controls may be listed under section headings (such as COSO or TSC sections), and control IDs may appear in many formats: e.g., 'CC9.1', 'CC 9.1', 'CC.9.1', '9.1', or as a section like 'CC9.0' with controls listed as 1, 2, 3, etc. Do your best to distinguish between section IDs and control IDs, and capture the most specific control ID for each control. For each control, extract the following fields as accurately as possible: 
- control_id: (string, the control's unique identifier as shown in the report, or null if not found)
- control_desc: (string, the description of the control—what the company is supposed to comply with)
- control_test: (string, what the auditor tested to determine design and operating effectiveness)
- control_test_results: (string, the results of the test, e.g., 'No exceptions noted', 'No deviations noted', or a description of any exceptions or findings)
- control_page_ref: (int, page number if available, else null)
- control_line_ref: (int, line number in the text where the control was found)
If you cannot find a value, use null. Output a JSON array, one object per control. Do not include any explanation, markdown, or extra text.
Text:
uests to verify whether it included 
requirements to provide personal information to data 
subjects in an understandable form, in a reasonable 
timeframe, and at a reasonable cost, if necessary.  
Per inspection of the Legal Services Request dashboard, 
noted there were no data subject requests during the 
period. Therefore, further testing was not applicable. 
No exceptions noted. 
=== PAGE 50 ===

50 
Control # 
Control Activity Specified by SimpleLegal 
Boulay’s Test of Controls 
Test Results 
Privacy Criteria Related to Disclosure and Notification 
P6.1: The entity discloses personal information to third parties with the explicit consent of data subjects, and such consent is obtained prior to disclosure to meet 
the entity’s objectives related to privacy. 
P6.1.1 
SimpleLegal discloses personal information only to 
clients and third parties who have agreements in place 
to protect personal information in a manner consistent 
with the relevant aspects of SimpleLegal’s privacy 
policy. 
Inspected the SimpleLegal Terms of Service to verify 
whether terms for third party disclosure of personal 
information were defined. 
For all third-party sub-processors that have access to 
personal information, inspected contractual agreements 
to verify whether they limited the disclosure of personal 
information with third parties. 
No exceptions noted. 
P6.1.2 
SimpleLegal discloses personal information to clients 
and third parties only for the purposes for which it was 
collected unless a law or regulation specifically requires 
otherwise.  
Inspected the SimpleLegal Privacy Policy to verify 
whether it defined limitations on the use and retention of 
personal information. 
Inspected the organizational chart and inquired of the 
General Counsel to verify whether a legal and 
compliance team is in place to evaluate the methods by 
which personal information is collected. 
No exceptions noted. 
P6.2: The entity creates and retains a complete, accurate, and timely record of authorized disclosures of personal information to meet the entity’s objectives related 
to privacy. 
P6.2.1 
SimpleLegal creates and maintains a record of 
authorized disclosures of personal information that is 
complete, accurate, and timely. 
Inspected the SimpleLegal Privacy Policy to verify 
whether data subjects were informed about how 
SimpleLegal shares their information. 
Inspected the sub-processor inventory to verify whether it 
defined a list of approved vendors with whom personal 
information is shared. 
No exceptions noted. 
P6.3: The entity creates and retains a complete, accurate, and timely record of detected or reported unauthorized disclosures (including breaches) of personal 
information to meet the entity’s objectives related to privacy. 
P6.3.1 
SimpleLegal creates and maintains a record of detected 
or reported unauthorized disclosures of personal 
information that is complete, accurate, and timely. 
Fo

2025-07-01 15:20:55,149 DEBUG Request options: {'method': 'post', 'url': '/chat/completions', 'files': None, 'idempotency_key': 'stainless-python-retry-c54e63b9-f941-46b0-8639-c1a48fdfa5fe', 'json_data': {'messages': [{'role': 'user', 'content': "You are an expert at reading SOC reports. Given the following text, extract all controls tested. Controls may be listed under section headings (such as COSO or TSC sections), and control IDs may appear in many formats: e.g., 'CC9.1', 'CC 9.1', 'CC.9.1', '9.1', or as a section like 'CC9.0' with controls listed as 1, 2, 3, etc. Do your best to distinguish between section IDs and control IDs, and capture the most specific control ID for each control. For each control, extract the following fields as accurately as possible: \n- control_id: (string, the control's unique identifier as shown in the report, or null if not found)\n- control_desc: (string, the description of the control—what the company is supposed to comply with)\n- control_test: (string, what the auditor tested to determine design and operating effectiveness)\n- control_test_results: (string, the results of the test, e.g., 'No exceptions noted', 'No deviations noted', or a description of any exceptions or findings)\n- control_page_ref: (int, page number if available, else null)\n- control_line_ref: (int, line number in the text where the control was found)\nIf you cannot find a value, use null. Output a JSON array, one object per control. Do not include any explanation, markdown, or extra text.\nText:\nuests to verify whether it included \nrequirements to provide personal information to data \nsubjects in an understandable form, in a reasonable \ntimeframe, and at a reasonable cost, if necessary.  \nPer inspection of the Legal Services Request dashboard, \nnoted there were no data subject requests during the \nperiod. Therefore, further testing was not applicable. \nNo exceptions noted. \n=== PAGE 50 ===\n\n50 \nControl # \nControl Activity Specified by SimpleLegal \nBoulay’s Test of Controls \nTest Results \nPrivacy Criteria Related to Disclosure and Notification \nP6.1: The entity discloses personal information to third parties with the explicit consent of data subjects, and such consent is obtained prior to disclosure to meet \nthe entity’s objectives related to privacy. \nP6.1.1 \nSimpleLegal discloses personal information only to \nclients and third parties who have agreements in place \nto protect personal information in a manner consistent \nwith the relevant aspects of SimpleLegal’s privacy \npolicy. \nInspected the SimpleLegal Terms of Service to verify \nwhether terms for third party disclosure of personal \ninformation were defined. \nFor all third-party sub-processors that have access to \npersonal information, inspected contractual agreements \nto verify whether they limited the disclosure of personal \ninformation with third parties. \nNo exceptions noted. \nP6.1.2 \nSimpleLegal discloses personal information to clients \nand third parties only for the purposes for which it was \ncollected unless a law or regulation specifically requires \notherwise.  \nInspected the SimpleLegal Privacy Policy to verify \nwhether it defined limitations on the use and retention of \npersonal information. \nInspected the organizational chart and inquired of the \nGeneral Counsel to verify whether a legal and \ncompliance team is in place to evaluate the methods by \nwhich personal information is collected. \nNo exceptions noted. \nP6.2: The entity creates and retains a complete, accurate, and timely record of authorized disclosures of personal information to meet the entity’s objectives related \nto privacy. \nP6.2.1 \nSimpleLegal creates and maintains a record of \nauthorized disclosures of personal information that is \ncomplete, accurate, and timely. \nInspected the SimpleLegal Privacy Policy to verify \nwhether data subjects were informed about how \nSimpleLegal shares their information. \nInspected the sub-processor inventory to verify whether it \ndefined a list of approved vendors with whom personal \ninformation is shared. \nNo exceptions noted. \nP6.3: The entity creates and retains a complete, accurate, and timely record of detected or reported unauthorized disclosures (including breaches) of personal \ninformation to meet the entity’s objectives related to privacy. \nP6.3.1 \nSimpleLegal creates and maintains a record of detected \nor reported unauthorized disclosures of personal \ninformation that is complete, accurate, and timely. \nFo\n"}], 'model': 'gpt-3.5-turbo', 'temperature': 0.0, 'top_p': 0.0}}
2025-07-01 15:20:55,150 DEBUG Sending HTTP Request: POST https://api.openai.com/v1/chat/completions
2025-07-01 15:20:55,150 DEBUG send_request_headers.started request=<Request [b'POST']>
2025-07-01 15:20:55,150 DEBUG send_request_headers.complete
2025-07-01 15:20:55,151 DEBUG send_request_body.started request=<Request [b'POST']>
2025-07-01 15:20:55,151 DEBUG send_request_body.complete
2025-07-01 15:20:55,151 DEBUG receive_response_headers.started request=<Request [b'POST']>
2025-07-01 15:20:56,157 DEBUG receive_response_headers.complete return_value=(b'HTTP/1.1', 200, b'OK', [(b'Date', b'Tue, 01 Jul 2025 19:20:55 GMT'), (b'Content-Type', b'application/json'), (b'Transfer-Encoding', b'chunked'), (b'Connection', b'keep-alive'), (b'access-control-expose-headers', b'X-Request-ID'), (b'openai-organization', b'user-58hzvdaaovkznpa7grjzxtja'), (b'openai-processing-ms', b'3487'), (b'openai-version', b'2020-10-01'), (b'x-envoy-upstream-service-time', b'3491'), (b'x-ratelimit-limit-requests', b'5000'), (b'x-ratelimit-limit-tokens', b'4000000'), (b'x-ratelimit-remaining-requests', b'4999'), (b'x-ratelimit-remaining-tokens', b'3998940'), (b'x-ratelimit-reset-requests', b'12ms'), (b'x-ratelimit-reset-tokens', b'15ms'), (b'x-request-id', b'req_c5816ee199a195609a8b347b0ae77d63'), (b'strict-transport-security', b'max-age=31536000; includeSubDomains; preload'), (b'cf-cache-status', b'DYNAMIC'), (b'X-Content-Type-Options', b'nosniff'), (b'Server', b'cloudflare'), (b'CF-RAY', b'9588435b484c10a1-ORD'), (b'Content-Encoding', b'gzip'), (b'alt-svc', b'h3=":443"; ma=86400')])
2025-07-01 15:20:56,158 INFO HTTP Request: POST https://api.openai.com/v1/chat/completions "HTTP/1.1 200 OK"
2025-07-01 15:20:56,158 DEBUG receive_response_body.started request=<Request [b'POST']>
2025-07-01 15:20:56,178 DEBUG receive_response_body.complete
2025-07-01 15:20:56,178 DEBUG response_closed.started
2025-07-01 15:20:56,178 DEBUG response_closed.complete
2025-07-01 15:20:56,178 DEBUG HTTP Response: POST https://api.openai.com/v1/chat/completions "200 OK" Headers({'date': 'Tue, 01 Jul 2025 19:20:55 GMT', 'content-type': 'application/json', 'transfer-encoding': 'chunked', 'connection': 'keep-alive', 'access-control-expose-headers': 'X-Request-ID', 'openai-organization': 'user-58hzvdaaovkznpa7grjzxtja', 'openai-processing-ms': '3487', 'openai-version': '2020-10-01', 'x-envoy-upstream-service-time': '3491', 'x-ratelimit-limit-requests': '5000', 'x-ratelimit-limit-tokens': '4000000', 'x-ratelimit-remaining-requests': '4999', 'x-ratelimit-remaining-tokens': '3998940', 'x-ratelimit-reset-requests': '12ms', 'x-ratelimit-reset-tokens': '15ms', 'x-request-id': 'req_c5816ee199a195609a8b347b0ae77d63', 'strict-transport-security': 'max-age=31536000; includeSubDomains; preload', 'cf-cache-status': 'DYNAMIC', 'x-content-type-options': 'nosniff', 'server': 'cloudflare', 'cf-ray': '9588435b484c10a1-ORD', 'content-encoding': 'gzip', 'alt-svc': 'h3=":443"; ma=86400'})
2025-07-01 15:20:56,178 DEBUG request_id: req_c5816ee199a195609a8b347b0ae77d63
2025-07-01 15:20:56,179 DEBUG Chunk 33 response: [
    {
        "control_id": "P5.1.3",
        "control_desc": "SimpleLegal authenticates the identify of data subjects who request access to their personal information before giving them access to that information.",
        "control_test": "Inspected procedure documentation for processing privacy requests to verify whether it included a requirement to authenticate the identity of the data subject making the request.",
        "control_test_results": "No exceptions noted.",
        "control_page_ref": null,
        "control_line_ref": 7
    },
    {
        "control_id": "P5.1.4",
        "control_desc": "SimpleLegal provides personal information to data subjects in an understandable form, in a reasonable timeframe, and at a reasonable cost, if any.",
        "control_test": "Inspected procedure documentation for processing privacy requests to verify whether it included requirements to provide personal information to data subjects in an understandable form, in a reasonable timeframe, and at a reasonable cost, if necessary.",
        "control_test_results": "No exceptions noted.",
        "control_page_ref": null,
        "control_line_ref": 19
    },
    {
        "control_id": "P5.2.1",
        "control_desc": "SimpleLegal has a process to respond to data subjects’ update requests, including enabling them to correct their personal information, in accordance with SimpleLegal’s objectives related to privacy.",
        "control_test": "Inspected procedure documentation for processing privacy requests to verify whether it included requirements to provide personal information to data subjects in an understandable form, in a reasonable timeframe, and at a reasonable cost, if necessary.",
        "control_test_results": "No exceptions noted.",
        "control_page_ref": null,
        "control_line_ref": 39
    },
    {
        "control_id": "P6.1.1",
        "control_desc": "SimpleLegal discloses personal information only to clients and third parties who have agreements in place to protect personal information in a manner consistent with the relevant aspects of SimpleLegal’s privacy policy.",
        "control_test": null,
        "control_test_results": null,
        "control_page_ref": 50,
        "control_line_ref": 6
    }
]
2025-07-01 15:20:56,179 INFO CHUNK 33 EXTRACTED 4 CONTROLS
2025-07-01 15:20:56,179 INFO PROCESSING CHUNK 35:
CHUNK TEXT (first 500 chars):
reates and retains a complete, accurate, and timely record of authorized disclosures of personal information to meet the entity’s objectives related 
to privacy. 
P6.2.1 
SimpleLegal creates and maintains a record of 
authorized disclosures of personal information that is 
complete, accurate, and timely. 
Inspected the SimpleLegal Privacy Policy to verify 
whether data subjects were informed about how 
SimpleLegal shares their information. 
Inspected the sub-processor inventory to verify whether
2025-07-01 15:20:56,179 INFO CHUNK 35 PROMPT:
You are an expert at reading SOC reports. Given the following text, extract all controls tested. Controls may be listed under section headings (such as COSO or TSC sections), and control IDs may appear in many formats: e.g., 'CC9.1', 'CC 9.1', 'CC.9.1', '9.1', or as a section like 'CC9.0' with controls listed as 1, 2, 3, etc. Do your best to distinguish between section IDs and control IDs, and capture the most specific control ID for each control. For each control, extract the following fields as accurately as possible: 
- control_id: (string, the control's unique identifier as shown in the report, or null if not found)
- control_desc: (string, the description of the control—what the company is supposed to comply with)
- control_test: (string, what the auditor tested to determine design and operating effectiveness)
- control_test_results: (string, the results of the test, e.g., 'No exceptions noted', 'No deviations noted', or a description of any exceptions or findings)
- control_page_ref: (int, page number if available, else null)
- control_line_ref: (int, line number in the text where the control was found)
If you cannot find a value, use null. Output a JSON array, one object per control. Do not include any explanation, markdown, or extra text.
Text:
reates and retains a complete, accurate, and timely record of authorized disclosures of personal information to meet the entity’s objectives related 
to privacy. 
P6.2.1 
SimpleLegal creates and maintains a record of 
authorized disclosures of personal information that is 
complete, accurate, and timely. 
Inspected the SimpleLegal Privacy Policy to verify 
whether data subjects were informed about how 
SimpleLegal shares their information. 
Inspected the sub-processor inventory to verify whether it 
defined a list of approved vendors with whom personal 
information is shared. 
No exceptions noted. 
P6.3: The entity creates and retains a complete, accurate, and timely record of detected or reported unauthorized disclosures (including breaches) of personal 
information to meet the entity’s objectives related to privacy. 
P6.3.1 
SimpleLegal creates and maintains a record of detected 
or reported unauthorized disclosures of personal 
information that is complete, accurate, and timely. 
For all incidents that occurred during the period, 
inspected the incident ticket to verify whether 
SimpleLegal created and maintained a record of detected 
or reported unauthorized disclosures of personal 
information that is complete, accurate, and timely. 
No exceptions noted. 
=== PAGE 51 ===

51 
Control # 
Control Activity Specified by SimpleLegal 
Boulay’s Test of Controls 
Test Results 
P6.4: The entity obtains privacy commitments from vendors and other third parties who have access to personal information to meet the entity’s objectives related to 
privacy. The entity assesses those parties’ compliance on a periodic and as-needed basis and takes corrective action, if necessary. 
P6.4.1 
SimpleLegal maintains a process for obtaining 
commitments from vendors and other third parties to 
report to SimpleLegal actual or suspected unauthorized 
disclosures of personal information. 
For all third-party sub-processors, inspected signed 
agreements to verify whether SimpleLegal obtained 
commitments from third parties to report unauthorized 
disclosures of personal information. 
No exceptions noted. 
P6.4.2 
SimpleLegal takes remedial action in response to 
misuse of personal information by a third party to whom 
SimpleLegal has transferred such information.  
For all incidents that occurred during the period, 
inspected the incident ticket to verify whether 
SimpleLegal took remedial action in response to misuse 
of personal information by a third party to whom 
SimpleLegal has transferred such information. 
No exceptions noted. 
P6.4.3 
SimpleLegal has procedures in place to evaluate 
whether third parties have effective controls to meet the 
terms of privacy agreements, instructions, or 
requirements. 
For all existing high-risk vendors, inspected the 
completed security review documentation and collected 
reports to verify whether SimpleLegal had reviewed SOC 
2 reports, SOC 3 reports, ISO 27001 ce

2025-07-01 15:20:56,180 DEBUG Request options: {'method': 'post', 'url': '/chat/completions', 'files': None, 'idempotency_key': 'stainless-python-retry-37893eec-28f1-446a-990c-e25a6938ce96', 'json_data': {'messages': [{'role': 'user', 'content': "You are an expert at reading SOC reports. Given the following text, extract all controls tested. Controls may be listed under section headings (such as COSO or TSC sections), and control IDs may appear in many formats: e.g., 'CC9.1', 'CC 9.1', 'CC.9.1', '9.1', or as a section like 'CC9.0' with controls listed as 1, 2, 3, etc. Do your best to distinguish between section IDs and control IDs, and capture the most specific control ID for each control. For each control, extract the following fields as accurately as possible: \n- control_id: (string, the control's unique identifier as shown in the report, or null if not found)\n- control_desc: (string, the description of the control—what the company is supposed to comply with)\n- control_test: (string, what the auditor tested to determine design and operating effectiveness)\n- control_test_results: (string, the results of the test, e.g., 'No exceptions noted', 'No deviations noted', or a description of any exceptions or findings)\n- control_page_ref: (int, page number if available, else null)\n- control_line_ref: (int, line number in the text where the control was found)\nIf you cannot find a value, use null. Output a JSON array, one object per control. Do not include any explanation, markdown, or extra text.\nText:\nreates and retains a complete, accurate, and timely record of authorized disclosures of personal information to meet the entity’s objectives related \nto privacy. \nP6.2.1 \nSimpleLegal creates and maintains a record of \nauthorized disclosures of personal information that is \ncomplete, accurate, and timely. \nInspected the SimpleLegal Privacy Policy to verify \nwhether data subjects were informed about how \nSimpleLegal shares their information. \nInspected the sub-processor inventory to verify whether it \ndefined a list of approved vendors with whom personal \ninformation is shared. \nNo exceptions noted. \nP6.3: The entity creates and retains a complete, accurate, and timely record of detected or reported unauthorized disclosures (including breaches) of personal \ninformation to meet the entity’s objectives related to privacy. \nP6.3.1 \nSimpleLegal creates and maintains a record of detected \nor reported unauthorized disclosures of personal \ninformation that is complete, accurate, and timely. \nFor all incidents that occurred during the period, \ninspected the incident ticket to verify whether \nSimpleLegal created and maintained a record of detected \nor reported unauthorized disclosures of personal \ninformation that is complete, accurate, and timely. \nNo exceptions noted. \n=== PAGE 51 ===\n\n51 \nControl # \nControl Activity Specified by SimpleLegal \nBoulay’s Test of Controls \nTest Results \nP6.4: The entity obtains privacy commitments from vendors and other third parties who have access to personal information to meet the entity’s objectives related to \nprivacy. The entity assesses those parties’ compliance on a periodic and as-needed basis and takes corrective action, if necessary. \nP6.4.1 \nSimpleLegal maintains a process for obtaining \ncommitments from vendors and other third parties to \nreport to SimpleLegal actual or suspected unauthorized \ndisclosures of personal information. \nFor all third-party sub-processors, inspected signed \nagreements to verify whether SimpleLegal obtained \ncommitments from third parties to report unauthorized \ndisclosures of personal information. \nNo exceptions noted. \nP6.4.2 \nSimpleLegal takes remedial action in response to \nmisuse of personal information by a third party to whom \nSimpleLegal has transferred such information.  \nFor all incidents that occurred during the period, \ninspected the incident ticket to verify whether \nSimpleLegal took remedial action in response to misuse \nof personal information by a third party to whom \nSimpleLegal has transferred such information. \nNo exceptions noted. \nP6.4.3 \nSimpleLegal has procedures in place to evaluate \nwhether third parties have effective controls to meet the \nterms of privacy agreements, instructions, or \nrequirements. \nFor all existing high-risk vendors, inspected the \ncompleted security review documentation and collected \nreports to verify whether SimpleLegal had reviewed SOC \n2 reports, SOC 3 reports, ISO 27001 ce\n"}], 'model': 'gpt-3.5-turbo', 'temperature': 0.0, 'top_p': 0.0}}
2025-07-01 15:20:56,181 DEBUG Sending HTTP Request: POST https://api.openai.com/v1/chat/completions
2025-07-01 15:20:56,181 DEBUG send_request_headers.started request=<Request [b'POST']>
2025-07-01 15:20:56,181 DEBUG send_request_headers.complete
2025-07-01 15:20:56,181 DEBUG send_request_body.started request=<Request [b'POST']>
2025-07-01 15:20:56,181 DEBUG send_request_body.complete
2025-07-01 15:20:56,181 DEBUG receive_response_headers.started request=<Request [b'POST']>
2025-07-01 15:20:58,174 DEBUG receive_response_headers.complete return_value=(b'HTTP/1.1', 200, b'OK', [(b'Date', b'Tue, 01 Jul 2025 19:20:57 GMT'), (b'Content-Type', b'application/json'), (b'Transfer-Encoding', b'chunked'), (b'Connection', b'keep-alive'), (b'access-control-expose-headers', b'X-Request-ID'), (b'openai-organization', b'user-58hzvdaaovkznpa7grjzxtja'), (b'openai-processing-ms', b'9027'), (b'openai-version', b'2020-10-01'), (b'x-envoy-upstream-service-time', b'9037'), (b'x-ratelimit-limit-requests', b'5000'), (b'x-ratelimit-limit-tokens', b'4000000'), (b'x-ratelimit-remaining-requests', b'4999'), (b'x-ratelimit-remaining-tokens', b'3998941'), (b'x-ratelimit-reset-requests', b'12ms'), (b'x-ratelimit-reset-tokens', b'15ms'), (b'x-request-id', b'req_c6035caf7fac41793c9025f027d9c232'), (b'strict-transport-security', b'max-age=31536000; includeSubDomains; preload'), (b'cf-cache-status', b'DYNAMIC'), (b'X-Content-Type-Options', b'nosniff'), (b'Server', b'cloudflare'), (b'CF-RAY', b'958843451a2de991-ORD'), (b'Content-Encoding', b'gzip'), (b'alt-svc', b'h3=":443"; ma=86400')])
2025-07-01 15:20:58,175 INFO HTTP Request: POST https://api.openai.com/v1/chat/completions "HTTP/1.1 200 OK"
2025-07-01 15:20:58,175 DEBUG receive_response_body.started request=<Request [b'POST']>
2025-07-01 15:20:58,184 DEBUG receive_response_body.complete
2025-07-01 15:20:58,185 DEBUG response_closed.started
2025-07-01 15:20:58,185 DEBUG response_closed.complete
2025-07-01 15:20:58,185 DEBUG HTTP Response: POST https://api.openai.com/v1/chat/completions "200 OK" Headers({'date': 'Tue, 01 Jul 2025 19:20:57 GMT', 'content-type': 'application/json', 'transfer-encoding': 'chunked', 'connection': 'keep-alive', 'access-control-expose-headers': 'X-Request-ID', 'openai-organization': 'user-58hzvdaaovkznpa7grjzxtja', 'openai-processing-ms': '9027', 'openai-version': '2020-10-01', 'x-envoy-upstream-service-time': '9037', 'x-ratelimit-limit-requests': '5000', 'x-ratelimit-limit-tokens': '4000000', 'x-ratelimit-remaining-requests': '4999', 'x-ratelimit-remaining-tokens': '3998941', 'x-ratelimit-reset-requests': '12ms', 'x-ratelimit-reset-tokens': '15ms', 'x-request-id': 'req_c6035caf7fac41793c9025f027d9c232', 'strict-transport-security': 'max-age=31536000; includeSubDomains; preload', 'cf-cache-status': 'DYNAMIC', 'x-content-type-options': 'nosniff', 'server': 'cloudflare', 'cf-ray': '958843451a2de991-ORD', 'content-encoding': 'gzip', 'alt-svc': 'h3=":443"; ma=86400'})
2025-07-01 15:20:58,185 DEBUG request_id: req_c6035caf7fac41793c9025f027d9c232
2025-07-01 15:20:58,186 DEBUG Chunk 29 response: [
    {
        "control_id": "P3.1.1",
        "control_desc": "SimpleLegal limits the collection of personal information only to what is necessary, in accordance with the Privacy Policy.",
        "control_test": "Inspected the SimpleLegal Terms of Service and Privacy Policy to verify whether personal information collected as part of SimpleLegal's services was consistent with the terms of the agreement.",
        "control_test_results": "No exceptions noted.",
        "control_page_ref": 47,
        "control_line_ref": 15
    },
    {
        "control_id": "P3.1.2",
        "control_desc": "SimpleLegal reviews the methods of collecting information before they are implemented to confirm that personal information is obtained (a) fairly, without intimidation or deception, and (b) lawfully, adhering to all relevant rules or law, whether derived from statute or common law, relating to the collection of personal information.",
        "control_test": "Inspected the organizational chart and inquired of the General Counsel to verify whether a legal and compliance team is in place to evaluate the methods by which personal information is collected.",
        "control_test_results": "No exceptions noted.",
        "control_page_ref": 47,
        "control_line_ref": 31
    },
    {
        "control_id": "P3.1.3",
        "control_desc": "SimpleLegal confirms that third parties from whom personal information is collected are reliable sources that collect information fairly and lawfully.",
        "control_test": "For all third-party sub-processors, inspected the signed agreements to verify whether SimpleLegal confirmed that third parties from whom personal information is collected were reliable sources and that they collect information fairly and lawfully.",
        "control_test_results": "No exceptions noted.",
        "control_page_ref": 47,
        "control_line_ref": 47
    },
    {
        "control_id": "P3.1.4",
        "control_desc": "Data subjects are informed if SimpleLegal develops or acquires additional information about them for its use.",
        "control_test": "Inspected the Privacy Policy to verify whether it provided an objective description of the personal information that SimpleLegal collects.",
        "control_test_results": "No exceptions noted.",
        "control_page_ref": 47,
        "control_line_ref": 63
    }
]
2025-07-01 15:20:58,187 INFO CHUNK 29 EXTRACTED 4 CONTROLS
2025-07-01 15:20:58,187 INFO PROCESSING CHUNK 36:
CHUNK TEXT (first 500 chars):
nspected signed 
agreements to verify whether SimpleLegal obtained 
commitments from third parties to report unauthorized 
disclosures of personal information. 
No exceptions noted. 
P6.4.2 
SimpleLegal takes remedial action in response to 
misuse of personal information by a third party to whom 
SimpleLegal has transferred such information.  
For all incidents that occurred during the period, 
inspected the incident ticket to verify whether 
SimpleLegal took remedial action in response to misus
2025-07-01 15:20:58,187 INFO CHUNK 36 PROMPT:
You are an expert at reading SOC reports. Given the following text, extract all controls tested. Controls may be listed under section headings (such as COSO or TSC sections), and control IDs may appear in many formats: e.g., 'CC9.1', 'CC 9.1', 'CC.9.1', '9.1', or as a section like 'CC9.0' with controls listed as 1, 2, 3, etc. Do your best to distinguish between section IDs and control IDs, and capture the most specific control ID for each control. For each control, extract the following fields as accurately as possible: 
- control_id: (string, the control's unique identifier as shown in the report, or null if not found)
- control_desc: (string, the description of the control—what the company is supposed to comply with)
- control_test: (string, what the auditor tested to determine design and operating effectiveness)
- control_test_results: (string, the results of the test, e.g., 'No exceptions noted', 'No deviations noted', or a description of any exceptions or findings)
- control_page_ref: (int, page number if available, else null)
- control_line_ref: (int, line number in the text where the control was found)
If you cannot find a value, use null. Output a JSON array, one object per control. Do not include any explanation, markdown, or extra text.
Text:
nspected signed 
agreements to verify whether SimpleLegal obtained 
commitments from third parties to report unauthorized 
disclosures of personal information. 
No exceptions noted. 
P6.4.2 
SimpleLegal takes remedial action in response to 
misuse of personal information by a third party to whom 
SimpleLegal has transferred such information.  
For all incidents that occurred during the period, 
inspected the incident ticket to verify whether 
SimpleLegal took remedial action in response to misuse 
of personal information by a third party to whom 
SimpleLegal has transferred such information. 
No exceptions noted. 
P6.4.3 
SimpleLegal has procedures in place to evaluate 
whether third parties have effective controls to meet the 
terms of privacy agreements, instructions, or 
requirements. 
For all existing high-risk vendors, inspected the 
completed security review documentation and collected 
reports to verify whether SimpleLegal had reviewed SOC 
2 reports, SOC 3 reports, ISO 27001 certifications, and/or 
responses to information security questionnaires. 
Per inspection of the vendor list and inquiry of 
management, noted there were no new vendors 
onboarded during the period. Therefore, further testing 
was not applicable. 
No exceptions noted. 
P6.5: The entity obtains commitments from vendors and other third parties with access to personal information to notify the entity in the event of actual or suspected 
unauthorized disclosures of personal information. Such notifications are reported to appropriate personnel and acted on in accordance with established incident 
response procedures to meet the entity’s objectives related to privacy. 
P6.5.1 
SimpleLegal maintains a process for obtaining 
commitments from vendors and other third parties to 
report to SimpleLegal actual or suspected unauthorized 
disclosures of personal information. 
For all third-party sub-processors, inspected the signed 
agreements to verify whether they included commitments 
to inform SimpleLegal of actual or suspected 
unauthorized disclosures. 
No exceptions noted. 
P6.5.2 
SimpleLegal takes remedial action in response to 
misuse of personal information by a third party to whom 
SimpleLegal has transferred such information. 
For all third-party sub-processors, inspected the 
contractual agreements to verify whether they included 
commitments to inform SimpleLegal of actual or 
suspected unauthorized disclosures.  
For all incidents that occurred during the period, 
inspected the incident ticket to verify whether 
SimpleLegal took remedial action in response to misuse 
of personal information by a third party to whom 
SimpleLegal has transferred such information. 
No exceptions noted. 
=== PAGE 52 ===

52 
Control # 
Control Activity Specified by SimpleLegal 
Boulay’s Test of Controls 
Test Results 
P6.6: The entity provides notification of breaches and incidents to affected data subjects, regulators, and

2025-07-01 15:20:58,189 DEBUG Request options: {'method': 'post', 'url': '/chat/completions', 'files': None, 'idempotency_key': 'stainless-python-retry-c92fee44-1239-4492-a310-aded42ea90ff', 'json_data': {'messages': [{'role': 'user', 'content': "You are an expert at reading SOC reports. Given the following text, extract all controls tested. Controls may be listed under section headings (such as COSO or TSC sections), and control IDs may appear in many formats: e.g., 'CC9.1', 'CC 9.1', 'CC.9.1', '9.1', or as a section like 'CC9.0' with controls listed as 1, 2, 3, etc. Do your best to distinguish between section IDs and control IDs, and capture the most specific control ID for each control. For each control, extract the following fields as accurately as possible: \n- control_id: (string, the control's unique identifier as shown in the report, or null if not found)\n- control_desc: (string, the description of the control—what the company is supposed to comply with)\n- control_test: (string, what the auditor tested to determine design and operating effectiveness)\n- control_test_results: (string, the results of the test, e.g., 'No exceptions noted', 'No deviations noted', or a description of any exceptions or findings)\n- control_page_ref: (int, page number if available, else null)\n- control_line_ref: (int, line number in the text where the control was found)\nIf you cannot find a value, use null. Output a JSON array, one object per control. Do not include any explanation, markdown, or extra text.\nText:\nnspected signed \nagreements to verify whether SimpleLegal obtained \ncommitments from third parties to report unauthorized \ndisclosures of personal information. \nNo exceptions noted. \nP6.4.2 \nSimpleLegal takes remedial action in response to \nmisuse of personal information by a third party to whom \nSimpleLegal has transferred such information.  \nFor all incidents that occurred during the period, \ninspected the incident ticket to verify whether \nSimpleLegal took remedial action in response to misuse \nof personal information by a third party to whom \nSimpleLegal has transferred such information. \nNo exceptions noted. \nP6.4.3 \nSimpleLegal has procedures in place to evaluate \nwhether third parties have effective controls to meet the \nterms of privacy agreements, instructions, or \nrequirements. \nFor all existing high-risk vendors, inspected the \ncompleted security review documentation and collected \nreports to verify whether SimpleLegal had reviewed SOC \n2 reports, SOC 3 reports, ISO 27001 certifications, and/or \nresponses to information security questionnaires. \nPer inspection of the vendor list and inquiry of \nmanagement, noted there were no new vendors \nonboarded during the period. Therefore, further testing \nwas not applicable. \nNo exceptions noted. \nP6.5: The entity obtains commitments from vendors and other third parties with access to personal information to notify the entity in the event of actual or suspected \nunauthorized disclosures of personal information. Such notifications are reported to appropriate personnel and acted on in accordance with established incident \nresponse procedures to meet the entity’s objectives related to privacy. \nP6.5.1 \nSimpleLegal maintains a process for obtaining \ncommitments from vendors and other third parties to \nreport to SimpleLegal actual or suspected unauthorized \ndisclosures of personal information. \nFor all third-party sub-processors, inspected the signed \nagreements to verify whether they included commitments \nto inform SimpleLegal of actual or suspected \nunauthorized disclosures. \nNo exceptions noted. \nP6.5.2 \nSimpleLegal takes remedial action in response to \nmisuse of personal information by a third party to whom \nSimpleLegal has transferred such information. \nFor all third-party sub-processors, inspected the \ncontractual agreements to verify whether they included \ncommitments to inform SimpleLegal of actual or \nsuspected unauthorized disclosures.  \nFor all incidents that occurred during the period, \ninspected the incident ticket to verify whether \nSimpleLegal took remedial action in response to misuse \nof personal information by a third party to whom \nSimpleLegal has transferred such information. \nNo exceptions noted. \n=== PAGE 52 ===\n\n52 \nControl # \nControl Activity Specified by SimpleLegal \nBoulay’s Test of Controls \nTest Results \nP6.6: The entity provides notification of breaches and incidents to affected data subjects, regulators, and\n"}], 'model': 'gpt-3.5-turbo', 'temperature': 0.0, 'top_p': 0.0}}
2025-07-01 15:20:58,190 DEBUG Sending HTTP Request: POST https://api.openai.com/v1/chat/completions
2025-07-01 15:20:58,190 DEBUG send_request_headers.started request=<Request [b'POST']>
2025-07-01 15:20:58,191 DEBUG send_request_headers.complete
2025-07-01 15:20:58,191 DEBUG send_request_body.started request=<Request [b'POST']>
2025-07-01 15:20:58,191 DEBUG send_request_body.complete
2025-07-01 15:20:58,191 DEBUG receive_response_headers.started request=<Request [b'POST']>
2025-07-01 15:20:59,375 DEBUG receive_response_headers.complete return_value=(b'HTTP/1.1', 200, b'OK', [(b'Date', b'Tue, 01 Jul 2025 19:20:58 GMT'), (b'Content-Type', b'application/json'), (b'Transfer-Encoding', b'chunked'), (b'Connection', b'keep-alive'), (b'access-control-expose-headers', b'X-Request-ID'), (b'openai-organization', b'user-58hzvdaaovkznpa7grjzxtja'), (b'openai-processing-ms', b'6968'), (b'openai-version', b'2020-10-01'), (b'x-envoy-upstream-service-time', b'6978'), (b'x-ratelimit-limit-requests', b'5000'), (b'x-ratelimit-limit-tokens', b'4000000'), (b'x-ratelimit-remaining-requests', b'4999'), (b'x-ratelimit-remaining-tokens', b'3998942'), (b'x-ratelimit-reset-requests', b'12ms'), (b'x-ratelimit-reset-tokens', b'15ms'), (b'x-request-id', b'req_ef2368b9887ed2895425a01c0449f5b5'), (b'strict-transport-security', b'max-age=31536000; includeSubDomains; preload'), (b'cf-cache-status', b'DYNAMIC'), (b'X-Content-Type-Options', b'nosniff'), (b'Server', b'cloudflare'), (b'CF-RAY', b'958843598ba38f4d-ORD'), (b'Content-Encoding', b'gzip'), (b'alt-svc', b'h3=":443"; ma=86400')])
2025-07-01 15:20:59,375 INFO HTTP Request: POST https://api.openai.com/v1/chat/completions "HTTP/1.1 200 OK"
2025-07-01 15:20:59,376 DEBUG receive_response_body.started request=<Request [b'POST']>
2025-07-01 15:20:59,380 DEBUG receive_response_body.complete
2025-07-01 15:20:59,380 DEBUG response_closed.started
2025-07-01 15:20:59,380 DEBUG response_closed.complete
2025-07-01 15:20:59,380 DEBUG HTTP Response: POST https://api.openai.com/v1/chat/completions "200 OK" Headers({'date': 'Tue, 01 Jul 2025 19:20:58 GMT', 'content-type': 'application/json', 'transfer-encoding': 'chunked', 'connection': 'keep-alive', 'access-control-expose-headers': 'X-Request-ID', 'openai-organization': 'user-58hzvdaaovkznpa7grjzxtja', 'openai-processing-ms': '6968', 'openai-version': '2020-10-01', 'x-envoy-upstream-service-time': '6978', 'x-ratelimit-limit-requests': '5000', 'x-ratelimit-limit-tokens': '4000000', 'x-ratelimit-remaining-requests': '4999', 'x-ratelimit-remaining-tokens': '3998942', 'x-ratelimit-reset-requests': '12ms', 'x-ratelimit-reset-tokens': '15ms', 'x-request-id': 'req_ef2368b9887ed2895425a01c0449f5b5', 'strict-transport-security': 'max-age=31536000; includeSubDomains; preload', 'cf-cache-status': 'DYNAMIC', 'x-content-type-options': 'nosniff', 'server': 'cloudflare', 'cf-ray': '958843598ba38f4d-ORD', 'content-encoding': 'gzip', 'alt-svc': 'h3=":443"; ma=86400'})
2025-07-01 15:20:59,381 DEBUG request_id: req_ef2368b9887ed2895425a01c0449f5b5
2025-07-01 15:20:59,382 DEBUG Chunk 31 response: [
    {
        "control_id": "P4.3.1",
        "control_desc": "SimpleLegal captures requests for the deletion of personal information and identifies and flags the information for destruction to support the achievement of its objectives related to privacy.",
        "control_test": "Inspected the SimpleLegal Privacy Policy to verify whether it documented data subjects’ right to the erasure of personal information. Inspected procedure documentation for processing privacy requests to verify whether specific data and data locations were defined for processing deletion requests.",
        "control_test_results": "No exceptions noted.",
        "control_page_ref": 48,
        "control_line_ref": 16
    },
    {
        "control_id": "P4.3.2",
        "control_desc": "Personal information no longer retained is disposed of by SimpleLegal in a manner that prevents loss, theft, misuse, or unauthorized access.",
        "control_test": "Inspected the Records Retention and Information Disposal policies to verify whether they documented requirements pertaining to the secure disposal of personal information identified for destruction.",
        "control_test_results": "No exceptions noted.",
        "control_page_ref": 48,
        "control_line_ref": 38
    },
    {
        "control_id": "P4.3.3",
        "control_desc": "SimpleLegal maintains policies and procedures to erase or otherwise destroy personal information that has been identified for destruction.",
        "control_test": "Inspected the Records Retention and Information Disposal policies to verify whether they documented requirements pertaining to the secure disposal of personal information identified for destruction.",
        "control_test_results": "No exceptions noted.",
        "control_page_ref": null,
        "control_line_ref": 64
    },
    {
        "control_id": "P5.1.1",
        "control_desc": "SimpleLegal maintains a process to respond to data subject requests",
        "control_test": null,
        "control_test_results": null,
        "control_page_ref": null,
        "control_line_ref": null
    }
]
2025-07-01 15:20:59,382 INFO CHUNK 31 EXTRACTED 4 CONTROLS
2025-07-01 15:20:59,382 INFO PROCESSING CHUNK 37:
CHUNK TEXT (first 500 chars):
ments to verify whether they included commitments 
to inform SimpleLegal of actual or suspected 
unauthorized disclosures. 
No exceptions noted. 
P6.5.2 
SimpleLegal takes remedial action in response to 
misuse of personal information by a third party to whom 
SimpleLegal has transferred such information. 
For all third-party sub-processors, inspected the 
contractual agreements to verify whether they included 
commitments to inform SimpleLegal of actual or 
suspected unauthorized disclosures.  
2025-07-01 15:20:59,383 INFO CHUNK 37 PROMPT:
You are an expert at reading SOC reports. Given the following text, extract all controls tested. Controls may be listed under section headings (such as COSO or TSC sections), and control IDs may appear in many formats: e.g., 'CC9.1', 'CC 9.1', 'CC.9.1', '9.1', or as a section like 'CC9.0' with controls listed as 1, 2, 3, etc. Do your best to distinguish between section IDs and control IDs, and capture the most specific control ID for each control. For each control, extract the following fields as accurately as possible: 
- control_id: (string, the control's unique identifier as shown in the report, or null if not found)
- control_desc: (string, the description of the control—what the company is supposed to comply with)
- control_test: (string, what the auditor tested to determine design and operating effectiveness)
- control_test_results: (string, the results of the test, e.g., 'No exceptions noted', 'No deviations noted', or a description of any exceptions or findings)
- control_page_ref: (int, page number if available, else null)
- control_line_ref: (int, line number in the text where the control was found)
If you cannot find a value, use null. Output a JSON array, one object per control. Do not include any explanation, markdown, or extra text.
Text:
ments to verify whether they included commitments 
to inform SimpleLegal of actual or suspected 
unauthorized disclosures. 
No exceptions noted. 
P6.5.2 
SimpleLegal takes remedial action in response to 
misuse of personal information by a third party to whom 
SimpleLegal has transferred such information. 
For all third-party sub-processors, inspected the 
contractual agreements to verify whether they included 
commitments to inform SimpleLegal of actual or 
suspected unauthorized disclosures.  
For all incidents that occurred during the period, 
inspected the incident ticket to verify whether 
SimpleLegal took remedial action in response to misuse 
of personal information by a third party to whom 
SimpleLegal has transferred such information. 
No exceptions noted. 
=== PAGE 52 ===

52 
Control # 
Control Activity Specified by SimpleLegal 
Boulay’s Test of Controls 
Test Results 
P6.6: The entity provides notification of breaches and incidents to affected data subjects, regulators, and others to meet the entity’s objectives related to privacy. 
P6.6.1 
SimpleLegal maintains a process for determining 
whether notification of a privacy breach is required, 
including the method to be used, the timeline, and the 
identification of the recipients of such notifications.  
Inspected the SimpleLegal Privacy Policy and Breach 
Notification Policy to verify whether the Company 
maintained a process for determining whether privacy 
breach notifications were required. 
No exceptions noted. 
P6.6.2 
SimpleLegal maintains a process for providing notice of 
breaches and incidents to affected data subjects, 
regulators, and others to support the achievement of its 
objectives related to privacy.  
Inspected the SimpleLegal Privacy Policy and Breach 
Notification Policy to verify whether the Company 
maintained a process for providing breach notifications 
and incidents to affected parties. 
No exceptions noted. 
P6.7: The entity provides data subjects with an accounting of the personal information held and disclosure of the data subjects’ personal information, upon the data 
subjects’ request, to meet the entity’s objectives related to privacy. 
P6.7.1 
SimpleLegal identifies the types of personal information 
and the related processes, systems, and third parties 
involved in the handling of such information.  
For all third-party sub-processors, inspected the 
contractual agreements to verify whether commitments 
were obtained to notify SimpleLegal in the event of an 
actual or suspected unauthorized disclosure of personal 
information.  
Inspected the SimpleLegal Privacy Policy to verify 
whether it provided an objective description of the 
personal information that SimpleLegal has collected. 
No exceptions noted. 
P6.7.2 
Requests for an accounting of personal information held 
and disclosures of the data subjects’ personal 
information are captured by SimpleLegal, and 
information related to th

2025-07-01 15:20:59,385 DEBUG Request options: {'method': 'post', 'url': '/chat/completions', 'files': None, 'idempotency_key': 'stainless-python-retry-bee588f1-3bb3-44e9-9ef2-6eed2b71af96', 'json_data': {'messages': [{'role': 'user', 'content': "You are an expert at reading SOC reports. Given the following text, extract all controls tested. Controls may be listed under section headings (such as COSO or TSC sections), and control IDs may appear in many formats: e.g., 'CC9.1', 'CC 9.1', 'CC.9.1', '9.1', or as a section like 'CC9.0' with controls listed as 1, 2, 3, etc. Do your best to distinguish between section IDs and control IDs, and capture the most specific control ID for each control. For each control, extract the following fields as accurately as possible: \n- control_id: (string, the control's unique identifier as shown in the report, or null if not found)\n- control_desc: (string, the description of the control—what the company is supposed to comply with)\n- control_test: (string, what the auditor tested to determine design and operating effectiveness)\n- control_test_results: (string, the results of the test, e.g., 'No exceptions noted', 'No deviations noted', or a description of any exceptions or findings)\n- control_page_ref: (int, page number if available, else null)\n- control_line_ref: (int, line number in the text where the control was found)\nIf you cannot find a value, use null. Output a JSON array, one object per control. Do not include any explanation, markdown, or extra text.\nText:\nments to verify whether they included commitments \nto inform SimpleLegal of actual or suspected \nunauthorized disclosures. \nNo exceptions noted. \nP6.5.2 \nSimpleLegal takes remedial action in response to \nmisuse of personal information by a third party to whom \nSimpleLegal has transferred such information. \nFor all third-party sub-processors, inspected the \ncontractual agreements to verify whether they included \ncommitments to inform SimpleLegal of actual or \nsuspected unauthorized disclosures.  \nFor all incidents that occurred during the period, \ninspected the incident ticket to verify whether \nSimpleLegal took remedial action in response to misuse \nof personal information by a third party to whom \nSimpleLegal has transferred such information. \nNo exceptions noted. \n=== PAGE 52 ===\n\n52 \nControl # \nControl Activity Specified by SimpleLegal \nBoulay’s Test of Controls \nTest Results \nP6.6: The entity provides notification of breaches and incidents to affected data subjects, regulators, and others to meet the entity’s objectives related to privacy. \nP6.6.1 \nSimpleLegal maintains a process for determining \nwhether notification of a privacy breach is required, \nincluding the method to be used, the timeline, and the \nidentification of the recipients of such notifications.  \nInspected the SimpleLegal Privacy Policy and Breach \nNotification Policy to verify whether the Company \nmaintained a process for determining whether privacy \nbreach notifications were required. \nNo exceptions noted. \nP6.6.2 \nSimpleLegal maintains a process for providing notice of \nbreaches and incidents to affected data subjects, \nregulators, and others to support the achievement of its \nobjectives related to privacy.  \nInspected the SimpleLegal Privacy Policy and Breach \nNotification Policy to verify whether the Company \nmaintained a process for providing breach notifications \nand incidents to affected parties. \nNo exceptions noted. \nP6.7: The entity provides data subjects with an accounting of the personal information held and disclosure of the data subjects’ personal information, upon the data \nsubjects’ request, to meet the entity’s objectives related to privacy. \nP6.7.1 \nSimpleLegal identifies the types of personal information \nand the related processes, systems, and third parties \ninvolved in the handling of such information.  \nFor all third-party sub-processors, inspected the \ncontractual agreements to verify whether commitments \nwere obtained to notify SimpleLegal in the event of an \nactual or suspected unauthorized disclosure of personal \ninformation.  \nInspected the SimpleLegal Privacy Policy to verify \nwhether it provided an objective description of the \npersonal information that SimpleLegal has collected. \nNo exceptions noted. \nP6.7.2 \nRequests for an accounting of personal information held \nand disclosures of the data subjects’ personal \ninformation are captured by SimpleLegal, and \ninformation related to th\n"}], 'model': 'gpt-3.5-turbo', 'temperature': 0.0, 'top_p': 0.0}}
2025-07-01 15:20:59,386 DEBUG Sending HTTP Request: POST https://api.openai.com/v1/chat/completions
2025-07-01 15:20:59,386 DEBUG send_request_headers.started request=<Request [b'POST']>
2025-07-01 15:20:59,386 DEBUG send_request_headers.complete
2025-07-01 15:20:59,386 DEBUG send_request_body.started request=<Request [b'POST']>
2025-07-01 15:20:59,387 DEBUG send_request_body.complete
2025-07-01 15:20:59,387 DEBUG receive_response_headers.started request=<Request [b'POST']>
2025-07-01 15:21:00,676 DEBUG receive_response_headers.complete return_value=(b'HTTP/1.1', 200, b'OK', [(b'Date', b'Tue, 01 Jul 2025 19:20:59 GMT'), (b'Content-Type', b'application/json'), (b'Transfer-Encoding', b'chunked'), (b'Connection', b'keep-alive'), (b'access-control-expose-headers', b'X-Request-ID'), (b'openai-organization', b'user-58hzvdaaovkznpa7grjzxtja'), (b'openai-processing-ms', b'4293'), (b'openai-version', b'2020-10-01'), (b'x-envoy-upstream-service-time', b'4301'), (b'x-ratelimit-limit-requests', b'5000'), (b'x-ratelimit-limit-tokens', b'4000000'), (b'x-ratelimit-remaining-requests', b'4999'), (b'x-ratelimit-remaining-tokens', b'3998941'), (b'x-ratelimit-reset-requests', b'12ms'), (b'x-ratelimit-reset-tokens', b'15ms'), (b'x-request-id', b'req_5fac0f03ecf255f9b236604000b2c4c8'), (b'strict-transport-security', b'max-age=31536000; includeSubDomains; preload'), (b'cf-cache-status', b'DYNAMIC'), (b'X-Content-Type-Options', b'nosniff'), (b'Server', b'cloudflare'), (b'CF-RAY', b'958843722a0d10a1-ORD'), (b'Content-Encoding', b'gzip'), (b'alt-svc', b'h3=":443"; ma=86400')])
2025-07-01 15:21:00,676 INFO HTTP Request: POST https://api.openai.com/v1/chat/completions "HTTP/1.1 200 OK"
2025-07-01 15:21:00,677 DEBUG receive_response_body.started request=<Request [b'POST']>
2025-07-01 15:21:00,686 DEBUG receive_response_body.complete
2025-07-01 15:21:00,686 DEBUG response_closed.started
2025-07-01 15:21:00,686 DEBUG response_closed.complete
2025-07-01 15:21:00,686 DEBUG HTTP Response: POST https://api.openai.com/v1/chat/completions "200 OK" Headers({'date': 'Tue, 01 Jul 2025 19:20:59 GMT', 'content-type': 'application/json', 'transfer-encoding': 'chunked', 'connection': 'keep-alive', 'access-control-expose-headers': 'X-Request-ID', 'openai-organization': 'user-58hzvdaaovkznpa7grjzxtja', 'openai-processing-ms': '4293', 'openai-version': '2020-10-01', 'x-envoy-upstream-service-time': '4301', 'x-ratelimit-limit-requests': '5000', 'x-ratelimit-limit-tokens': '4000000', 'x-ratelimit-remaining-requests': '4999', 'x-ratelimit-remaining-tokens': '3998941', 'x-ratelimit-reset-requests': '12ms', 'x-ratelimit-reset-tokens': '15ms', 'x-request-id': 'req_5fac0f03ecf255f9b236604000b2c4c8', 'strict-transport-security': 'max-age=31536000; includeSubDomains; preload', 'cf-cache-status': 'DYNAMIC', 'x-content-type-options': 'nosniff', 'server': 'cloudflare', 'cf-ray': '958843722a0d10a1-ORD', 'content-encoding': 'gzip', 'alt-svc': 'h3=":443"; ma=86400'})
2025-07-01 15:21:00,686 DEBUG request_id: req_5fac0f03ecf255f9b236604000b2c4c8
2025-07-01 15:21:00,688 DEBUG Chunk 35 response: [
    {
        "control_id": "P6.2.1",
        "control_desc": "SimpleLegal creates and maintains a record of authorized disclosures of personal information that is complete, accurate, and timely.",
        "control_test": "Inspected the SimpleLegal Privacy Policy to verify whether data subjects were informed about how SimpleLegal shares their information. Inspected the sub-processor inventory to verify whether it defined a list of approved vendors with whom personal information is shared.",
        "control_test_results": "No exceptions noted.",
        "control_page_ref": null,
        "control_line_ref": null
    },
    {
        "control_id": "P6.3.1",
        "control_desc": "SimpleLegal creates and maintains a record of detected or reported unauthorized disclosures of personal information that is complete, accurate, and timely.",
        "control_test": "For all incidents that occurred during the period, inspected the incident ticket to verify whether SimpleLegal created and maintained a record of detected or reported unauthorized disclosures of personal information that is complete, accurate, and timely.",
        "control_test_results": "No exceptions noted.",
        "control_page_ref": null,
        "control_line_ref": null
    },
    {
        "control_id": "P6.4.1",
        "control_desc": "SimpleLegal maintains a process for obtaining commitments from vendors and other third parties to report to SimpleLegal actual or suspected unauthorized disclosures of personal information.",
        "control_test": "For all third-party sub-processors, inspected signed agreements to verify whether SimpleLegal obtained commitments from third parties to report unauthorized disclosures of personal information.",
        "control_test_results": "No exceptions noted.",
        "control_page_ref": 51,
        "control_line_ref": null
    },
    {
        "control_id": "P6.4.2",
        "control_desc": "SimpleLegal takes remedial action in response to misuse of personal information by a third party to whom SimpleLegal has transferred such information.",
        "control_test": "For all incidents that occurred during the period, inspected the incident ticket to verify whether SimpleLegal took remedial action in response to misuse of personal information by a third party to whom SimpleLegal has transferred such information.",
        "control_test_results": "No exceptions noted.",
        "control_page_ref": 51,
        "control_line_ref": null
    },
    {
        "control_id": "P6.4.3",
        "control_desc": "SimpleLegal has procedures in place to evaluate whether third parties have effective controls to meet the terms of privacy agreements, instructions, or requirements.",
        "control_test": "For all existing high-risk vendors, inspected the completed security review documentation and collected reports to verify whether SimpleLegal had reviewed SOC 2 reports, SOC 3 reports, ISO 27001 ce",
        "control_test_results": null,
        "control_page_ref": null,
        "control_line_ref": null
    }
]
2025-07-01 15:21:00,688 INFO CHUNK 35 EXTRACTED 5 CONTROLS
2025-07-01 15:21:00,688 INFO PROCESSING CHUNK 38:
CHUNK TEXT (first 500 chars):
 The entity provides data subjects with an accounting of the personal information held and disclosure of the data subjects’ personal information, upon the data 
subjects’ request, to meet the entity’s objectives related to privacy. 
P6.7.1 
SimpleLegal identifies the types of personal information 
and the related processes, systems, and third parties 
involved in the handling of such information.  
For all third-party sub-processors, inspected the 
contractual agreements to verify whether commit
2025-07-01 15:21:00,688 INFO CHUNK 38 PROMPT:
You are an expert at reading SOC reports. Given the following text, extract all controls tested. Controls may be listed under section headings (such as COSO or TSC sections), and control IDs may appear in many formats: e.g., 'CC9.1', 'CC 9.1', 'CC.9.1', '9.1', or as a section like 'CC9.0' with controls listed as 1, 2, 3, etc. Do your best to distinguish between section IDs and control IDs, and capture the most specific control ID for each control. For each control, extract the following fields as accurately as possible: 
- control_id: (string, the control's unique identifier as shown in the report, or null if not found)
- control_desc: (string, the description of the control—what the company is supposed to comply with)
- control_test: (string, what the auditor tested to determine design and operating effectiveness)
- control_test_results: (string, the results of the test, e.g., 'No exceptions noted', 'No deviations noted', or a description of any exceptions or findings)
- control_page_ref: (int, page number if available, else null)
- control_line_ref: (int, line number in the text where the control was found)
If you cannot find a value, use null. Output a JSON array, one object per control. Do not include any explanation, markdown, or extra text.
Text:
 The entity provides data subjects with an accounting of the personal information held and disclosure of the data subjects’ personal information, upon the data 
subjects’ request, to meet the entity’s objectives related to privacy. 
P6.7.1 
SimpleLegal identifies the types of personal information 
and the related processes, systems, and third parties 
involved in the handling of such information.  
For all third-party sub-processors, inspected the 
contractual agreements to verify whether commitments 
were obtained to notify SimpleLegal in the event of an 
actual or suspected unauthorized disclosure of personal 
information.  
Inspected the SimpleLegal Privacy Policy to verify 
whether it provided an objective description of the 
personal information that SimpleLegal has collected. 
No exceptions noted. 
P6.7.2 
Requests for an accounting of personal information held 
and disclosures of the data subjects’ personal 
information are captured by SimpleLegal, and 
information related to the requests is identified and 
communicated to data subjects to support the 
achievement of SimpleLegal’s privacy objectives.  
Inspected procedure documentation for processing 
privacy requests to verify whether specific data and data 
locations were defined for processing data subject 
requests. 
Per inspection of the Legal Services Request dashboard, 
noted there were no data subject requests during the 
period. Therefore, further testing was not applicable. 
No exceptions noted. 
=== PAGE 53 ===

53 
Control # 
Control Activity Specified by SimpleLegal 
Boulay’s Test of Controls 
Test Results 
Privacy Criteria Related to Quality 
P7.1: The entity collects and maintains accurate, up-to-date, complete, and relevant personal information to meet the entity’s objectives related to privacy. 
P7.1.1 
SimpleLegal ensures that personal information is 
accurate and complete for the purposes for which it is to 
be used. 
Inspected the SimpleLegal Privacy Policy to verify 
whether it defined limitations on the use and retention of 
personal information. 
Inspected the organizational chart and inquired of the 
General Counsel to verify whether a legal and 
compliance team is in place to evaluate the methods by 
which personal information is collected. 
No exceptions noted. 
P7.1.2 
SimpleLegal ensures that personal information is 
relevant to the purposes for which it is to be used.  
Inspected the SimpleLegal Privacy Policy to verify 
whether it defined limitations on the use and retention of 
personal information. 
Inspected the organizational chart and inquired of the 
General Counsel to verify whether a legal and 
compliance team is in place to evaluate the methods by 
which personal information is collected. 
No exceptions noted. 
Privacy Criteria Related to Monitoring and Enforcement 
P8.1: The entity implements a process for receiving, addressing, resolving, and communicating the resolution of inquiries, 

2025-07-01 15:21:00,691 DEBUG Request options: {'method': 'post', 'url': '/chat/completions', 'files': None, 'idempotency_key': 'stainless-python-retry-849e7693-12b9-48a1-b290-811e4d6849e8', 'json_data': {'messages': [{'role': 'user', 'content': "You are an expert at reading SOC reports. Given the following text, extract all controls tested. Controls may be listed under section headings (such as COSO or TSC sections), and control IDs may appear in many formats: e.g., 'CC9.1', 'CC 9.1', 'CC.9.1', '9.1', or as a section like 'CC9.0' with controls listed as 1, 2, 3, etc. Do your best to distinguish between section IDs and control IDs, and capture the most specific control ID for each control. For each control, extract the following fields as accurately as possible: \n- control_id: (string, the control's unique identifier as shown in the report, or null if not found)\n- control_desc: (string, the description of the control—what the company is supposed to comply with)\n- control_test: (string, what the auditor tested to determine design and operating effectiveness)\n- control_test_results: (string, the results of the test, e.g., 'No exceptions noted', 'No deviations noted', or a description of any exceptions or findings)\n- control_page_ref: (int, page number if available, else null)\n- control_line_ref: (int, line number in the text where the control was found)\nIf you cannot find a value, use null. Output a JSON array, one object per control. Do not include any explanation, markdown, or extra text.\nText:\n The entity provides data subjects with an accounting of the personal information held and disclosure of the data subjects’ personal information, upon the data \nsubjects’ request, to meet the entity’s objectives related to privacy. \nP6.7.1 \nSimpleLegal identifies the types of personal information \nand the related processes, systems, and third parties \ninvolved in the handling of such information.  \nFor all third-party sub-processors, inspected the \ncontractual agreements to verify whether commitments \nwere obtained to notify SimpleLegal in the event of an \nactual or suspected unauthorized disclosure of personal \ninformation.  \nInspected the SimpleLegal Privacy Policy to verify \nwhether it provided an objective description of the \npersonal information that SimpleLegal has collected. \nNo exceptions noted. \nP6.7.2 \nRequests for an accounting of personal information held \nand disclosures of the data subjects’ personal \ninformation are captured by SimpleLegal, and \ninformation related to the requests is identified and \ncommunicated to data subjects to support the \nachievement of SimpleLegal’s privacy objectives.  \nInspected procedure documentation for processing \nprivacy requests to verify whether specific data and data \nlocations were defined for processing data subject \nrequests. \nPer inspection of the Legal Services Request dashboard, \nnoted there were no data subject requests during the \nperiod. Therefore, further testing was not applicable. \nNo exceptions noted. \n=== PAGE 53 ===\n\n53 \nControl # \nControl Activity Specified by SimpleLegal \nBoulay’s Test of Controls \nTest Results \nPrivacy Criteria Related to Quality \nP7.1: The entity collects and maintains accurate, up-to-date, complete, and relevant personal information to meet the entity’s objectives related to privacy. \nP7.1.1 \nSimpleLegal ensures that personal information is \naccurate and complete for the purposes for which it is to \nbe used. \nInspected the SimpleLegal Privacy Policy to verify \nwhether it defined limitations on the use and retention of \npersonal information. \nInspected the organizational chart and inquired of the \nGeneral Counsel to verify whether a legal and \ncompliance team is in place to evaluate the methods by \nwhich personal information is collected. \nNo exceptions noted. \nP7.1.2 \nSimpleLegal ensures that personal information is \nrelevant to the purposes for which it is to be used.  \nInspected the SimpleLegal Privacy Policy to verify \nwhether it defined limitations on the use and retention of \npersonal information. \nInspected the organizational chart and inquired of the \nGeneral Counsel to verify whether a legal and \ncompliance team is in place to evaluate the methods by \nwhich personal information is collected. \nNo exceptions noted. \nPrivacy Criteria Related to Monitoring and Enforcement \nP8.1: The entity implements a process for receiving, addressing, resolving, and communicating the resolution of inquiries, \n"}], 'model': 'gpt-3.5-turbo', 'temperature': 0.0, 'top_p': 0.0}}
2025-07-01 15:21:00,692 DEBUG Sending HTTP Request: POST https://api.openai.com/v1/chat/completions
2025-07-01 15:21:00,692 DEBUG send_request_headers.started request=<Request [b'POST']>
2025-07-01 15:21:00,692 DEBUG send_request_headers.complete
2025-07-01 15:21:00,692 DEBUG send_request_body.started request=<Request [b'POST']>
2025-07-01 15:21:00,693 DEBUG send_request_body.complete
2025-07-01 15:21:00,693 DEBUG receive_response_headers.started request=<Request [b'POST']>
2025-07-01 15:21:01,807 DEBUG receive_response_headers.complete return_value=(b'HTTP/1.1', 200, b'OK', [(b'Date', b'Tue, 01 Jul 2025 19:21:00 GMT'), (b'Content-Type', b'application/json'), (b'Transfer-Encoding', b'chunked'), (b'Connection', b'keep-alive'), (b'access-control-expose-headers', b'X-Request-ID'), (b'openai-organization', b'user-58hzvdaaovkznpa7grjzxtja'), (b'openai-processing-ms', b'6399'), (b'openai-version', b'2020-10-01'), (b'x-envoy-upstream-service-time', b'6409'), (b'x-ratelimit-limit-requests', b'5000'), (b'x-ratelimit-limit-tokens', b'4000000'), (b'x-ratelimit-remaining-requests', b'4999'), (b'x-ratelimit-remaining-tokens', b'3998942'), (b'x-ratelimit-reset-requests', b'12ms'), (b'x-ratelimit-reset-tokens', b'15ms'), (b'x-request-id', b'req_390487ae5be4653a266c19b43610a15d'), (b'strict-transport-security', b'max-age=31536000; includeSubDomains; preload'), (b'cf-cache-status', b'DYNAMIC'), (b'X-Content-Type-Options', b'nosniff'), (b'Server', b'cloudflare'), (b'CF-RAY', b'9588436bbba48f4b-ORD'), (b'Content-Encoding', b'gzip'), (b'alt-svc', b'h3=":443"; ma=86400')])
2025-07-01 15:21:01,807 INFO HTTP Request: POST https://api.openai.com/v1/chat/completions "HTTP/1.1 200 OK"
2025-07-01 15:21:01,808 DEBUG receive_response_body.started request=<Request [b'POST']>
2025-07-01 15:21:01,817 DEBUG receive_response_body.complete
2025-07-01 15:21:01,817 DEBUG response_closed.started
2025-07-01 15:21:01,817 DEBUG response_closed.complete
2025-07-01 15:21:01,817 DEBUG HTTP Response: POST https://api.openai.com/v1/chat/completions "200 OK" Headers({'date': 'Tue, 01 Jul 2025 19:21:00 GMT', 'content-type': 'application/json', 'transfer-encoding': 'chunked', 'connection': 'keep-alive', 'access-control-expose-headers': 'X-Request-ID', 'openai-organization': 'user-58hzvdaaovkznpa7grjzxtja', 'openai-processing-ms': '6399', 'openai-version': '2020-10-01', 'x-envoy-upstream-service-time': '6409', 'x-ratelimit-limit-requests': '5000', 'x-ratelimit-limit-tokens': '4000000', 'x-ratelimit-remaining-requests': '4999', 'x-ratelimit-remaining-tokens': '3998942', 'x-ratelimit-reset-requests': '12ms', 'x-ratelimit-reset-tokens': '15ms', 'x-request-id': 'req_390487ae5be4653a266c19b43610a15d', 'strict-transport-security': 'max-age=31536000; includeSubDomains; preload', 'cf-cache-status': 'DYNAMIC', 'x-content-type-options': 'nosniff', 'server': 'cloudflare', 'cf-ray': '9588436bbba48f4b-ORD', 'content-encoding': 'gzip', 'alt-svc': 'h3=":443"; ma=86400'})
2025-07-01 15:21:01,817 DEBUG request_id: req_390487ae5be4653a266c19b43610a15d
2025-07-01 15:21:01,819 DEBUG Chunk 34 response: [
    {
        "control_id": "P6.1",
        "control_desc": "The entity discloses personal information to third parties with the explicit consent of data subjects, and such consent is obtained prior to disclosure to meet the entity’s objectives related to privacy.",
        "control_test": "Inspected the SimpleLegal Terms of Service to verify whether terms for third party disclosure of personal information were defined.",
        "control_test_results": "No exceptions noted.",
        "control_page_ref": 50,
        "control_line_ref": 50
    },
    {
        "control_id": "P6.1.1",
        "control_desc": "SimpleLegal discloses personal information only to clients and third parties who have agreements in place to protect personal information in a manner consistent with the relevant aspects of SimpleLegal’s privacy policy.",
        "control_test": "Inspected the SimpleLegal Terms of Service to verify whether terms for third party disclosure of personal information were defined. For all third-party sub-processors that have access to personal information, inspected contractual agreements to verify whether they limited the disclosure of personal information with third parties.",
        "control_test_results": "No exceptions noted.",
        "control_page_ref": 50,
        "control_line_ref": 50
    },
    {
        "control_id": "P6.1.2",
        "control_desc": "SimpleLegal discloses personal information to clients and third parties only for the purposes for which it was collected unless a law or regulation specifically requires otherwise.",
        "control_test": "Inspected the SimpleLegal Privacy Policy to verify whether it defined limitations on the use and retention of personal information. Inspected the organizational chart and inquired of the General Counsel to verify whether a legal and compliance team is in place to evaluate the methods by which personal information is collected.",
        "control_test_results": "No exceptions noted.",
        "control_page_ref": 50,
        "control_line_ref": 50
    },
    {
        "control_id": "P6.2",
        "control_desc": "The entity creates and retains a complete, accurate, and timely record of authorized disclosures of personal information to meet the entity’s objectives related to privacy.",
        "control_test": "Inspected the SimpleLegal Privacy Policy to verify whether data subjects were informed about how SimpleLegal shares their information. Inspected the sub-processor inventory to verify whether it defined a list of approved vendors with whom personal information is shared.",
        "control_test_results": "No exceptions noted.",
        "control_page_ref": 50,
        "control_line_ref": 50
    },
    {
        "control_id": "P6.3",
        "control_desc": "The entity creates and retains a complete, accurate, and timely record of detected or reported unauthorized disclosures (including breaches) of personal information to meet the entity’s objectives related to privacy.",
        "control_test": "null",
        "control_test_results": "null",
        "control_page_ref": null,
        "control_line_ref": null
    },
    {
        "control_id": "P6.3.1",
        "control_desc": "SimpleLegal creates and maintains a record of detected or reported unauthorized disclosures of personal information that is complete, accurate, and timely.",
        "control_test": "null",
        "control_test_results": "null",
        "control_page_ref": null,
        "control_line_ref": null
    }
]
2025-07-01 15:21:01,819 INFO CHUNK 34 EXTRACTED 6 CONTROLS
2025-07-01 15:21:01,819 INFO PROCESSING CHUNK 39:
CHUNK TEXT (first 500 chars):
d the SimpleLegal Privacy Policy to verify 
whether it defined limitations on the use and retention of 
personal information. 
Inspected the organizational chart and inquired of the 
General Counsel to verify whether a legal and 
compliance team is in place to evaluate the methods by 
which personal information is collected. 
No exceptions noted. 
P7.1.2 
SimpleLegal ensures that personal information is 
relevant to the purposes for which it is to be used.  
Inspected the SimpleLegal Privacy Pol
2025-07-01 15:21:01,820 INFO CHUNK 39 PROMPT:
You are an expert at reading SOC reports. Given the following text, extract all controls tested. Controls may be listed under section headings (such as COSO or TSC sections), and control IDs may appear in many formats: e.g., 'CC9.1', 'CC 9.1', 'CC.9.1', '9.1', or as a section like 'CC9.0' with controls listed as 1, 2, 3, etc. Do your best to distinguish between section IDs and control IDs, and capture the most specific control ID for each control. For each control, extract the following fields as accurately as possible: 
- control_id: (string, the control's unique identifier as shown in the report, or null if not found)
- control_desc: (string, the description of the control—what the company is supposed to comply with)
- control_test: (string, what the auditor tested to determine design and operating effectiveness)
- control_test_results: (string, the results of the test, e.g., 'No exceptions noted', 'No deviations noted', or a description of any exceptions or findings)
- control_page_ref: (int, page number if available, else null)
- control_line_ref: (int, line number in the text where the control was found)
If you cannot find a value, use null. Output a JSON array, one object per control. Do not include any explanation, markdown, or extra text.
Text:
d the SimpleLegal Privacy Policy to verify 
whether it defined limitations on the use and retention of 
personal information. 
Inspected the organizational chart and inquired of the 
General Counsel to verify whether a legal and 
compliance team is in place to evaluate the methods by 
which personal information is collected. 
No exceptions noted. 
P7.1.2 
SimpleLegal ensures that personal information is 
relevant to the purposes for which it is to be used.  
Inspected the SimpleLegal Privacy Policy to verify 
whether it defined limitations on the use and retention of 
personal information. 
Inspected the organizational chart and inquired of the 
General Counsel to verify whether a legal and 
compliance team is in place to evaluate the methods by 
which personal information is collected. 
No exceptions noted. 
Privacy Criteria Related to Monitoring and Enforcement 
P8.1: The entity implements a process for receiving, addressing, resolving, and communicating the resolution of inquiries, complaints, and disputes from data 
subjects and others and periodically monitors compliance to meet the entity’s objectives related to privacy. Corrections and other necessary actions related to 
identified deficiencies are made or taken in a timely manner. 
P8.1.1 
SimpleLegal informs data subjects about how to contact 
them with inquiries, complaints, and disputes.  
Inspected the SimpleLegal website to verify whether 
contact information was available for general inquiries, 
customer support, partnerships, and public relations. 
Inspected a test submission to the SimpleLegal support 
channel to verify whether it was actively monitored and 
managed by the support team.  
No exceptions noted. 
P8.1.2 
SimpleLegal maintains a process to address inquiries, 
complaints, and disputes. 
Inspected procedure documentation for processing 
privacy requests to verify whether SimpleLegal had a 
process in place to address inquiries, complaints, and 
disputes. 
No exceptions noted. 
=== PAGE 54 ===

54 
Control # 
Control Activity Specified by SimpleLegal 
Boulay’s Test of Controls 
Test Results 
P8.1.3 
SimpleLegal addresses each complaint, and the 
resolution is documented and communicated to the 
individual.  
Inspected procedure documentation for processing 
privacy requests to verify whether specific data and data 
locations were defined for processing data subject 
requests. 
Per inspection of the Legal Services Request dashboard, 
noted there were no data subject requests during the 
period. Therefore, further testing was not applicable. 
No exceptions noted. 
=== PAGE 55 ===



2025-07-01 15:21:01,821 DEBUG Request options: {'method': 'post', 'url': '/chat/completions', 'files': None, 'idempotency_key': 'stainless-python-retry-e4915f03-0171-4b58-824e-bf298692c5b6', 'json_data': {'messages': [{'role': 'user', 'content': "You are an expert at reading SOC reports. Given the following text, extract all controls tested. Controls may be listed under section headings (such as COSO or TSC sections), and control IDs may appear in many formats: e.g., 'CC9.1', 'CC 9.1', 'CC.9.1', '9.1', or as a section like 'CC9.0' with controls listed as 1, 2, 3, etc. Do your best to distinguish between section IDs and control IDs, and capture the most specific control ID for each control. For each control, extract the following fields as accurately as possible: \n- control_id: (string, the control's unique identifier as shown in the report, or null if not found)\n- control_desc: (string, the description of the control—what the company is supposed to comply with)\n- control_test: (string, what the auditor tested to determine design and operating effectiveness)\n- control_test_results: (string, the results of the test, e.g., 'No exceptions noted', 'No deviations noted', or a description of any exceptions or findings)\n- control_page_ref: (int, page number if available, else null)\n- control_line_ref: (int, line number in the text where the control was found)\nIf you cannot find a value, use null. Output a JSON array, one object per control. Do not include any explanation, markdown, or extra text.\nText:\nd the SimpleLegal Privacy Policy to verify \nwhether it defined limitations on the use and retention of \npersonal information. \nInspected the organizational chart and inquired of the \nGeneral Counsel to verify whether a legal and \ncompliance team is in place to evaluate the methods by \nwhich personal information is collected. \nNo exceptions noted. \nP7.1.2 \nSimpleLegal ensures that personal information is \nrelevant to the purposes for which it is to be used.  \nInspected the SimpleLegal Privacy Policy to verify \nwhether it defined limitations on the use and retention of \npersonal information. \nInspected the organizational chart and inquired of the \nGeneral Counsel to verify whether a legal and \ncompliance team is in place to evaluate the methods by \nwhich personal information is collected. \nNo exceptions noted. \nPrivacy Criteria Related to Monitoring and Enforcement \nP8.1: The entity implements a process for receiving, addressing, resolving, and communicating the resolution of inquiries, complaints, and disputes from data \nsubjects and others and periodically monitors compliance to meet the entity’s objectives related to privacy. Corrections and other necessary actions related to \nidentified deficiencies are made or taken in a timely manner. \nP8.1.1 \nSimpleLegal informs data subjects about how to contact \nthem with inquiries, complaints, and disputes.  \nInspected the SimpleLegal website to verify whether \ncontact information was available for general inquiries, \ncustomer support, partnerships, and public relations. \nInspected a test submission to the SimpleLegal support \nchannel to verify whether it was actively monitored and \nmanaged by the support team.  \nNo exceptions noted. \nP8.1.2 \nSimpleLegal maintains a process to address inquiries, \ncomplaints, and disputes. \nInspected procedure documentation for processing \nprivacy requests to verify whether SimpleLegal had a \nprocess in place to address inquiries, complaints, and \ndisputes. \nNo exceptions noted. \n=== PAGE 54 ===\n\n54 \nControl # \nControl Activity Specified by SimpleLegal \nBoulay’s Test of Controls \nTest Results \nP8.1.3 \nSimpleLegal addresses each complaint, and the \nresolution is documented and communicated to the \nindividual.  \nInspected procedure documentation for processing \nprivacy requests to verify whether specific data and data \nlocations were defined for processing data subject \nrequests. \nPer inspection of the Legal Services Request dashboard, \nnoted there were no data subject requests during the \nperiod. Therefore, further testing was not applicable. \nNo exceptions noted. \n=== PAGE 55 ===\n\n\n"}], 'model': 'gpt-3.5-turbo', 'temperature': 0.0, 'top_p': 0.0}}
2025-07-01 15:21:01,822 DEBUG Sending HTTP Request: POST https://api.openai.com/v1/chat/completions
2025-07-01 15:21:01,823 DEBUG send_request_headers.started request=<Request [b'POST']>
2025-07-01 15:21:01,823 DEBUG send_request_headers.complete
2025-07-01 15:21:01,823 DEBUG send_request_body.started request=<Request [b'POST']>
2025-07-01 15:21:01,823 DEBUG send_request_body.complete
2025-07-01 15:21:01,823 DEBUG receive_response_headers.started request=<Request [b'POST']>
2025-07-01 15:21:02,116 DEBUG receive_response_headers.complete return_value=(b'HTTP/1.1', 200, b'OK', [(b'Date', b'Tue, 01 Jul 2025 19:21:01 GMT'), (b'Content-Type', b'application/json'), (b'Transfer-Encoding', b'chunked'), (b'Connection', b'keep-alive'), (b'access-control-expose-headers', b'X-Request-ID'), (b'openai-organization', b'user-58hzvdaaovkznpa7grjzxtja'), (b'openai-processing-ms', b'9681'), (b'openai-version', b'2020-10-01'), (b'x-envoy-upstream-service-time', b'9688'), (b'x-ratelimit-limit-requests', b'5000'), (b'x-ratelimit-limit-tokens', b'4000000'), (b'x-ratelimit-remaining-requests', b'4999'), (b'x-ratelimit-remaining-tokens', b'3998943'), (b'x-ratelimit-reset-requests', b'12ms'), (b'x-ratelimit-reset-tokens', b'15ms'), (b'x-request-id', b'req_7cd4ea1bfe6f34c742e164faa09f7f50'), (b'strict-transport-security', b'max-age=31536000; includeSubDomains; preload'), (b'cf-cache-status', b'DYNAMIC'), (b'X-Content-Type-Options', b'nosniff'), (b'Server', b'cloudflare'), (b'CF-RAY', b'95884359bff7111e-ORD'), (b'Content-Encoding', b'gzip'), (b'alt-svc', b'h3=":443"; ma=86400')])
2025-07-01 15:21:02,117 INFO HTTP Request: POST https://api.openai.com/v1/chat/completions "HTTP/1.1 200 OK"
2025-07-01 15:21:02,117 DEBUG receive_response_body.started request=<Request [b'POST']>
2025-07-01 15:21:02,117 DEBUG receive_response_body.complete
2025-07-01 15:21:02,117 DEBUG response_closed.started
2025-07-01 15:21:02,117 DEBUG response_closed.complete
2025-07-01 15:21:02,117 DEBUG HTTP Response: POST https://api.openai.com/v1/chat/completions "200 OK" Headers({'date': 'Tue, 01 Jul 2025 19:21:01 GMT', 'content-type': 'application/json', 'transfer-encoding': 'chunked', 'connection': 'keep-alive', 'access-control-expose-headers': 'X-Request-ID', 'openai-organization': 'user-58hzvdaaovkznpa7grjzxtja', 'openai-processing-ms': '9681', 'openai-version': '2020-10-01', 'x-envoy-upstream-service-time': '9688', 'x-ratelimit-limit-requests': '5000', 'x-ratelimit-limit-tokens': '4000000', 'x-ratelimit-remaining-requests': '4999', 'x-ratelimit-remaining-tokens': '3998943', 'x-ratelimit-reset-requests': '12ms', 'x-ratelimit-reset-tokens': '15ms', 'x-request-id': 'req_7cd4ea1bfe6f34c742e164faa09f7f50', 'strict-transport-security': 'max-age=31536000; includeSubDomains; preload', 'cf-cache-status': 'DYNAMIC', 'x-content-type-options': 'nosniff', 'server': 'cloudflare', 'cf-ray': '95884359bff7111e-ORD', 'content-encoding': 'gzip', 'alt-svc': 'h3=":443"; ma=86400'})
2025-07-01 15:21:02,117 DEBUG request_id: req_7cd4ea1bfe6f34c742e164faa09f7f50
2025-07-01 15:21:02,118 DEBUG Chunk 32 response: [
    {
        "control_id": "P4.3.3",
        "control_desc": "SimpleLegal maintains policies and procedures to erase or otherwise destroy personal information that has been identified for destruction.",
        "control_test": "Inspected the Records Retention and Information Disposal policies to verify whether they documented requirements pertaining to the secure disposal of personal information identified for destruction.",
        "control_test_results": "No exceptions noted.",
        "control_page_ref": null,
        "control_line_ref": 5
    },
    {
        "control_id": "P5.1.1",
        "control_desc": "SimpleLegal maintains a process to respond to data subject requests received from data controllers in accordance with privacy objectives. This process includes authentication of the request and responding within a reasonable time.",
        "control_test": "Inspected the Privacy Policy to verify whether it included contact information for data subject requests. Inspected procedure documentation for processing privacy requests to verify whether it included requirements to authenticate the identity of the data subject making the request and respond within a reasonable time period.",
        "control_test_results": "No exceptions noted.",
        "control_page_ref": null,
        "control_line_ref": 20
    },
    {
        "control_id": "P5.1.2",
        "control_desc": "SimpleLegal enables data subjects to determine whether personal information about them is maintained.",
        "control_test": "Inspected the Privacy Policy to verify whether it included contact information for data subject requests. Per inspection of the Legal Services Request dashboard, noted there were no data subject requests during the period. Therefore, further testing was not applicable.",
        "control_test_results": "No exceptions noted.",
        "control_page_ref": 49,
        "control_line_ref": 49
    },
    {
        "control_id": "P5.1.3",
        "control_desc": "SimpleLegal authenticates the identify of data subjects who request access to their personal information before giving them access to that information.",
        "control_test": "Inspected procedure documentation for processing privacy requests to verify whether it included a requirement to authenticate the identity of the data subject making the request. Per inspection of the Legal Services Request dashboard, noted there were no data subject requests during the period. Therefore, further testing was not applicable.",
        "control_test_results": "No exceptions noted.",
        "control_page_ref": null,
        "control_line_ref": 67
    },
    {
        "control_id": "P5.1.4",
        "control_desc": "SimpleLegal provides personal information to data subjects in an understandable form, in a reasonable timeframe, and at a reasonable cost, if any.",
        "control_test": "Inspected procedure documentation for processing privacy requests to verify whether it included requirements to provide personal information to data subjects in an understandable form, in",
        "control_test_results": null,
        "control_page_ref": null,
        "control_line_ref": 89
    }
]
2025-07-01 15:21:02,119 INFO CHUNK 32 EXTRACTED 5 CONTROLS
2025-07-01 15:21:02,302 DEBUG receive_response_headers.complete return_value=(b'HTTP/1.1', 200, b'OK', [(b'Date', b'Tue, 01 Jul 2025 19:21:01 GMT'), (b'Content-Type', b'application/json'), (b'Transfer-Encoding', b'chunked'), (b'Connection', b'keep-alive'), (b'access-control-expose-headers', b'X-Request-ID'), (b'openai-organization', b'user-58hzvdaaovkznpa7grjzxtja'), (b'openai-processing-ms', b'3942'), (b'openai-version', b'2020-10-01'), (b'x-envoy-upstream-service-time', b'3963'), (b'x-ratelimit-limit-requests', b'5000'), (b'x-ratelimit-limit-tokens', b'4000000'), (b'x-ratelimit-remaining-requests', b'4999'), (b'x-ratelimit-remaining-tokens', b'3998943'), (b'x-ratelimit-reset-requests', b'12ms'), (b'x-ratelimit-reset-tokens', b'15ms'), (b'x-request-id', b'req_9a43a5e44422d4f480a233ddc3f54094'), (b'strict-transport-security', b'max-age=31536000; includeSubDomains; preload'), (b'cf-cache-status', b'DYNAMIC'), (b'X-Content-Type-Options', b'nosniff'), (b'Server', b'cloudflare'), (b'CF-RAY', b'9588437ecd29e991-ORD'), (b'Content-Encoding', b'gzip'), (b'alt-svc', b'h3=":443"; ma=86400')])
2025-07-01 15:21:02,303 INFO HTTP Request: POST https://api.openai.com/v1/chat/completions "HTTP/1.1 200 OK"
2025-07-01 15:21:02,303 DEBUG receive_response_body.started request=<Request [b'POST']>
2025-07-01 15:21:02,308 DEBUG receive_response_body.complete
2025-07-01 15:21:02,308 DEBUG response_closed.started
2025-07-01 15:21:02,309 DEBUG response_closed.complete
2025-07-01 15:21:02,309 DEBUG HTTP Response: POST https://api.openai.com/v1/chat/completions "200 OK" Headers({'date': 'Tue, 01 Jul 2025 19:21:01 GMT', 'content-type': 'application/json', 'transfer-encoding': 'chunked', 'connection': 'keep-alive', 'access-control-expose-headers': 'X-Request-ID', 'openai-organization': 'user-58hzvdaaovkznpa7grjzxtja', 'openai-processing-ms': '3942', 'openai-version': '2020-10-01', 'x-envoy-upstream-service-time': '3963', 'x-ratelimit-limit-requests': '5000', 'x-ratelimit-limit-tokens': '4000000', 'x-ratelimit-remaining-requests': '4999', 'x-ratelimit-remaining-tokens': '3998943', 'x-ratelimit-reset-requests': '12ms', 'x-ratelimit-reset-tokens': '15ms', 'x-request-id': 'req_9a43a5e44422d4f480a233ddc3f54094', 'strict-transport-security': 'max-age=31536000; includeSubDomains; preload', 'cf-cache-status': 'DYNAMIC', 'x-content-type-options': 'nosniff', 'server': 'cloudflare', 'cf-ray': '9588437ecd29e991-ORD', 'content-encoding': 'gzip', 'alt-svc': 'h3=":443"; ma=86400'})
2025-07-01 15:21:02,309 DEBUG request_id: req_9a43a5e44422d4f480a233ddc3f54094
2025-07-01 15:21:02,310 DEBUG Chunk 36 response: [
    {
        "control_id": "P6.4.2",
        "control_desc": "SimpleLegal takes remedial action in response to misuse of personal information by a third party to whom SimpleLegal has transferred such information.",
        "control_test": "For all incidents that occurred during the period, inspected the incident ticket to verify whether SimpleLegal took remedial action in response to misuse of personal information by a third party to whom SimpleLegal has transferred such information.",
        "control_test_results": "No exceptions noted.",
        "control_page_ref": null,
        "control_line_ref": null
    },
    {
        "control_id": "P6.4.3",
        "control_desc": "SimpleLegal has procedures in place to evaluate whether third parties have effective controls to meet the terms of privacy agreements, instructions, or requirements.",
        "control_test": "For all existing high-risk vendors, inspected the completed security review documentation and collected reports to verify whether SimpleLegal had reviewed SOC 2 reports, SOC 3 reports, ISO 27001 certifications, and/or responses to information security questionnaires.",
        "control_test_results": "Per inspection of the vendor list and inquiry of management, noted there were no new vendors onboarded during the period. Therefore, further testing was not applicable. No exceptions noted.",
        "control_page_ref": null,
        "control_line_ref": null
    },
    {
        "control_id": "P6.5.1",
        "control_desc": "SimpleLegal maintains a process for obtaining commitments from vendors and other third parties to report to SimpleLegal actual or suspected unauthorized disclosures of personal information.",
        "control_test": "For all third-party sub-processors, inspected the signed agreements to verify whether they included commitments to inform SimpleLegal of actual or suspected unauthorized disclosures.",
        "control_test_results": "No exceptions noted.",
        "control_page_ref": null,
        "control_line_ref": null
    },
    {
        "control_id": "P6.5.2",
        "control_desc": "SimpleLegal takes remedial action in response to misuse of personal information by a third party to whom SimpleLegal has transferred such information.",
        "control_test": "For all third-party sub-processors, inspected the contractual agreements to verify whether they included commitments to inform SimpleLegal of actual or suspected unauthorized disclosures. For all incidents that occurred during the period, inspected the incident ticket to verify whether SimpleLegal took remedial action in response to misuse of personal information by a third party to whom SimpleLegal has transferred such information.",
        "control_test_results": "No exceptions noted.",
        "control_page_ref": null,
        "control_line_ref": null
    }
]
2025-07-01 15:21:02,310 INFO CHUNK 36 EXTRACTED 4 CONTROLS
2025-07-01 15:21:02,862 DEBUG receive_response_headers.complete return_value=(b'HTTP/1.1', 200, b'OK', [(b'Date', b'Tue, 01 Jul 2025 19:21:02 GMT'), (b'Content-Type', b'application/json'), (b'Transfer-Encoding', b'chunked'), (b'Connection', b'keep-alive'), (b'access-control-expose-headers', b'X-Request-ID'), (b'openai-organization', b'user-58hzvdaaovkznpa7grjzxtja'), (b'openai-processing-ms', b'3323'), (b'openai-version', b'2020-10-01'), (b'x-envoy-upstream-service-time', b'3326'), (b'x-ratelimit-limit-requests', b'5000'), (b'x-ratelimit-limit-tokens', b'4000000'), (b'x-ratelimit-remaining-requests', b'4999'), (b'x-ratelimit-remaining-tokens', b'3998941'), (b'x-ratelimit-reset-requests', b'12ms'), (b'x-ratelimit-reset-tokens', b'15ms'), (b'x-request-id', b'req_53d5421df8ae2d5888cb240a51559748'), (b'strict-transport-security', b'max-age=31536000; includeSubDomains; preload'), (b'cf-cache-status', b'DYNAMIC'), (b'X-Content-Type-Options', b'nosniff'), (b'Server', b'cloudflare'), (b'CF-RAY', b'958843863c838f4d-ORD'), (b'Content-Encoding', b'gzip'), (b'alt-svc', b'h3=":443"; ma=86400')])
2025-07-01 15:21:02,863 INFO HTTP Request: POST https://api.openai.com/v1/chat/completions "HTTP/1.1 200 OK"
2025-07-01 15:21:02,863 DEBUG receive_response_body.started request=<Request [b'POST']>
2025-07-01 15:21:02,863 DEBUG receive_response_body.complete
2025-07-01 15:21:02,863 DEBUG response_closed.started
2025-07-01 15:21:02,863 DEBUG response_closed.complete
2025-07-01 15:21:02,863 DEBUG HTTP Response: POST https://api.openai.com/v1/chat/completions "200 OK" Headers({'date': 'Tue, 01 Jul 2025 19:21:02 GMT', 'content-type': 'application/json', 'transfer-encoding': 'chunked', 'connection': 'keep-alive', 'access-control-expose-headers': 'X-Request-ID', 'openai-organization': 'user-58hzvdaaovkznpa7grjzxtja', 'openai-processing-ms': '3323', 'openai-version': '2020-10-01', 'x-envoy-upstream-service-time': '3326', 'x-ratelimit-limit-requests': '5000', 'x-ratelimit-limit-tokens': '4000000', 'x-ratelimit-remaining-requests': '4999', 'x-ratelimit-remaining-tokens': '3998941', 'x-ratelimit-reset-requests': '12ms', 'x-ratelimit-reset-tokens': '15ms', 'x-request-id': 'req_53d5421df8ae2d5888cb240a51559748', 'strict-transport-security': 'max-age=31536000; includeSubDomains; preload', 'cf-cache-status': 'DYNAMIC', 'x-content-type-options': 'nosniff', 'server': 'cloudflare', 'cf-ray': '958843863c838f4d-ORD', 'content-encoding': 'gzip', 'alt-svc': 'h3=":443"; ma=86400'})
2025-07-01 15:21:02,863 DEBUG request_id: req_53d5421df8ae2d5888cb240a51559748
2025-07-01 15:21:02,865 DEBUG Chunk 37 response: [
    {
        "control_id": "P6.5.2",
        "control_desc": "SimpleLegal takes remedial action in response to misuse of personal information by a third party to whom SimpleLegal has transferred such information.",
        "control_test": "For all third-party sub-processors, inspected the contractual agreements to verify whether they included commitments to inform SimpleLegal of actual or suspected unauthorized disclosures. For all incidents that occurred during the period, inspected the incident ticket to verify whether SimpleLegal took remedial action in response to misuse of personal information by a third party to whom SimpleLegal has transferred such information.",
        "control_test_results": "No exceptions noted.",
        "control_page_ref": 52,
        "control_line_ref": 6
    },
    {
        "control_id": "P6.6.1",
        "control_desc": "SimpleLegal maintains a process for determining whether notification of a privacy breach is required, including the method to be used, the timeline, and the identification of the recipients of such notifications.",
        "control_test": "Inspected the SimpleLegal Privacy Policy and Breach Notification Policy to verify whether the Company maintained a process for determining whether privacy breach notifications were required.",
        "control_test_results": "No exceptions noted.",
        "control_page_ref": null,
        "control_line_ref": null
    },
    {
        "control_id": "P6.6.2",
        "control_desc": "SimpleLegal maintains a process for providing notice of breaches and incidents to affected data subjects, regulators, and others to support the achievement of its objectives related to privacy.",
        "control_test": "Inspected the SimpleLegal Privacy Policy and Breach Notification Policy to verify whether the Company maintained a process for providing breach notifications and incidents to affected parties.",
        "control_test_results": "No exceptions noted.",
        "control_page_ref": null,
        "control_line_ref": null
    },
    {
        "control_id": "P6.7.1",
        "control_desc": "SimpleLegal identifies the types of personal information and the related processes, systems, and third parties involved in the handling of such information.",
        "control_test": "For all third-party sub-processors, inspected the contractual agreements to verify whether commitments were obtained to notify SimpleLegal in the event of an actual or suspected unauthorized disclosure of personal information. Inspected the SimpleLegal Privacy Policy to verify whether it provided an objective description of the personal information that SimpleLegal has collected.",
        "control_test_results": "No exceptions noted.",
        "control_page_ref": null,
        "control_line_ref": null
    }
]
2025-07-01 15:21:02,865 INFO CHUNK 37 EXTRACTED 4 CONTROLS
2025-07-01 15:21:04,591 DEBUG receive_response_headers.complete return_value=(b'HTTP/1.1', 200, b'OK', [(b'Date', b'Tue, 01 Jul 2025 19:21:03 GMT'), (b'Content-Type', b'application/json'), (b'Transfer-Encoding', b'chunked'), (b'Connection', b'keep-alive'), (b'access-control-expose-headers', b'X-Request-ID'), (b'openai-organization', b'user-58hzvdaaovkznpa7grjzxtja'), (b'openai-processing-ms', b'3741'), (b'openai-version', b'2020-10-01'), (b'x-envoy-upstream-service-time', b'3744'), (b'x-ratelimit-limit-requests', b'5000'), (b'x-ratelimit-limit-tokens', b'4000000'), (b'x-ratelimit-remaining-requests', b'4999'), (b'x-ratelimit-remaining-tokens', b'3998940'), (b'x-ratelimit-reset-requests', b'12ms'), (b'x-ratelimit-reset-tokens', b'15ms'), (b'x-request-id', b'req_b57ceb49cf9a4b9161b11bb487d726ac'), (b'strict-transport-security', b'max-age=31536000; includeSubDomains; preload'), (b'cf-cache-status', b'DYNAMIC'), (b'X-Content-Type-Options', b'nosniff'), (b'Server', b'cloudflare'), (b'CF-RAY', b'9588438e6ffd10a1-ORD'), (b'Content-Encoding', b'gzip'), (b'alt-svc', b'h3=":443"; ma=86400')])
2025-07-01 15:21:04,592 INFO HTTP Request: POST https://api.openai.com/v1/chat/completions "HTTP/1.1 200 OK"
2025-07-01 15:21:04,592 DEBUG receive_response_body.started request=<Request [b'POST']>
2025-07-01 15:21:04,655 DEBUG receive_response_body.complete
2025-07-01 15:21:04,655 DEBUG response_closed.started
2025-07-01 15:21:04,655 DEBUG response_closed.complete
2025-07-01 15:21:04,655 DEBUG HTTP Response: POST https://api.openai.com/v1/chat/completions "200 OK" Headers({'date': 'Tue, 01 Jul 2025 19:21:03 GMT', 'content-type': 'application/json', 'transfer-encoding': 'chunked', 'connection': 'keep-alive', 'access-control-expose-headers': 'X-Request-ID', 'openai-organization': 'user-58hzvdaaovkznpa7grjzxtja', 'openai-processing-ms': '3741', 'openai-version': '2020-10-01', 'x-envoy-upstream-service-time': '3744', 'x-ratelimit-limit-requests': '5000', 'x-ratelimit-limit-tokens': '4000000', 'x-ratelimit-remaining-requests': '4999', 'x-ratelimit-remaining-tokens': '3998940', 'x-ratelimit-reset-requests': '12ms', 'x-ratelimit-reset-tokens': '15ms', 'x-request-id': 'req_b57ceb49cf9a4b9161b11bb487d726ac', 'strict-transport-security': 'max-age=31536000; includeSubDomains; preload', 'cf-cache-status': 'DYNAMIC', 'x-content-type-options': 'nosniff', 'server': 'cloudflare', 'cf-ray': '9588438e6ffd10a1-ORD', 'content-encoding': 'gzip', 'alt-svc': 'h3=":443"; ma=86400'})
2025-07-01 15:21:04,655 DEBUG request_id: req_b57ceb49cf9a4b9161b11bb487d726ac
2025-07-01 15:21:04,657 DEBUG Chunk 38 response: [
    {
        "control_id": "P6.7.1",
        "control_desc": "SimpleLegal identifies the types of personal information and the related processes, systems, and third parties involved in the handling of such information.",
        "control_test": "Inspected the contractual agreements to verify whether commitments were obtained to notify SimpleLegal in the event of an actual or suspected unauthorized disclosure of personal information. Inspected the SimpleLegal Privacy Policy to verify whether it provided an objective description of the personal information that SimpleLegal has collected.",
        "control_test_results": "No exceptions noted.",
        "control_page_ref": 53,
        "control_line_ref": 7
    },
    {
        "control_id": "P6.7.2",
        "control_desc": "Requests for an accounting of personal information held and disclosures of the data subjects’ personal information are captured by SimpleLegal, and information related to the requests is identified and communicated to data subjects to support the achievement of SimpleLegal’s privacy objectives.",
        "control_test": "Inspected procedure documentation for processing privacy requests to verify whether specific data and data locations were defined for processing data subject requests.",
        "control_test_results": "No exceptions noted.",
        "control_page_ref": 53,
        "control_line_ref": 23
    },
    {
        "control_id": "P7.1.1",
        "control_desc": "SimpleLegal ensures that personal information is accurate and complete for the purposes for which it is to be used.",
        "control_test": "Inspected the SimpleLegal Privacy Policy to verify whether it defined limitations on the use and retention of personal information. Inspected the organizational chart and inquired of the General Counsel to verify whether a legal and compliance team is in place to evaluate the methods by which personal information is collected.",
        "control_test_results": "No exceptions noted.",
        "control_page_ref": 53,
        "control_line_ref": 53
    },
    {
        "control_id": "P7.1.2",
        "control_desc": "SimpleLegal ensures that personal information is relevant to the purposes for which it is to be used.",
        "control_test": "Inspected the SimpleLegal Privacy Policy to verify whether it defined limitations on the use and retention of personal information. Inspected the organizational chart and inquired of the General Counsel to verify whether a legal and compliance team is in place to evaluate the methods by which personal information is collected.",
        "control_test_results": "No exceptions noted.",
        "control_page_ref": 53,
        "control_line_ref": 71
    }
]
2025-07-01 15:21:04,657 INFO CHUNK 38 EXTRACTED 4 CONTROLS
2025-07-01 15:21:04,745 DEBUG receive_response_headers.complete return_value=(b'HTTP/1.1', 200, b'OK', [(b'Date', b'Tue, 01 Jul 2025 19:21:03 GMT'), (b'Content-Type', b'application/json'), (b'Transfer-Encoding', b'chunked'), (b'Connection', b'keep-alive'), (b'access-control-expose-headers', b'X-Request-ID'), (b'openai-organization', b'user-58hzvdaaovkznpa7grjzxtja'), (b'openai-processing-ms', b'2777'), (b'openai-version', b'2020-10-01'), (b'x-envoy-upstream-service-time', b'2780'), (b'x-ratelimit-limit-requests', b'5000'), (b'x-ratelimit-limit-tokens', b'4000000'), (b'x-ratelimit-remaining-requests', b'4999'), (b'x-ratelimit-remaining-tokens', b'3999027'), (b'x-ratelimit-reset-requests', b'12ms'), (b'x-ratelimit-reset-tokens', b'14ms'), (b'x-request-id', b'req_20fda63143a8850170c77eec0714f542'), (b'strict-transport-security', b'max-age=31536000; includeSubDomains; preload'), (b'cf-cache-status', b'DYNAMIC'), (b'X-Content-Type-Options', b'nosniff'), (b'Server', b'cloudflare'), (b'CF-RAY', b'958843956e648f4b-ORD'), (b'Content-Encoding', b'gzip'), (b'alt-svc', b'h3=":443"; ma=86400')])
2025-07-01 15:21:04,746 INFO HTTP Request: POST https://api.openai.com/v1/chat/completions "HTTP/1.1 200 OK"
2025-07-01 15:21:04,746 DEBUG receive_response_body.started request=<Request [b'POST']>
2025-07-01 15:21:04,756 DEBUG receive_response_body.complete
2025-07-01 15:21:04,756 DEBUG response_closed.started
2025-07-01 15:21:04,756 DEBUG response_closed.complete
2025-07-01 15:21:04,757 DEBUG HTTP Response: POST https://api.openai.com/v1/chat/completions "200 OK" Headers({'date': 'Tue, 01 Jul 2025 19:21:03 GMT', 'content-type': 'application/json', 'transfer-encoding': 'chunked', 'connection': 'keep-alive', 'access-control-expose-headers': 'X-Request-ID', 'openai-organization': 'user-58hzvdaaovkznpa7grjzxtja', 'openai-processing-ms': '2777', 'openai-version': '2020-10-01', 'x-envoy-upstream-service-time': '2780', 'x-ratelimit-limit-requests': '5000', 'x-ratelimit-limit-tokens': '4000000', 'x-ratelimit-remaining-requests': '4999', 'x-ratelimit-remaining-tokens': '3999027', 'x-ratelimit-reset-requests': '12ms', 'x-ratelimit-reset-tokens': '14ms', 'x-request-id': 'req_20fda63143a8850170c77eec0714f542', 'strict-transport-security': 'max-age=31536000; includeSubDomains; preload', 'cf-cache-status': 'DYNAMIC', 'x-content-type-options': 'nosniff', 'server': 'cloudflare', 'cf-ray': '958843956e648f4b-ORD', 'content-encoding': 'gzip', 'alt-svc': 'h3=":443"; ma=86400'})
2025-07-01 15:21:04,757 DEBUG request_id: req_20fda63143a8850170c77eec0714f542
2025-07-01 15:21:04,758 DEBUG Chunk 39 response: [
    {
        "control_id": "P7.1.2",
        "control_desc": "SimpleLegal ensures that personal information is relevant to the purposes for which it is to be used.",
        "control_test": "Inspected the SimpleLegal Privacy Policy to verify whether it defined limitations on the use and retention of personal information.",
        "control_test_results": "No exceptions noted.",
        "control_page_ref": null,
        "control_line_ref": null
    },
    {
        "control_id": "P8.1.1",
        "control_desc": "SimpleLegal informs data subjects about how to contact them with inquiries, complaints, and disputes.",
        "control_test": "Inspected the SimpleLegal website to verify whether contact information was available for general inquiries, customer support, partnerships, and public relations.",
        "control_test_results": "No exceptions noted.",
        "control_page_ref": null,
        "control_line_ref": null
    },
    {
        "control_id": "P8.1.2",
        "control_desc": "SimpleLegal maintains a process to address inquiries, complaints, and disputes.",
        "control_test": "Inspected procedure documentation for processing privacy requests to verify whether SimpleLegal had a process in place to address inquiries, complaints, and disputes.",
        "control_test_results": "No exceptions noted.",
        "control_page_ref": null,
        "control_line_ref": null
    },
    {
        "control_id": "P8.1.3",
        "control_desc": "SimpleLegal addresses each complaint, and the resolution is documented and communicated to the individual.",
        "control_test": "Inspected procedure documentation for processing privacy requests to verify whether specific data and data locations were defined for processing data subject requests.",
        "control_test_results": "No exceptions noted.",
        "control_page_ref": 54,
        "control_line_ref": null
    }
]
2025-07-01 15:21:04,758 INFO CHUNK 39 EXTRACTED 4 CONTROLS
2025-07-01 15:21:04,759 INFO ALL CHUNKS PROCESSED. TOTAL CONTROLS EXTRACTED: 202
2025-07-01 15:21:04,763 DEBUG Starting new HTTPS connection (1): api.openai.com:443
2025-07-01 15:21:09,418 DEBUG https://api.openai.com:443 "POST /v1/embeddings HTTP/1.1" 200 None
2025-07-01 15:21:09,467 DEBUG Starting new HTTPS connection (1): api.openai.com:443
2025-07-01 15:21:09,987 DEBUG https://api.openai.com:443 "POST /v1/embeddings HTTP/1.1" 200 None
2025-07-01 15:21:10,460 DEBUG Starting new HTTPS connection (1): api.openai.com:443
2025-07-01 15:21:11,169 DEBUG https://api.openai.com:443 "POST /v1/embeddings HTTP/1.1" 200 None
2025-07-01 15:21:11,204 DEBUG Starting new HTTPS connection (1): api.openai.com:443
2025-07-01 15:21:11,754 DEBUG https://api.openai.com:443 "POST /v1/embeddings HTTP/1.1" 200 None
2025-07-01 15:21:11,809 DEBUG Starting new HTTPS connection (1): api.openai.com:443
2025-07-01 15:21:12,382 DEBUG https://api.openai.com:443 "POST /v1/embeddings HTTP/1.1" 200 None
2025-07-01 15:21:12,428 DEBUG Starting new HTTPS connection (1): api.openai.com:443
2025-07-01 15:21:12,887 DEBUG https://api.openai.com:443 "POST /v1/embeddings HTTP/1.1" 200 None
2025-07-01 15:21:12,916 DEBUG Starting new HTTPS connection (1): api.openai.com:443
2025-07-01 15:21:13,355 DEBUG https://api.openai.com:443 "POST /v1/embeddings HTTP/1.1" 200 None
2025-07-01 15:21:13,389 DEBUG Starting new HTTPS connection (1): api.openai.com:443
2025-07-01 15:21:14,867 DEBUG https://api.openai.com:443 "POST /v1/embeddings HTTP/1.1" 200 None
2025-07-01 15:21:14,905 DEBUG Starting new HTTPS connection (1): api.openai.com:443
2025-07-01 15:21:15,240 DEBUG https://api.openai.com:443 "POST /v1/embeddings HTTP/1.1" 200 None
2025-07-01 15:21:15,295 DEBUG Starting new HTTPS connection (1): api.openai.com:443
2025-07-01 15:21:15,871 DEBUG https://api.openai.com:443 "POST /v1/embeddings HTTP/1.1" 200 None
2025-07-01 15:21:15,924 DEBUG Starting new HTTPS connection (1): api.openai.com:443
2025-07-01 15:21:16,547 DEBUG https://api.openai.com:443 "POST /v1/embeddings HTTP/1.1" 200 None
2025-07-01 15:21:16,580 DEBUG Starting new HTTPS connection (1): api.openai.com:443
2025-07-01 15:21:17,199 DEBUG https://api.openai.com:443 "POST /v1/embeddings HTTP/1.1" 200 None
2025-07-01 15:21:17,248 DEBUG Starting new HTTPS connection (1): api.openai.com:443
2025-07-01 15:21:18,111 DEBUG https://api.openai.com:443 "POST /v1/embeddings HTTP/1.1" 200 None
2025-07-01 15:21:18,144 DEBUG Starting new HTTPS connection (1): api.openai.com:443
2025-07-01 15:21:20,023 DEBUG https://api.openai.com:443 "POST /v1/embeddings HTTP/1.1" 200 None
2025-07-01 15:21:20,053 DEBUG Starting new HTTPS connection (1): api.openai.com:443
2025-07-01 15:21:20,530 DEBUG https://api.openai.com:443 "POST /v1/embeddings HTTP/1.1" 200 None
2025-07-01 15:21:20,580 DEBUG Starting new HTTPS connection (1): api.openai.com:443
2025-07-01 15:21:20,839 DEBUG https://api.openai.com:443 "POST /v1/embeddings HTTP/1.1" 200 None
2025-07-01 15:21:20,873 DEBUG Starting new HTTPS connection (1): api.openai.com:443
2025-07-01 15:21:21,203 DEBUG https://api.openai.com:443 "POST /v1/embeddings HTTP/1.1" 200 None
2025-07-01 15:21:21,260 DEBUG Starting new HTTPS connection (1): api.openai.com:443
2025-07-01 15:21:21,527 DEBUG https://api.openai.com:443 "POST /v1/embeddings HTTP/1.1" 200 None
2025-07-01 15:21:21,577 DEBUG Starting new HTTPS connection (1): api.openai.com:443
2025-07-01 15:21:21,871 DEBUG https://api.openai.com:443 "POST /v1/embeddings HTTP/1.1" 200 None
2025-07-01 15:21:21,893 DEBUG Starting new HTTPS connection (1): api.openai.com:443
2025-07-01 15:21:22,174 DEBUG https://api.openai.com:443 "POST /v1/embeddings HTTP/1.1" 200 None
2025-07-01 15:21:22,224 DEBUG Starting new HTTPS connection (1): api.openai.com:443
2025-07-01 15:21:22,538 DEBUG https://api.openai.com:443 "POST /v1/embeddings HTTP/1.1" 200 None
2025-07-01 15:21:22,541 DEBUG Starting new HTTPS connection (1): api.openai.com:443
2025-07-01 15:21:22,891 DEBUG https://api.openai.com:443 "POST /v1/embeddings HTTP/1.1" 200 None
2025-07-01 15:21:22,936 DEBUG Starting new HTTPS connection (1): api.openai.com:443
2025-07-01 15:21:23,240 DEBUG https://api.openai.com:443 "POST /v1/embeddings HTTP/1.1" 200 None
2025-07-01 15:21:23,271 DEBUG Starting new HTTPS connection (1): api.openai.com:443
2025-07-01 15:21:23,559 DEBUG https://api.openai.com:443 "POST /v1/embeddings HTTP/1.1" 200 None
2025-07-01 15:21:23,604 DEBUG Starting new HTTPS connection (1): api.openai.com:443
2025-07-01 15:21:23,955 DEBUG https://api.openai.com:443 "POST /v1/embeddings HTTP/1.1" 200 None
2025-07-01 15:21:23,998 DEBUG Starting new HTTPS connection (1): api.openai.com:443
2025-07-01 15:21:24,411 DEBUG https://api.openai.com:443 "POST /v1/embeddings HTTP/1.1" 200 None
2025-07-01 15:21:24,452 DEBUG Starting new HTTPS connection (1): api.openai.com:443
2025-07-01 15:21:24,671 DEBUG https://api.openai.com:443 "POST /v1/embeddings HTTP/1.1" 200 None
2025-07-01 15:21:24,701 DEBUG Starting new HTTPS connection (1): api.openai.com:443
2025-07-01 15:21:25,083 DEBUG https://api.openai.com:443 "POST /v1/embeddings HTTP/1.1" 200 None
2025-07-01 15:21:25,140 DEBUG Starting new HTTPS connection (1): api.openai.com:443
2025-07-01 15:21:25,415 DEBUG https://api.openai.com:443 "POST /v1/embeddings HTTP/1.1" 200 None
2025-07-01 15:21:25,441 DEBUG Starting new HTTPS connection (1): api.openai.com:443
2025-07-01 15:21:25,798 DEBUG https://api.openai.com:443 "POST /v1/embeddings HTTP/1.1" 200 None
2025-07-01 15:21:25,833 DEBUG Starting new HTTPS connection (1): api.openai.com:443
2025-07-01 15:21:26,112 DEBUG https://api.openai.com:443 "POST /v1/embeddings HTTP/1.1" 200 None
2025-07-01 15:21:26,141 DEBUG Starting new HTTPS connection (1): api.openai.com:443
2025-07-01 15:21:26,407 DEBUG https://api.openai.com:443 "POST /v1/embeddings HTTP/1.1" 200 None
2025-07-01 15:21:26,449 DEBUG Starting new HTTPS connection (1): api.openai.com:443
2025-07-01 15:21:26,682 DEBUG https://api.openai.com:443 "POST /v1/embeddings HTTP/1.1" 200 None
2025-07-01 15:21:26,735 DEBUG Starting new HTTPS connection (1): api.openai.com:443
2025-07-01 15:21:26,971 DEBUG https://api.openai.com:443 "POST /v1/embeddings HTTP/1.1" 200 None
2025-07-01 15:21:27,018 DEBUG Starting new HTTPS connection (1): api.openai.com:443
2025-07-01 15:21:27,300 DEBUG https://api.openai.com:443 "POST /v1/embeddings HTTP/1.1" 200 None
2025-07-01 15:21:27,345 DEBUG Starting new HTTPS connection (1): api.openai.com:443
2025-07-01 15:21:27,993 DEBUG https://api.openai.com:443 "POST /v1/embeddings HTTP/1.1" 200 None
2025-07-01 15:21:28,020 DEBUG Starting new HTTPS connection (1): api.openai.com:443
2025-07-01 15:21:28,308 DEBUG https://api.openai.com:443 "POST /v1/embeddings HTTP/1.1" 200 None
2025-07-01 15:21:28,336 DEBUG Starting new HTTPS connection (1): api.openai.com:443
2025-07-01 15:21:28,596 DEBUG https://api.openai.com:443 "POST /v1/embeddings HTTP/1.1" 200 None
2025-07-01 15:21:28,630 DEBUG Starting new HTTPS connection (1): api.openai.com:443
2025-07-01 15:21:28,932 DEBUG https://api.openai.com:443 "POST /v1/embeddings HTTP/1.1" 200 None
2025-07-01 15:21:28,966 DEBUG Starting new HTTPS connection (1): api.openai.com:443
2025-07-01 15:21:29,236 DEBUG https://api.openai.com:443 "POST /v1/embeddings HTTP/1.1" 200 None
2025-07-01 15:21:29,290 DEBUG Starting new HTTPS connection (1): api.openai.com:443
2025-07-01 15:21:29,598 DEBUG https://api.openai.com:443 "POST /v1/embeddings HTTP/1.1" 200 None
2025-07-01 15:21:29,637 DEBUG Starting new HTTPS connection (1): api.openai.com:443
2025-07-01 15:21:29,886 DEBUG https://api.openai.com:443 "POST /v1/embeddings HTTP/1.1" 200 None
2025-07-01 15:21:29,888 DEBUG Starting new HTTPS connection (1): api.openai.com:443
2025-07-01 15:21:30,254 DEBUG https://api.openai.com:443 "POST /v1/embeddings HTTP/1.1" 200 None
2025-07-01 15:21:30,281 DEBUG Starting new HTTPS connection (1): api.openai.com:443
2025-07-01 15:21:30,638 DEBUG https://api.openai.com:443 "POST /v1/embeddings HTTP/1.1" 200 None
2025-07-01 15:21:30,703 DEBUG Starting new HTTPS connection (1): api.openai.com:443
2025-07-01 15:21:30,996 DEBUG https://api.openai.com:443 "POST /v1/embeddings HTTP/1.1" 200 None
2025-07-01 15:21:31,012 DEBUG Starting new HTTPS connection (1): api.openai.com:443
2025-07-01 15:21:31,315 DEBUG https://api.openai.com:443 "POST /v1/embeddings HTTP/1.1" 200 None
2025-07-01 15:21:31,359 DEBUG Starting new HTTPS connection (1): api.openai.com:443
2025-07-01 15:21:31,667 DEBUG https://api.openai.com:443 "POST /v1/embeddings HTTP/1.1" 200 None
2025-07-01 15:21:31,705 DEBUG Starting new HTTPS connection (1): api.openai.com:443
2025-07-01 15:21:31,972 DEBUG https://api.openai.com:443 "POST /v1/embeddings HTTP/1.1" 200 None
2025-07-01 15:21:32,005 DEBUG Starting new HTTPS connection (1): api.openai.com:443
2025-07-01 15:21:32,270 DEBUG https://api.openai.com:443 "POST /v1/embeddings HTTP/1.1" 200 None
2025-07-01 15:21:32,297 DEBUG Starting new HTTPS connection (1): api.openai.com:443
2025-07-01 15:21:32,586 DEBUG https://api.openai.com:443 "POST /v1/embeddings HTTP/1.1" 200 None
2025-07-01 15:21:32,612 DEBUG Starting new HTTPS connection (1): api.openai.com:443
2025-07-01 15:21:32,910 DEBUG https://api.openai.com:443 "POST /v1/embeddings HTTP/1.1" 200 None
2025-07-01 15:21:32,948 DEBUG Starting new HTTPS connection (1): api.openai.com:443
2025-07-01 15:21:33,339 DEBUG https://api.openai.com:443 "POST /v1/embeddings HTTP/1.1" 200 None
2025-07-01 15:21:33,396 DEBUG Starting new HTTPS connection (1): api.openai.com:443
2025-07-01 15:21:33,669 DEBUG https://api.openai.com:443 "POST /v1/embeddings HTTP/1.1" 200 None
2025-07-01 15:21:33,704 DEBUG Starting new HTTPS connection (1): api.openai.com:443
2025-07-01 15:21:34,106 DEBUG https://api.openai.com:443 "POST /v1/embeddings HTTP/1.1" 200 None
2025-07-01 15:21:34,155 DEBUG Starting new HTTPS connection (1): api.openai.com:443
2025-07-01 15:21:34,437 DEBUG https://api.openai.com:443 "POST /v1/embeddings HTTP/1.1" 200 None
2025-07-01 15:21:34,459 DEBUG Starting new HTTPS connection (1): api.openai.com:443
2025-07-01 15:21:34,788 DEBUG https://api.openai.com:443 "POST /v1/embeddings HTTP/1.1" 200 None
2025-07-01 15:21:34,823 DEBUG Starting new HTTPS connection (1): api.openai.com:443
2025-07-01 15:21:35,071 DEBUG https://api.openai.com:443 "POST /v1/embeddings HTTP/1.1" 200 None
2025-07-01 15:21:35,110 DEBUG Starting new HTTPS connection (1): api.openai.com:443
2025-07-01 15:21:35,454 DEBUG https://api.openai.com:443 "POST /v1/embeddings HTTP/1.1" 200 None
2025-07-01 15:21:35,499 DEBUG Starting new HTTPS connection (1): api.openai.com:443
2025-07-01 15:21:35,764 DEBUG https://api.openai.com:443 "POST /v1/embeddings HTTP/1.1" 200 None
2025-07-01 15:21:35,823 DEBUG Starting new HTTPS connection (1): api.openai.com:443
2025-07-01 15:21:36,100 DEBUG https://api.openai.com:443 "POST /v1/embeddings HTTP/1.1" 200 None
2025-07-01 15:21:36,144 DEBUG Starting new HTTPS connection (1): api.openai.com:443
2025-07-01 15:21:36,580 DEBUG https://api.openai.com:443 "POST /v1/embeddings HTTP/1.1" 200 None
2025-07-01 15:21:36,603 DEBUG Starting new HTTPS connection (1): api.openai.com:443
2025-07-01 15:21:36,884 DEBUG https://api.openai.com:443 "POST /v1/embeddings HTTP/1.1" 200 None
2025-07-01 15:21:36,925 DEBUG Starting new HTTPS connection (1): api.openai.com:443
2025-07-01 15:21:37,225 DEBUG https://api.openai.com:443 "POST /v1/embeddings HTTP/1.1" 200 None
2025-07-01 15:21:37,282 DEBUG Starting new HTTPS connection (1): api.openai.com:443
2025-07-01 15:21:37,556 DEBUG https://api.openai.com:443 "POST /v1/embeddings HTTP/1.1" 200 None
2025-07-01 15:21:37,584 INFO CONTROL 1: ID=CC2.1.1, DESC=SimpleLegal’s mission-critical systems and sensitive information are identified , TSC_ID=C1.1, COSO_ID=13, TSC_SIM=0.8770209172783625, COSO_SIM=0.830734268403737
2025-07-01 15:21:37,585 DEBUG Starting new HTTPS connection (1): api.openai.com:443
2025-07-01 15:21:37,919 DEBUG https://api.openai.com:443 "POST /v1/embeddings HTTP/1.1" 200 None
2025-07-01 15:21:37,968 INFO CONTROL 2: ID=CC2.1.2, DESC=SimpleLegal maintains an updated cloud architecture diagram outlining how data i, TSC_ID=C1.2, COSO_ID=12, TSC_SIM=0.8161608486005186, COSO_SIM=0.7785900985495624
2025-07-01 15:21:37,969 DEBUG Starting new HTTPS connection (1): api.openai.com:443
2025-07-01 15:21:38,351 DEBUG https://api.openai.com:443 "POST /v1/embeddings HTTP/1.1" 200 None
2025-07-01 15:21:38,394 INFO CONTROL 3: ID=CC2.2.1, DESC=SimpleLegal maintains updated policies and procedures that enable all personnel , TSC_ID=C1.2, COSO_ID=13, TSC_SIM=0.8585739303745614, COSO_SIM=0.8394982922938549
2025-07-01 15:21:38,395 DEBUG Starting new HTTPS connection (1): api.openai.com:443
2025-07-01 15:21:38,809 DEBUG https://api.openai.com:443 "POST /v1/embeddings HTTP/1.1" 200 None
2025-07-01 15:21:38,863 INFO CONTROL 4: ID=CC2.2.2, DESC=SimpleLegal employees are required to complete information security awareness tr, TSC_ID=C1.2, COSO_ID=4, TSC_SIM=0.8385231840094358, COSO_SIM=0.798669327358597
2025-07-01 15:21:38,863 DEBUG Starting new HTTPS connection (1): api.openai.com:443
2025-07-01 15:21:39,171 DEBUG https://api.openai.com:443 "POST /v1/embeddings HTTP/1.1" 200 None
2025-07-01 15:21:39,194 INFO CONTROL 5: ID=CC1.4.1, DESC=All positions have a detailed job description that lists qualifications, such as, TSC_ID=CC4.1, COSO_ID=4, TSC_SIM=0.795043404554616, COSO_SIM=0.7990416449285983
2025-07-01 15:21:39,195 DEBUG Starting new HTTPS connection (1): api.openai.com:443
2025-07-01 15:21:39,903 DEBUG https://api.openai.com:443 "POST /v1/embeddings HTTP/1.1" 200 None
2025-07-01 15:21:39,936 INFO CONTROL 6: ID=CC1.4.2, DESC=SimpleLegal performs background checks on new employees prior to hire, as permit, TSC_ID=P5.1, COSO_ID=4, TSC_SIM=0.804912592355892, COSO_SIM=0.7939269710151999
2025-07-01 15:21:39,937 DEBUG Starting new HTTPS connection (1): api.openai.com:443
2025-07-01 15:21:40,201 DEBUG https://api.openai.com:443 "POST /v1/embeddings HTTP/1.1" 200 None
2025-07-01 15:21:40,244 INFO CONTROL 7: ID=CC1.4.3, DESC=Executive management holds monthly meetings that include analyzing the competenc, TSC_ID=CC3.1, COSO_ID=3, TSC_SIM=0.8649467865868659, COSO_SIM=0.8649467865868659
2025-07-01 15:21:40,244 DEBUG Starting new HTTPS connection (1): api.openai.com:443
2025-07-01 15:21:40,517 DEBUG https://api.openai.com:443 "POST /v1/embeddings HTTP/1.1" 200 None
2025-07-01 15:21:40,549 INFO CONTROL 8: ID=CC1.5.1, DESC=SimpleLegal maintains formalized performance expectations for each position and , TSC_ID=CC9.1, COSO_ID=16, TSC_SIM=0.8414871229995662, COSO_SIM=0.8509801958373571
2025-07-01 15:21:40,555 INFO CONTROL 9: ID=CC2.1.1, DESC=SimpleLegal’s mission-critical systems and sensitive information are identified , TSC_ID=C1.1, COSO_ID=13, TSC_SIM=0.8770209172783625, COSO_SIM=0.830734268403737
2025-07-01 15:21:40,560 INFO CONTROL 10: ID=CC2.2.2, DESC=SimpleLegal employees are required to complete information security awareness tr, TSC_ID=C1.2, COSO_ID=4, TSC_SIM=0.8385231840094358, COSO_SIM=0.798669327358597
2025-07-01 15:21:40,561 DEBUG Starting new HTTPS connection (1): api.openai.com:443
2025-07-01 15:21:40,937 DEBUG https://api.openai.com:443 "POST /v1/embeddings HTTP/1.1" 200 None
2025-07-01 15:21:40,987 INFO CONTROL 11: ID=CC2.2.3, DESC=SimpleLegal provides a process for employees and contractors to report security , TSC_ID=C1.6, COSO_ID=17, TSC_SIM=0.8429765977926756, COSO_SIM=0.8233116729654217
2025-07-01 15:21:40,988 DEBUG Starting new HTTPS connection (1): api.openai.com:443
2025-07-01 15:21:41,285 DEBUG https://api.openai.com:443 "POST /v1/embeddings HTTP/1.1" 200 None
2025-07-01 15:21:41,342 INFO CONTROL 12: ID=CC2.3.1, DESC=SimpleLegal enables inbound communications from customers and other stakeholders, TSC_ID=P4.1, COSO_ID=15, TSC_SIM=0.7995782589869155, COSO_SIM=0.7917233552500084
2025-07-01 15:21:41,343 DEBUG Starting new HTTPS connection (1): api.openai.com:443
2025-07-01 15:21:41,669 DEBUG https://api.openai.com:443 "POST /v1/embeddings HTTP/1.1" 200 None
2025-07-01 15:21:41,736 INFO CONTROL 13: ID=CC2.3.2, DESC=Objective descriptions of SimpleLegal’s system and its boundaries are available , TSC_ID=C1.2, COSO_ID=15, TSC_SIM=0.8206697716144749, COSO_SIM=0.7958862525146936
2025-07-01 15:21:41,736 DEBUG Starting new HTTPS connection (1): api.openai.com:443
2025-07-01 15:21:42,153 DEBUG https://api.openai.com:443 "POST /v1/embeddings HTTP/1.1" 200 None
2025-07-01 15:21:42,202 INFO CONTROL 14: ID=CC2.3.3, DESC=SimpleLegal maintains an updated Terms of Service and Service Level Agreement on, TSC_ID=P2.1, COSO_ID=1, TSC_SIM=0.8184706100590076, COSO_SIM=0.7985688397597216
2025-07-01 15:21:42,202 DEBUG Starting new HTTPS connection (1): api.openai.com:443
2025-07-01 15:21:42,500 DEBUG https://api.openai.com:443 "POST /v1/embeddings HTTP/1.1" 200 None
2025-07-01 15:21:42,542 INFO CONTROL 15: ID=None, DESC=verify whether the Board of Directors met on a quarterly basis to discuss Compan, TSC_ID=CC2.1, COSO_ID=2, TSC_SIM=0.8423296015698406, COSO_SIM=0.8423296015698406
2025-07-01 15:21:42,542 DEBUG Starting new HTTPS connection (1): api.openai.com:443
2025-07-01 15:21:42,815 DEBUG https://api.openai.com:443 "POST /v1/embeddings HTTP/1.1" 200 None
2025-07-01 15:21:42,943 INFO CONTROL 16: ID=CC1.3.1, DESC=SimpleLegal maintains an updated organizational chart that establishes structure, TSC_ID=CC3.1, COSO_ID=3, TSC_SIM=0.8545384970506389, COSO_SIM=0.8545384970506389
2025-07-01 15:21:42,944 DEBUG Starting new HTTPS connection (1): api.openai.com:443
2025-07-01 15:21:43,504 DEBUG https://api.openai.com:443 "POST /v1/embeddings HTTP/1.1" 200 None
2025-07-01 15:21:43,560 INFO CONTROL 17: ID=CC1.3.2, DESC=SimpleLegal’s executive leadership meets on a monthly basis to discuss operation, TSC_ID=CC9.2, COSO_ID=17, TSC_SIM=0.8365958560338935, COSO_SIM=0.8389425161536184
2025-07-01 15:21:43,560 DEBUG Starting new HTTPS connection (1): api.openai.com:443
2025-07-01 15:21:43,876 DEBUG https://api.openai.com:443 "POST /v1/embeddings HTTP/1.1" 200 None
2025-07-01 15:21:43,911 INFO CONTROL 18: ID=CC1.3.3, DESC=SimpleLegal has an assigned security team that is responsible for the design, im, TSC_ID=C1.6, COSO_ID=17, TSC_SIM=0.8223229275135157, COSO_SIM=0.8188868775353649
2025-07-01 15:21:43,917 INFO CONTROL 19: ID=CC1.4.1, DESC=All positions have a detailed job description that lists qualifications, such as, TSC_ID=CC4.1, COSO_ID=4, TSC_SIM=0.795043404554616, COSO_SIM=0.7990416449285983
2025-07-01 15:21:43,923 INFO CONTROL 20: ID=CC1.4.2, DESC=SimpleLegal performs background checks on new employees prior to hire, as permit, TSC_ID=P5.1, COSO_ID=4, TSC_SIM=0.804912592355892, COSO_SIM=0.7939269710151999
2025-07-01 15:21:43,923 DEBUG Starting new HTTPS connection (1): api.openai.com:443
2025-07-01 15:21:44,359 DEBUG https://api.openai.com:443 "POST /v1/embeddings HTTP/1.1" 200 None
2025-07-01 15:21:44,415 INFO CONTROL 21: ID=CC4.1.4, DESC=SimpleLegal uses intrusion detection systems that continuously monitor for malic, TSC_ID=C1.6, COSO_ID=9, TSC_SIM=0.8393462840456569, COSO_SIM=0.7797393961891318
2025-07-01 15:21:44,415 DEBUG Starting new HTTPS connection (1): api.openai.com:443
2025-07-01 15:21:44,756 DEBUG https://api.openai.com:443 "POST /v1/embeddings HTTP/1.1" 200 None
2025-07-01 15:21:44,809 INFO CONTROL 22: ID=CC4.1.5, DESC=SimpleLegal has established a formalized phishing prevention and monitoring camp, TSC_ID=C1.6, COSO_ID=8, TSC_SIM=0.8131742588548013, COSO_SIM=0.8084115215060812
2025-07-01 15:21:44,815 INFO CONTROL 23: ID=CC4.1.5, DESC=SimpleLegal has established a formalized phishing prevention and monitoring camp, TSC_ID=C1.6, COSO_ID=8, TSC_SIM=0.8131742588548013, COSO_SIM=0.8084115215060812
2025-07-01 15:21:44,815 DEBUG Starting new HTTPS connection (1): api.openai.com:443
2025-07-01 15:21:45,084 DEBUG https://api.openai.com:443 "POST /v1/embeddings HTTP/1.1" 200 None
2025-07-01 15:21:45,155 INFO CONTROL 24: ID=CC4.2.1, DESC=Management assesses the results of ongoing and separate evaluations. Deficiencie, TSC_ID=CC9.2, COSO_ID=17, TSC_SIM=0.8940180876104861, COSO_SIM=0.9018691723012794
2025-07-01 15:21:45,156 DEBUG Starting new HTTPS connection (1): api.openai.com:443
2025-07-01 15:21:45,527 DEBUG https://api.openai.com:443 "POST /v1/embeddings HTTP/1.1" 200 None
2025-07-01 15:21:45,588 INFO CONTROL 25: ID=CC1.1.1, DESC=SimpleLegal has established a Code of Conduct policy that is acknowledged by all, TSC_ID=CC1.1, COSO_ID=1, TSC_SIM=0.8279087689852769, COSO_SIM=0.8326298536916821
2025-07-01 15:21:45,588 DEBUG Starting new HTTPS connection (1): api.openai.com:443
2025-07-01 15:21:45,916 DEBUG https://api.openai.com:443 "POST /v1/embeddings HTTP/1.1" 200 None
2025-07-01 15:21:45,967 INFO CONTROL 26: ID=CC1.2.1, DESC=SimpleLegal is a subsidiary of Onit, whose leaders have relevant skills and indu, TSC_ID=CC3.1, COSO_ID=3, TSC_SIM=0.7978462112163255, COSO_SIM=0.7978462112163255
2025-07-01 15:21:45,967 DEBUG Starting new HTTPS connection (1): api.openai.com:443
2025-07-01 15:21:46,302 DEBUG https://api.openai.com:443 "POST /v1/embeddings HTTP/1.1" 200 None
2025-07-01 15:21:46,367 INFO CONTROL 27: ID=CC1.2.2, DESC=SimpleLegal meets with the Onit Board of Directors on at least a quarterly basis, TSC_ID=CC2.1, COSO_ID=15, TSC_SIM=0.8263400448055802, COSO_SIM=0.8291612142586597
2025-07-01 15:21:46,373 INFO CONTROL 28: ID=CC1.3.1, DESC=SimpleLegal maintains an updated organizational chart that establishes structure, TSC_ID=CC3.1, COSO_ID=3, TSC_SIM=0.8545384970506389, COSO_SIM=0.8545384970506389
2025-07-01 15:21:46,378 INFO CONTROL 29: ID=CC1.3.2, DESC=SimpleLegal’s executive leadership meets on a monthly basis to discuss operation, TSC_ID=CC9.2, COSO_ID=17, TSC_SIM=0.8365958560338935, COSO_SIM=0.8389425161536184
2025-07-01 15:21:46,379 DEBUG Starting new HTTPS connection (1): api.openai.com:443
2025-07-01 15:21:46,722 DEBUG https://api.openai.com:443 "POST /v1/embeddings HTTP/1.1" 200 None
2025-07-01 15:21:46,767 INFO CONTROL 30: ID=CC5.1.1, DESC=As part of the risk assessment process, management ensures that adequate control, TSC_ID=CC7.1, COSO_ID=10, TSC_SIM=0.8914480366888758, COSO_SIM=0.8815595118984204
2025-07-01 15:21:46,773 INFO CONTROL 31: ID=CC5.1.1, DESC=As part of the risk assessment process, management ensures that adequate control, TSC_ID=CC7.1, COSO_ID=10, TSC_SIM=0.8914480366888758, COSO_SIM=0.8815595118984204
2025-07-01 15:21:46,774 DEBUG Starting new HTTPS connection (1): api.openai.com:443
2025-07-01 15:21:47,052 DEBUG https://api.openai.com:443 "POST /v1/embeddings HTTP/1.1" 200 None
2025-07-01 15:21:47,105 INFO CONTROL 32: ID=CC5.2.1, DESC=SimpleLegal maintains a suite of Information Technology General Controls (ITGCs), TSC_ID=CC7.2, COSO_ID=11, TSC_SIM=0.861674997108738, COSO_SIM=0.8699699558895481
2025-07-01 15:21:47,105 DEBUG Starting new HTTPS connection (1): api.openai.com:443
2025-07-01 15:21:47,596 DEBUG https://api.openai.com:443 "POST /v1/embeddings HTTP/1.1" 200 None
2025-07-01 15:21:47,649 INFO CONTROL 33: ID=CC5.3.1, DESC=SimpleLegal maintains upd, TSC_ID=P5.1, COSO_ID=1, TSC_SIM=0.7661268485177608, COSO_SIM=0.7462985248788293
2025-07-01 15:21:47,650 DEBUG Starting new HTTPS connection (1): api.openai.com:443
2025-07-01 15:21:47,899 DEBUG https://api.openai.com:443 "POST /v1/embeddings HTTP/1.1" 200 None
2025-07-01 15:21:47,929 INFO CONTROL 34: ID=CC4.1.1, DESC=SimpleLegal conducts ongoing monitoring over internal controls to ensure they ar, TSC_ID=CC9.1, COSO_ID=16, TSC_SIM=0.8676965511609886, COSO_SIM=0.8785679712293805
2025-07-01 15:21:47,929 DEBUG Starting new HTTPS connection (1): api.openai.com:443
2025-07-01 15:21:48,280 DEBUG https://api.openai.com:443 "POST /v1/embeddings HTTP/1.1" 200 None
2025-07-01 15:21:48,339 INFO CONTROL 35: ID=CC4.1.2, DESC=SimpleLegal engages a qualified third-party security firm to conduct penetration, TSC_ID=C1.6, COSO_ID=17, TSC_SIM=0.8440859136937854, COSO_SIM=0.8232025055501445
2025-07-01 15:21:48,339 DEBUG Starting new HTTPS connection (1): api.openai.com:443
2025-07-01 15:21:48,584 DEBUG https://api.openai.com:443 "POST /v1/embeddings HTTP/1.1" 200 None
2025-07-01 15:21:48,641 INFO CONTROL 36: ID=CC4.1.3, DESC=SimpleLegal has implemented a vulnerability management program to detect and rem, TSC_ID=C1.6, COSO_ID=9, TSC_SIM=0.8450820761046008, COSO_SIM=0.7975262460434771
2025-07-01 15:21:48,647 INFO CONTROL 37: ID=CC4.1.4, DESC=SimpleLegal uses intrusion detection systems that continuously monitor for malic, TSC_ID=C1.6, COSO_ID=9, TSC_SIM=0.8393462840456569, COSO_SIM=0.7797393961891318
2025-07-01 15:21:48,652 INFO CONTROL 38: ID=CC2.3.2, DESC=Objective descriptions of SimpleLegal’s system and its boundaries are available , TSC_ID=C1.2, COSO_ID=15, TSC_SIM=0.8206697716144749, COSO_SIM=0.7958862525146936
2025-07-01 15:21:48,658 INFO CONTROL 39: ID=CC2.3.3, DESC=SimpleLegal maintains an updated Terms of Service and Service Level Agreement on, TSC_ID=P2.1, COSO_ID=1, TSC_SIM=0.8184706100590076, COSO_SIM=0.7985688397597216
2025-07-01 15:21:48,659 DEBUG Starting new HTTPS connection (1): api.openai.com:443
2025-07-01 15:21:49,036 DEBUG https://api.openai.com:443 "POST /v1/embeddings HTTP/1.1" 200 None
2025-07-01 15:21:49,095 INFO CONTROL 40: ID=CC3.1.1, DESC=SimpleLegal maintains a risk management program that describes the processes the, TSC_ID=CC6.2, COSO_ID=7, TSC_SIM=0.8564202230420856, COSO_SIM=0.8627172175543385
2025-07-01 15:21:49,096 DEBUG Starting new HTTPS connection (1): api.openai.com:443
2025-07-01 15:21:49,335 DEBUG https://api.openai.com:443 "POST /v1/embeddings HTTP/1.1" 200 None
2025-07-01 15:21:49,374 INFO CONTROL 41: ID=CC3.1.2, DESC=On a quarterly basis, SimpleLegal conducts an assessment on the risks related to, TSC_ID=P7.1, COSO_ID=9, TSC_SIM=0.8323372914667908, COSO_SIM=0.8131502322801579
2025-07-01 15:21:49,374 DEBUG Starting new HTTPS connection (1): api.openai.com:443
2025-07-01 15:21:49,652 DEBUG https://api.openai.com:443 "POST /v1/embeddings HTTP/1.1" 200 None
2025-07-01 15:21:49,686 INFO CONTROL 42: ID=CC3.2.1, DESC=On a quarterly basis, SimpleLegal performs a risk assessment, which includes the, TSC_ID=CC6.2, COSO_ID=7, TSC_SIM=0.8445666862974328, COSO_SIM=0.8479426380961774
2025-07-01 15:21:49,692 INFO CONTROL 43: ID=CC3.2.1, DESC=On a quarterly basis, SimpleLegal performs a risk assessment, which includes the, TSC_ID=CC6.2, COSO_ID=7, TSC_SIM=0.8445666862974328, COSO_SIM=0.8479426380961774
2025-07-01 15:21:49,693 DEBUG Starting new HTTPS connection (1): api.openai.com:443
2025-07-01 15:21:50,020 DEBUG https://api.openai.com:443 "POST /v1/embeddings HTTP/1.1" 200 None
2025-07-01 15:21:50,060 INFO CONTROL 44: ID=CC3.3.1, DESC=As part of the risk assessment process, management considers various types of fr, TSC_ID=CC6.3, COSO_ID=8, TSC_SIM=0.8856853262771409, COSO_SIM=0.8923771429329451
2025-07-01 15:21:50,060 DEBUG Starting new HTTPS connection (1): api.openai.com:443
2025-07-01 15:21:50,323 DEBUG https://api.openai.com:443 "POST /v1/embeddings HTTP/1.1" 200 None
2025-07-01 15:21:50,446 INFO CONTROL 45: ID=CC3.4.1, DESC=As part of the risk assessment process, management identifies and assesses chang, TSC_ID=CC6.4, COSO_ID=9, TSC_SIM=0.9082547260282542, COSO_SIM=0.9205612527404301
2025-07-01 15:21:50,447 DEBUG Starting new HTTPS connection (1): api.openai.com:443
2025-07-01 15:21:50,712 DEBUG https://api.openai.com:443 "POST /v1/embeddings HTTP/1.1" 200 None
2025-07-01 15:21:50,776 INFO CONTROL 46: ID=CC4.1.1, DESC=SimpleLegal conducts ongoing monitoring over internal controls to ensure they ar, TSC_ID=CC9.1, COSO_ID=16, TSC_SIM=0.8718332270839414, COSO_SIM=0.8827404335219017
2025-07-01 15:21:50,776 DEBUG Starting new HTTPS connection (1): api.openai.com:443
2025-07-01 15:21:50,984 DEBUG https://api.openai.com:443 "POST /v1/embeddings HTTP/1.1" 200 None
2025-07-01 15:21:51,031 INFO CONTROL 47: ID=CC6.1.7, DESC=SimpleLegal maintains active SHA-256 encryption certificates for its web applica, TSC_ID=Conf1.4, COSO_ID=1, TSC_SIM=0.8121842605438989, COSO_SIM=0.7767271004030271
2025-07-01 15:21:51,031 DEBUG Starting new HTTPS connection (1): api.openai.com:443
2025-07-01 15:21:51,275 DEBUG https://api.openai.com:443 "POST /v1/embeddings HTTP/1.1" 200 None
2025-07-01 15:21:51,328 INFO CONTROL 48: ID=CC6.1.8, DESC=SimpleLegal encrypts all employee and contractor workstations with full disk enc, TSC_ID=Conf1.4, COSO_ID=1, TSC_SIM=0.815585276212689, COSO_SIM=0.765283777148069
2025-07-01 15:21:51,329 DEBUG Starting new HTTPS connection (1): api.openai.com:443
2025-07-01 15:21:51,631 DEBUG https://api.openai.com:443 "POST /v1/embeddings HTTP/1.1" 200 None
2025-07-01 15:21:51,690 INFO CONTROL 49: ID=CC6.1.9, DESC=Administrative and privileged access rights are restricted to authorized personn, TSC_ID=C1.2, COSO_ID=12, TSC_SIM=0.8848553423004945, COSO_SIM=0.7915891887688015
2025-07-01 15:21:51,690 DEBUG Starting new HTTPS connection (1): api.openai.com:443
2025-07-01 15:21:51,949 DEBUG https://api.openai.com:443 "POST /v1/embeddings HTTP/1.1" 200 None
2025-07-01 15:21:52,007 INFO CONTROL 50: ID=CC6.2.1, DESC=An authorized system administrator approves access to SimpleLegal systems and ap, TSC_ID=C1.3, COSO_ID=9, TSC_SIM=0.8789952841302826, COSO_SIM=0.8056988367640158
2025-07-01 15:21:52,008 DEBUG Starting new HTTPS connection (1): api.openai.com:443
2025-07-01 15:21:52,288 DEBUG https://api.openai.com:443 "POST /v1/embeddings HTTP/1.1" 200 None
2025-07-01 15:21:52,336 INFO CONTROL 51: ID=CC6.2.2, DESC=System access is removed within 48 hours upon employee or contractor termination, TSC_ID=C1.4, COSO_ID=9, TSC_SIM=0.7911590021762543, COSO_SIM=0.7414841225206102
2025-07-01 15:21:52,337 DEBUG Starting new HTTPS connection (1): api.openai.com:443
2025-07-01 15:21:52,679 DEBUG https://api.openai.com:443 "POST /v1/embeddings HTTP/1.1" 200 None
2025-07-01 15:21:52,733 INFO CONTROL 52: ID=CC6.2.3, DESC=On a quarterly basis, management reviews access rights for all SimpleLegal perso, TSC_ID=C1.2, COSO_ID=9, TSC_SIM=0.834764803474828, COSO_SIM=0.8043632547943514
2025-07-01 15:21:52,734 DEBUG Starting new HTTPS connection (1): api.openai.com:443
2025-07-01 15:21:53,026 DEBUG https://api.openai.com:443 "POST /v1/embeddings HTTP/1.1" 200 None
2025-07-01 15:21:53,061 INFO CONTROL 53: ID=CC5.2.1, DESC=SimpleLegal maintains a suite of Information Technology General Controls (ITGCs), TSC_ID=CC7.2, COSO_ID=11, TSC_SIM=0.8669621842791234, COSO_SIM=0.8721014711323324
2025-07-01 15:21:53,061 DEBUG Starting new HTTPS connection (1): api.openai.com:443
2025-07-01 15:21:53,402 DEBUG https://api.openai.com:443 "POST /v1/embeddings HTTP/1.1" 200 None
2025-07-01 15:21:53,445 INFO CONTROL 54: ID=CC5.3.1, DESC=SimpleLegal maintains updated policies and procedures that incorporate control a, TSC_ID=CC7.3, COSO_ID=12, TSC_SIM=0.8728491870613347, COSO_SIM=0.8839945004134541
2025-07-01 15:21:53,446 DEBUG Starting new HTTPS connection (1): api.openai.com:443
2025-07-01 15:21:53,671 DEBUG https://api.openai.com:443 "POST /v1/embeddings HTTP/1.1" 200 None
2025-07-01 15:21:53,714 INFO CONTROL 55: ID=CC6.1.1, DESC=SimpleLegal maintains an updated inventory of information assets within the orga, TSC_ID=C1.1, COSO_ID=13, TSC_SIM=0.9071438588678798, COSO_SIM=0.8337190069440843
2025-07-01 15:21:53,714 DEBUG Starting new HTTPS connection (1): api.openai.com:443
2025-07-01 15:21:54,108 DEBUG https://api.openai.com:443 "POST /v1/embeddings HTTP/1.1" 200 None
2025-07-01 15:21:54,163 INFO CONTROL 56: ID=CC6.1.2, DESC=Access to SimpleLegal’s infrastructure and sensitive systems/applications requir, TSC_ID=C1.2, COSO_ID=8, TSC_SIM=0.8229696644044436, COSO_SIM=0.7559873290521231
2025-07-01 15:21:54,164 DEBUG Starting new HTTPS connection (1): api.openai.com:443
2025-07-01 15:21:54,467 DEBUG https://api.openai.com:443 "POST /v1/embeddings HTTP/1.1" 200 None
2025-07-01 15:21:54,516 INFO CONTROL 57: ID=CC6.1.3, DESC=SimpleLegal utilizes AWS Key Management Service (KMS) to securely create and man, TSC_ID=C1.9, COSO_ID=1, TSC_SIM=0.7862675882001193, COSO_SIM=0.7502297214669251
2025-07-01 15:21:54,522 INFO CONTROL 58: ID=CC6.2.2, DESC=System access is removed within 48 hours upon employee or contractor termination, TSC_ID=C1.4, COSO_ID=9, TSC_SIM=0.7911590021762543, COSO_SIM=0.7414841225206102
2025-07-01 15:21:54,528 INFO CONTROL 59: ID=CC6.2.3, DESC=On a quarterly basis, management reviews access rights for all SimpleLegal perso, TSC_ID=C1.2, COSO_ID=9, TSC_SIM=0.834764803474828, COSO_SIM=0.8043632547943514
2025-07-01 15:21:54,533 INFO CONTROL 60: ID=CC6.3.1, DESC=An authorized system administrator approves access to SimpleLegal systems and ap, TSC_ID=C1.3, COSO_ID=9, TSC_SIM=0.8789952841302826, COSO_SIM=0.8056988367640158
2025-07-01 15:21:54,539 INFO CONTROL 61: ID=CC6.3.2, DESC=System access is removed within 48 hours upon employee or contractor termination, TSC_ID=C1.4, COSO_ID=9, TSC_SIM=0.7911590021762543, COSO_SIM=0.7414841225206102
2025-07-01 15:21:54,545 INFO CONTROL 62: ID=CC6.3.3, DESC=On a quarterly basis, management reviews access rights for all SimpleLegal perso, TSC_ID=C1.2, COSO_ID=9, TSC_SIM=0.834764803474828, COSO_SIM=0.8043632547943514
2025-07-01 15:21:54,545 DEBUG Starting new HTTPS connection (1): api.openai.com:443
2025-07-01 15:21:54,859 DEBUG https://api.openai.com:443 "POST /v1/embeddings HTTP/1.1" 200 None
2025-07-01 15:21:54,906 INFO CONTROL 63: ID=CC6.3.4, DESC=SimpleLegal maintains remote-wipe software on all Company workstations., TSC_ID=C1.8, COSO_ID=1, TSC_SIM=0.8102216858999803, COSO_SIM=0.7680606302603653
2025-07-01 15:21:54,907 DEBUG Starting new HTTPS connection (1): api.openai.com:443
2025-07-01 15:21:55,338 DEBUG https://api.openai.com:443 "POST /v1/embeddings HTTP/1.1" 200 None
2025-07-01 15:21:55,400 INFO CONTROL 64: ID=CC6.4.3, DESC=Onit utilizes video surveillance cameras that provide 24/7 video streaming, reco, TSC_ID=C1.5, COSO_ID=12, TSC_SIM=0.788547348324544, COSO_SIM=0.7432728528067397
2025-07-01 15:21:55,400 DEBUG Starting new HTTPS connection (1): api.openai.com:443
2025-07-01 15:21:55,727 DEBUG https://api.openai.com:443 "POST /v1/embeddings HTTP/1.1" 200 None
2025-07-01 15:21:55,781 INFO CONTROL 65: ID=CC6.4.4, DESC=Onit maintains an office shred bin for the disposal of sensitive hardcopy materi, TSC_ID=Conf1.2, COSO_ID=1, TSC_SIM=0.8262818331400146, COSO_SIM=0.77945891767667
2025-07-01 15:21:55,782 DEBUG Starting new HTTPS connection (1): api.openai.com:443
2025-07-01 15:21:56,043 DEBUG https://api.openai.com:443 "POST /v1/embeddings HTTP/1.1" 200 None
2025-07-01 15:21:56,110 INFO CONTROL 66: ID=CC6.5.1, DESC=SimpleLegal maintains a Record Retention Policy that outlines how long various t, TSC_ID=P8.1, COSO_ID=13, TSC_SIM=0.858891571902913, COSO_SIM=0.783026993536498
2025-07-01 15:21:56,110 DEBUG Starting new HTTPS connection (1): api.openai.com:443
2025-07-01 15:21:56,506 DEBUG https://api.openai.com:443 "POST /v1/embeddings HTTP/1.1" 200 None
2025-07-01 15:21:56,577 INFO CONTROL 67: ID=CC6.5.2, DESC=Prior to disposing of obsolete workstations or removable media, the SVP, Busines, TSC_ID=Conf1.2, COSO_ID=12, TSC_SIM=0.8431755607787067, COSO_SIM=0.7809582131129829
2025-07-01 15:21:56,577 DEBUG Starting new HTTPS connection (1): api.openai.com:443
2025-07-01 15:21:56,891 DEBUG https://api.openai.com:443 "POST /v1/embeddings HTTP/1.1" 200 None
2025-07-01 15:21:56,898 INFO CONTROL 68: ID=CC6.6.1, DESC=Firewall rules are configured to restrict network traffic to approved ports, pro, TSC_ID=C1.2, COSO_ID=12, TSC_SIM=0.8243643733754772, COSO_SIM=0.7785794761570626
2025-07-01 15:21:56,899 DEBUG Starting new HTTPS connection (1): api.openai.com:443
2025-07-01 15:21:57,301 DEBUG https://api.openai.com:443 "POST /v1/embeddings HTTP/1.1" 200 None
2025-07-01 15:21:57,321 INFO CONTROL 69: ID=CC6.6.2, DESC=SimpleLegal utilizes a Web Application Firewall (WAF) to protect the web applica, TSC_ID=C1.2, COSO_ID=8, TSC_SIM=0.8136665437284211, COSO_SIM=0.7636407720011097
2025-07-01 15:21:57,327 INFO CONTROL 70: ID=CC6.3.2, DESC=System access is removed within 48 hours upon employee or contractor termination, TSC_ID=C1.4, COSO_ID=9, TSC_SIM=0.7911590021762543, COSO_SIM=0.7414841225206102
2025-07-01 15:21:57,332 INFO CONTROL 71: ID=CC6.3.3, DESC=On a quarterly basis, management reviews access rights for all SimpleLegal perso, TSC_ID=C1.2, COSO_ID=9, TSC_SIM=0.834764803474828, COSO_SIM=0.8043632547943514
2025-07-01 15:21:57,338 INFO CONTROL 72: ID=CC6.3.4, DESC=SimpleLegal maintains remote-wipe software on all Company workstations., TSC_ID=C1.8, COSO_ID=1, TSC_SIM=0.8102216858999803, COSO_SIM=0.7680606302603653
2025-07-01 15:21:57,338 DEBUG Starting new HTTPS connection (1): api.openai.com:443
2025-07-01 15:21:57,599 DEBUG https://api.openai.com:443 "POST /v1/embeddings HTTP/1.1" 200 None
2025-07-01 15:21:57,657 INFO CONTROL 73: ID=CC6.4.1, DESC=Onit maintains a Physical Security Policy that outlines requirements around main, TSC_ID=C1.4, COSO_ID=12, TSC_SIM=0.8604094834260442, COSO_SIM=0.8290296087775597
2025-07-01 15:21:57,658 DEBUG Starting new HTTPS connection (1): api.openai.com:443
2025-07-01 15:21:57,904 DEBUG https://api.openai.com:443 "POST /v1/embeddings HTTP/1.1" 200 None
2025-07-01 15:21:57,940 INFO CONTROL 74: ID=CC6.4.2, DESC=The entrance to Onit’s office is locked and a keycard/fob is required to gain en, TSC_ID=C1.4, COSO_ID=4, TSC_SIM=0.805201428497286, COSO_SIM=0.7552180840680077
2025-07-01 15:21:57,941 DEBUG Starting new HTTPS connection (1): api.openai.com:443
2025-07-01 15:21:59,495 DEBUG https://api.openai.com:443 "POST /v1/embeddings HTTP/1.1" 200 None
2025-07-01 15:21:59,563 INFO CONTROL 75: ID=CC6.4.3, DESC=Onit utilizes video surveillance cameras that provide 24/7 video streaming, reco, TSC_ID=C1.5, COSO_ID=12, TSC_SIM=0.7880068233512157, COSO_SIM=0.7409312861877482
2025-07-01 15:21:59,569 INFO CONTROL 76: ID=CC6.4.4, DESC=Onit maintains an office shred bin for the disposal of sensitive hardcopy materi, TSC_ID=Conf1.2, COSO_ID=1, TSC_SIM=0.8262818331400146, COSO_SIM=0.77945891767667
2025-07-01 15:21:59,569 DEBUG Starting new HTTPS connection (1): api.openai.com:443
2025-07-01 15:21:59,836 DEBUG https://api.openai.com:443 "POST /v1/embeddings HTTP/1.1" 200 None
2025-07-01 15:21:59,893 INFO CONTROL 77: ID=CC6.8.1, DESC=SimpleLegal utilizes an endpoint protection tool to monitor employee devices and, TSC_ID=C1.9, COSO_ID=12, TSC_SIM=0.8197778211800741, COSO_SIM=0.7542150175927592
2025-07-01 15:21:59,899 INFO CONTROL 78: ID=CC6.8.1, DESC=SimpleLegal utilizes an endpoint protection tool to monitor employee devices and, TSC_ID=C1.9, COSO_ID=12, TSC_SIM=0.8197778211800741, COSO_SIM=0.7542150175927592
2025-07-01 15:21:59,899 DEBUG Starting new HTTPS connection (1): api.openai.com:443
2025-07-01 15:22:00,177 DEBUG https://api.openai.com:443 "POST /v1/embeddings HTTP/1.1" 200 None
2025-07-01 15:22:00,223 INFO CONTROL 79: ID=CC6.8.2, DESC=SimpleLegal configures its email security policies to protect the organization f, TSC_ID=C1.2, COSO_ID=12, TSC_SIM=0.8203649015439768, COSO_SIM=0.7805891237292948
2025-07-01 15:22:00,224 DEBUG Starting new HTTPS connection (1): api.openai.com:443
2025-07-01 15:22:00,580 DEBUG https://api.openai.com:443 "POST /v1/embeddings HTTP/1.1" 200 None
2025-07-01 15:22:00,641 INFO CONTROL 80: ID=CC7.1.1, DESC=SimpleLegal maintains baseline configurations for its information systems and sy, TSC_ID=C1.3, COSO_ID=11, TSC_SIM=0.8417111666786466, COSO_SIM=0.8033997874613866
2025-07-01 15:22:00,647 INFO CONTROL 81: ID=CC7.1.2, DESC=SimpleLegal has implemented a vulnerability management program to detect and rem, TSC_ID=C1.6, COSO_ID=9, TSC_SIM=0.8450820761046008, COSO_SIM=0.7975262460434771
2025-07-01 15:22:00,653 INFO CONTROL 82: ID=CC6.1.1, DESC=SimpleLegal maintains an updated inventory of information assets within the orga, TSC_ID=C1.1, COSO_ID=13, TSC_SIM=0.9071438588678798, COSO_SIM=0.8337190069440843
2025-07-01 15:22:00,658 INFO CONTROL 83: ID=CC6.1.2, DESC=Access to SimpleLegal’s infrastructure and sensitive systems/applications requir, TSC_ID=C1.2, COSO_ID=8, TSC_SIM=0.8229696644044436, COSO_SIM=0.7559873290521231
2025-07-01 15:22:00,664 INFO CONTROL 84: ID=CC6.1.3, DESC=SimpleLegal utilizes AWS Key Management Service (KMS) to securely create and man, TSC_ID=C1.9, COSO_ID=1, TSC_SIM=0.7862675882001193, COSO_SIM=0.7502297214669251
2025-07-01 15:22:00,664 DEBUG Starting new HTTPS connection (1): api.openai.com:443
2025-07-01 15:22:00,972 DEBUG https://api.openai.com:443 "POST /v1/embeddings HTTP/1.1" 200 None
2025-07-01 15:22:01,035 INFO CONTROL 85: ID=CC6.1.4, DESC=SimpleLegal utilizes Virtual Private Clouds (VPCs) and sub-networks (subnets) to, TSC_ID=C1.2, COSO_ID=12, TSC_SIM=0.7812931074342926, COSO_SIM=0.7622139123836359
2025-07-01 15:22:01,036 DEBUG Starting new HTTPS connection (1): api.openai.com:443
2025-07-01 15:22:01,275 DEBUG https://api.openai.com:443 "POST /v1/embeddings HTTP/1.1" 200 None
2025-07-01 15:22:01,293 INFO CONTROL 86: ID=CC6.1.5, DESC=SimpleLegal utilizes the AWS Identity and Access Management (IAM) console to sec, TSC_ID=C1.2, COSO_ID=12, TSC_SIM=0.8099547078906869, COSO_SIM=0.7555868882112591
2025-07-01 15:22:01,294 DEBUG Starting new HTTPS connection (1): api.openai.com:443
2025-07-01 15:22:01,541 DEBUG https://api.openai.com:443 "POST /v1/embeddings HTTP/1.1" 200 None
2025-07-01 15:22:01,582 INFO CONTROL 87: ID=CC6.1.6, DESC=SimpleLegal encrypts data at rest through server-side encryption (SSE) using AES, TSC_ID=Conf1.4, COSO_ID=1, TSC_SIM=0.7924948764210253, COSO_SIM=0.73382253131364
2025-07-01 15:22:01,588 INFO CONTROL 88: ID=CC6.1.7, DESC=SimpleLegal maintains active SHA-256 encryption certificates for its web applica, TSC_ID=Conf1.4, COSO_ID=1, TSC_SIM=0.8121842605438989, COSO_SIM=0.7767271004030271
2025-07-01 15:22:01,593 INFO CONTROL 89: ID=CC6.1.8, DESC=SimpleLegal encrypts all employee and contractor workstations with full disk enc, TSC_ID=Conf1.4, COSO_ID=1, TSC_SIM=0.815585276212689, COSO_SIM=0.765283777148069
2025-07-01 15:22:01,599 INFO CONTROL 90: ID=CC6.1.9, DESC=Administrative and privileged access rights are restricted to authorized personn, TSC_ID=C1.2, COSO_ID=12, TSC_SIM=0.8848553423004945, COSO_SIM=0.7915891887688015
2025-07-01 15:22:01,600 DEBUG Starting new HTTPS connection (1): api.openai.com:443
2025-07-01 15:22:01,920 DEBUG https://api.openai.com:443 "POST /v1/embeddings HTTP/1.1" 200 None
2025-07-01 15:22:01,961 INFO CONTROL 91: ID=CC7.2, DESC=The entity monitors system components and the operation of those components for , TSC_ID=C1.5, COSO_ID=7, TSC_SIM=0.8887725508320931, COSO_SIM=0.8282289177684183
2025-07-01 15:22:01,962 DEBUG Starting new HTTPS connection (1): api.openai.com:443
2025-07-01 15:22:02,186 DEBUG https://api.openai.com:443 "POST /v1/embeddings HTTP/1.1" 200 None
2025-07-01 15:22:02,214 INFO CONTROL 92: ID=CC7.2.1, DESC=SimpleLegal maintains updated detection policies, procedures, and tools to ident, TSC_ID=C1.6, COSO_ID=9, TSC_SIM=0.8574823982531667, COSO_SIM=0.8117242712254937
2025-07-01 15:22:02,214 DEBUG Starting new HTTPS connection (1): api.openai.com:443
2025-07-01 15:22:02,464 DEBUG https://api.openai.com:443 "POST /v1/embeddings HTTP/1.1" 200 None
2025-07-01 15:22:02,525 INFO CONTROL 93: ID=CC7.2.2, DESC=Detection tools are periodically analyzed by management for effectiveness and re, TSC_ID=CC9.2, COSO_ID=17, TSC_SIM=0.8343940711394907, COSO_SIM=0.8373783592794081
2025-07-01 15:22:02,525 DEBUG Starting new HTTPS connection (1): api.openai.com:443
2025-07-01 15:22:02,832 DEBUG https://api.openai.com:443 "POST /v1/embeddings HTTP/1.1" 200 None
2025-07-01 15:22:02,880 INFO CONTROL 94: ID=CC7.3, DESC=The entity evaluates security events to determine whether they could or have res, TSC_ID=C1.6, COSO_ID=7, TSC_SIM=0.909061793918096, COSO_SIM=0.8547257030024757
2025-07-01 15:22:02,880 DEBUG Starting new HTTPS connection (1): api.openai.com:443
2025-07-01 15:22:03,156 DEBUG https://api.openai.com:443 "POST /v1/embeddings HTTP/1.1" 200 None
2025-07-01 15:22:03,209 INFO CONTROL 95: ID=CC7.3.1, DESC=Incidents related to security are logged, tracked, and communicated to affected , TSC_ID=C1.6, COSO_ID=17, TSC_SIM=0.8586877016895899, COSO_SIM=0.8244375815101062
2025-07-01 15:22:03,210 DEBUG Starting new HTTPS connection (1): api.openai.com:443
2025-07-01 15:22:03,472 DEBUG https://api.openai.com:443 "POST /v1/embeddings HTTP/1.1" 200 None
2025-07-01 15:22:03,517 INFO CONTROL 96: ID=CC7.4, DESC=The entity responds to identified security incidents by executing a defined inci, TSC_ID=C1.6, COSO_ID=10, TSC_SIM=0.9202822239880648, COSO_SIM=0.8301869462027728
2025-07-01 15:22:03,518 DEBUG Starting new HTTPS connection (1): api.openai.com:443
2025-07-01 15:22:03,788 DEBUG https://api.openai.com:443 "POST /v1/embeddings HTTP/1.1" 200 None
2025-07-01 15:22:03,843 INFO CONTROL 97: ID=CC7.4.1, DESC=SimpleLegal maintains an updated incident response program, TSC_ID=C1.6, COSO_ID=1, TSC_SIM=0.841128688894769, COSO_SIM=0.7858503901566042
2025-07-01 15:22:03,849 INFO CONTROL 98: ID=CC6.6.1, DESC=Firewall rules are configured to restrict network traffic to approved ports, pro, TSC_ID=C1.2, COSO_ID=12, TSC_SIM=0.8243643733754772, COSO_SIM=0.7785794761570626
2025-07-01 15:22:03,854 INFO CONTROL 99: ID=CC6.6.2, DESC=SimpleLegal utilizes a Web Application Firewall (WAF) to protect the web applica, TSC_ID=C1.2, COSO_ID=8, TSC_SIM=0.8136665437284211, COSO_SIM=0.7636407720011097
2025-07-01 15:22:03,855 DEBUG Starting new HTTPS connection (1): api.openai.com:443
2025-07-01 15:22:04,183 DEBUG https://api.openai.com:443 "POST /v1/embeddings HTTP/1.1" 200 None
2025-07-01 15:22:04,214 INFO CONTROL 100: ID=CC6.7.1, DESC=SimpleLegal utilizes AWS Systems Manager to enable secure remote access to cloud, TSC_ID=C1.2, COSO_ID=12, TSC_SIM=0.809913308440329, COSO_SIM=0.7695711091327833
2025-07-01 15:22:04,215 DEBUG Starting new HTTPS connection (1): api.openai.com:443
2025-07-01 15:22:04,552 DEBUG https://api.openai.com:443 "POST /v1/embeddings HTTP/1.1" 200 None
2025-07-01 15:22:04,589 INFO CONTROL 101: ID=CC6.7.2, DESC=Data in transit is encrypted using Transport Layer Security (TLS) 1.2 or higher., TSC_ID=Conf1.4, COSO_ID=1, TSC_SIM=0.8078165110432608, COSO_SIM=0.7433369868961975
2025-07-01 15:22:04,589 DEBUG Starting new HTTPS connection (1): api.openai.com:443
2025-07-01 15:22:04,793 DEBUG https://api.openai.com:443 "POST /v1/embeddings HTTP/1.1" 200 None
2025-07-01 15:22:04,837 INFO CONTROL 102: ID=CC6.7.3, DESC=A centralized mobile device management solution has been deployed to Company-own, TSC_ID=C1.6, COSO_ID=12, TSC_SIM=0.8394688901686354, COSO_SIM=0.8168894570992673
2025-07-01 15:22:04,838 DEBUG Starting new HTTPS connection (1): api.openai.com:443
2025-07-01 15:22:05,108 DEBUG https://api.openai.com:443 "POST /v1/embeddings HTTP/1.1" 200 None
2025-07-01 15:22:05,166 INFO CONTROL 103: ID=CC6.8.1, DESC=SimpleLegal utilizes an endpoint protection tool to monitor employee devices and, TSC_ID=C1.9, COSO_ID=12, TSC_SIM=0.8256613094109525, COSO_SIM=0.7579108970233663
2025-07-01 15:22:05,173 INFO CONTROL 104: ID=CC7.3.1, DESC=Incidents related to security are logged, tracked, and communicated to affected , TSC_ID=C1.6, COSO_ID=17, TSC_SIM=0.8586877016895899, COSO_SIM=0.8244375815101062
2025-07-01 15:22:05,173 DEBUG Starting new HTTPS connection (1): api.openai.com:443
2025-07-01 15:22:05,484 DEBUG https://api.openai.com:443 "POST /v1/embeddings HTTP/1.1" 200 None
2025-07-01 15:22:05,514 INFO CONTROL 105: ID=CC7.4.1, DESC=SimpleLegal maintains an updated incident response program that defines procedur, TSC_ID=C1.6, COSO_ID=10, TSC_SIM=0.8607482178722808, COSO_SIM=0.8088054711773781
2025-07-01 15:22:05,514 DEBUG Starting new HTTPS connection (1): api.openai.com:443
2025-07-01 15:22:05,908 DEBUG https://api.openai.com:443 "POST /v1/embeddings HTTP/1.1" 200 None
2025-07-01 15:22:05,943 INFO CONTROL 106: ID=CC7.4.2, DESC=SimpleLegal follows the incident response program by understanding the nature of, TSC_ID=C1.6, COSO_ID=17, TSC_SIM=0.8581181665329309, COSO_SIM=0.8244026461560756
2025-07-01 15:22:05,943 DEBUG Starting new HTTPS connection (1): api.openai.com:443
2025-07-01 15:22:06,288 DEBUG https://api.openai.com:443 "POST /v1/embeddings HTTP/1.1" 200 None
2025-07-01 15:22:06,329 INFO CONTROL 107: ID=CC7.5.1, DESC=SimpleLegal follows the Incident Response Plan to restore the affected environme, TSC_ID=C1.6, COSO_ID=12, TSC_SIM=0.8394186514463358, COSO_SIM=0.8045587352529794
2025-07-01 15:22:06,335 INFO CONTROL 108: ID=CC7.1.1, DESC=SimpleLegal maintains baseline configurations for its information systems and sy, TSC_ID=C1.3, COSO_ID=11, TSC_SIM=0.8417111666786466, COSO_SIM=0.8033997874613866
2025-07-01 15:22:06,340 INFO CONTROL 109: ID=CC7.1.2, DESC=SimpleLegal has implemented a vulnerability management program to detect and rem, TSC_ID=C1.6, COSO_ID=9, TSC_SIM=0.8450820761046008, COSO_SIM=0.7975262460434771
2025-07-01 15:22:06,346 INFO CONTROL 110: ID=CC7.1.3, DESC=SimpleLegal uses intrusion detection systems that continuously monitor for malic, TSC_ID=C1.6, COSO_ID=9, TSC_SIM=0.8393462840456569, COSO_SIM=0.7797393961891318
2025-07-01 15:22:06,346 DEBUG Starting new HTTPS connection (1): api.openai.com:443
2025-07-01 15:22:06,619 DEBUG https://api.openai.com:443 "POST /v1/embeddings HTTP/1.1" 200 None
2025-07-01 15:22:06,682 INFO CONTROL 111: ID=CC7.1.4, DESC=A log management tool is utilized to identify trends that may have a potential i, TSC_ID=C1.5, COSO_ID=9, TSC_SIM=0.8357806886979684, COSO_SIM=0.8267265978240914
2025-07-01 15:22:06,688 INFO CONTROL 112: ID=CC7.2.1, DESC=SimpleLegal maintains updated detection policies, procedures, and tools to ident, TSC_ID=C1.6, COSO_ID=9, TSC_SIM=0.8574823982531667, COSO_SIM=0.8117242712254937
2025-07-01 15:22:06,688 DEBUG Starting new HTTPS connection (1): api.openai.com:443
2025-07-01 15:22:07,352 DEBUG https://api.openai.com:443 "POST /v1/embeddings HTTP/1.1" 200 None
2025-07-01 15:22:07,417 INFO CONTROL 113: ID=CC8.1.3, DESC=Developers are unable to deploy changes to production without independent code r, TSC_ID=C1.3, COSO_ID=12, TSC_SIM=0.8214700312304939, COSO_SIM=0.7937905975898676
2025-07-01 15:22:07,418 DEBUG Starting new HTTPS connection (1): api.openai.com:443
2025-07-01 15:22:07,804 DEBUG https://api.openai.com:443 "POST /v1/embeddings HTTP/1.1" 200 None
2025-07-01 15:22:07,864 INFO CONTROL 114: ID=CC8.1.4, DESC=SimpleLegal maintains separate test and production environments for software dev, TSC_ID=PI1.3, COSO_ID=16, TSC_SIM=0.7892558790975561, COSO_SIM=0.7655014873392574
2025-07-01 15:22:07,864 DEBUG Starting new HTTPS connection (1): api.openai.com:443
2025-07-01 15:22:08,172 DEBUG https://api.openai.com:443 "POST /v1/embeddings HTTP/1.1" 200 None
2025-07-01 15:22:08,222 INFO CONTROL 115: ID=CC8.1.5, DESC=Changes to the production environment are communicated to affected internal and , TSC_ID=CC6.4, COSO_ID=15, TSC_SIM=0.8444755621343825, COSO_SIM=0.8504994851310284
2025-07-01 15:22:08,222 DEBUG Starting new HTTPS connection (1): api.openai.com:443
2025-07-01 15:22:08,548 DEBUG https://api.openai.com:443 "POST /v1/embeddings HTTP/1.1" 200 None
2025-07-01 15:22:08,609 INFO CONTROL 116: ID=CC9.1.1, DESC=SimpleLegal maintains insurance to mitigate the financial impact of business dis, TSC_ID=C1.6, COSO_ID=8, TSC_SIM=0.8416140802974656, COSO_SIM=0.7979772671945944
2025-07-01 15:22:08,610 DEBUG Starting new HTTPS connection (1): api.openai.com:443
2025-07-01 15:22:08,915 DEBUG https://api.openai.com:443 "POST /v1/embeddings HTTP/1.1" 200 None
2025-07-01 15:22:08,954 INFO CONTROL 117: ID=CC9.1.2, DESC=SimpleLegal maintains updated business continuity and disaster recovery plans th, TSC_ID=A1.2, COSO_ID=12, TSC_SIM=0.8136622828787562, COSO_SIM=0.8014675785707445
2025-07-01 15:22:08,955 DEBUG Starting new HTTPS connection (1): api.openai.com:443
2025-07-01 15:22:09,868 DEBUG https://api.openai.com:443 "POST /v1/embeddings HTTP/1.1" 200 None
2025-07-01 15:22:09,933 INFO CONTROL 118: ID=CC8.1, DESC=The entity authorizes, designs, develops or acquires, configures, documents, tes, TSC_ID=C1.3, COSO_ID=12, TSC_SIM=0.969261217558665, COSO_SIM=0.8396235947975053
2025-07-01 15:22:09,934 DEBUG Starting new HTTPS connection (1): api.openai.com:443
2025-07-01 15:22:10,360 DEBUG https://api.openai.com:443 "POST /v1/embeddings HTTP/1.1" 200 None
2025-07-01 15:22:10,430 INFO CONTROL 119: ID=CC8.1.1, DESC=SimpleLegal maintains updated change management and software development policie, TSC_ID=C1.3, COSO_ID=9, TSC_SIM=0.8750665955635575, COSO_SIM=0.8228972372422031
2025-07-01 15:22:10,431 DEBUG Starting new HTTPS connection (1): api.openai.com:443
2025-07-01 15:22:10,724 DEBUG https://api.openai.com:443 "POST /v1/embeddings HTTP/1.1" 200 None
2025-07-01 15:22:10,777 INFO CONTROL 120: ID=CC8.1.2, DESC=SimpleLegal uses a version control system to manage source code, documentation, , TSC_ID=C1.3, COSO_ID=12, TSC_SIM=0.8409499740647794, COSO_SIM=0.7906468067239167
2025-07-01 15:22:10,783 INFO CONTROL 121: ID=CC8.1.3, DESC=Developers are unable to deploy changes to production without independent code r, TSC_ID=C1.3, COSO_ID=12, TSC_SIM=0.8214700312304939, COSO_SIM=0.7937905975898676
2025-07-01 15:22:10,789 INFO CONTROL 122: ID=CC8.1.4, DESC=SimpleLegal maintains separate test and production environments for software dev, TSC_ID=PI1.3, COSO_ID=16, TSC_SIM=0.7892558790975561, COSO_SIM=0.7655014873392574
2025-07-01 15:22:10,789 DEBUG Starting new HTTPS connection (1): api.openai.com:443
2025-07-01 15:22:11,092 DEBUG https://api.openai.com:443 "POST /v1/embeddings HTTP/1.1" 200 None
2025-07-01 15:22:11,141 INFO CONTROL 123: ID=None, DESC=For all existing high-risk vendors, inspected the completed security review docu, TSC_ID=C1.6, COSO_ID=9, TSC_SIM=0.8058914611071478, COSO_SIM=0.8083905618895071
2025-07-01 15:22:11,142 DEBUG Starting new HTTPS connection (1): api.openai.com:443
2025-07-01 15:22:11,384 DEBUG https://api.openai.com:443 "POST /v1/embeddings HTTP/1.1" 200 None
2025-07-01 15:22:11,397 INFO CONTROL 124: ID=A1.1.1, DESC=SimpleLegal measures current usage of its system components to establish a basel, TSC_ID=A1.2, COSO_ID=10, TSC_SIM=0.8362867560601821, COSO_SIM=0.8035079991361852
2025-07-01 15:22:11,397 DEBUG Starting new HTTPS connection (1): api.openai.com:443
2025-07-01 15:22:11,646 DEBUG https://api.openai.com:443 "POST /v1/embeddings HTTP/1.1" 200 None
2025-07-01 15:22:11,691 INFO CONTROL 125: ID=A1.1.2, DESC=Load Balancers are utilized in AWS to automatically distribute network traffic a, TSC_ID=A1.2, COSO_ID=12, TSC_SIM=0.7706596907654809, COSO_SIM=0.7311052841149572
2025-07-01 15:22:11,691 DEBUG Starting new HTTPS connection (1): api.openai.com:443
2025-07-01 15:22:11,972 DEBUG https://api.openai.com:443 "POST /v1/embeddings HTTP/1.1" 200 None
2025-07-01 15:22:12,033 INFO CONTROL 126: ID=A1.1.3, DESC=AWS is configured to automatically scale system capacity to maintain steady, pre, TSC_ID=A1.2, COSO_ID=12, TSC_SIM=0.8114755361031233, COSO_SIM=0.7599147321074645
2025-07-01 15:22:12,033 DEBUG Starting new HTTPS connection (1): api.openai.com:443
2025-07-01 15:22:12,344 DEBUG https://api.openai.com:443 "POST /v1/embeddings HTTP/1.1" 200 None
2025-07-01 15:22:12,361 INFO CONTROL 127: ID=A1.1.4, DESC=SimpleLegal automatically distributes incoming application traffic across multip, TSC_ID=A1.2, COSO_ID=12, TSC_SIM=0.8127445398963704, COSO_SIM=0.7668577297337127
2025-07-01 15:22:12,362 DEBUG Starting new HTTPS connection (1): api.openai.com:443
2025-07-01 15:22:12,636 DEBUG https://api.openai.com:443 "POST /v1/embeddings HTTP/1.1" 200 None
2025-07-01 15:22:12,669 INFO CONTROL 128: ID=A1.2.1, DESC=AWS S3 buckets containing user data have versioning enabled., TSC_ID=C1.8, COSO_ID=6, TSC_SIM=0.7651998899288064, COSO_SIM=0.7106862965247807
2025-07-01 15:22:12,670 DEBUG Starting new HTTPS connection (1): api.openai.com:443
2025-07-01 15:22:12,912 DEBUG https://api.openai.com:443 "POST /v1/embeddings HTTP/1.1" 200 None
2025-07-01 15:22:12,943 INFO CONTROL 129: ID=A1.2.2, DESC=Data backups are performed daily and retained for a period of at least 30 days a, TSC_ID=A1.2, COSO_ID=12, TSC_SIM=0.8118617859009427, COSO_SIM=0.7463998233036702
2025-07-01 15:22:12,944 DEBUG Starting new HTTPS connection (1): api.openai.com:443
2025-07-01 15:22:13,205 DEBUG https://api.openai.com:443 "POST /v1/embeddings HTTP/1.1" 200 None
2025-07-01 15:22:13,248 INFO CONTROL 130: ID=A1.3.2, DESC=SimpleLegal tests the integrity and completeness of backups on at least an annua, TSC_ID=C1.8, COSO_ID=9, TSC_SIM=0.8088165698193311, COSO_SIM=0.800032239155476
2025-07-01 15:22:13,248 DEBUG Starting new HTTPS connection (1): api.openai.com:443
2025-07-01 15:22:16,998 DEBUG https://api.openai.com:443 "POST /v1/embeddings HTTP/1.1" 200 None
2025-07-01 15:22:17,048 INFO CONTROL 131: ID=C1.1.1, DESC=SimpleLegal has policies and procedures in place that govern how confidential da, TSC_ID=Conf1.4, COSO_ID=1, TSC_SIM=0.8908156909899771, COSO_SIM=0.8128163554987561
2025-07-01 15:22:17,048 DEBUG Starting new HTTPS connection (1): api.openai.com:443
2025-07-01 15:22:17,293 DEBUG https://api.openai.com:443 "POST /v1/embeddings HTTP/1.1" 200 None
2025-07-01 15:22:17,340 INFO CONTROL 132: ID=C1.1.2, DESC=Prior to joining SimpleLegal, all employees and contractors are required to sign, TSC_ID=Conf1.3, COSO_ID=1, TSC_SIM=0.8409413593922281, COSO_SIM=0.7828840031306221
2025-07-01 15:22:17,340 DEBUG Starting new HTTPS connection (1): api.openai.com:443
2025-07-01 15:22:17,669 DEBUG https://api.openai.com:443 "POST /v1/embeddings HTTP/1.1" 200 None
2025-07-01 15:22:17,685 INFO CONTROL 133: ID=C1.1.4, DESC=SimpleLegal has Terms of Service in place with customers which demonstrates the , TSC_ID=Conf1.4, COSO_ID=1, TSC_SIM=0.8562572201301493, COSO_SIM=0.825969181749257
2025-07-01 15:22:17,686 DEBUG Starting new HTTPS connection (1): api.openai.com:443
2025-07-01 15:22:17,945 DEBUG https://api.openai.com:443 "POST /v1/embeddings HTTP/1.1" 200 None
2025-07-01 15:22:17,996 INFO CONTROL 134: ID=C1.2.1, DESC=SimpleLegal has policies and procedures in place that govern how confidential in, TSC_ID=Conf1.4, COSO_ID=1, TSC_SIM=0.8669680778028532, COSO_SIM=0.7917208610596366
2025-07-01 15:22:17,996 DEBUG Starting new HTTPS connection (1): api.openai.com:443
2025-07-01 15:22:18,329 DEBUG https://api.openai.com:443 "POST /v1/embeddings HTTP/1.1" 200 None
2025-07-01 15:22:18,392 INFO CONTROL 135: ID=C1.2.2, DESC=Customer information is deleted in a timely manner, in accordance with contractu, TSC_ID=P8.1, COSO_ID=13, TSC_SIM=0.8308547755315421, COSO_SIM=0.7703155535474179
2025-07-01 15:22:18,398 INFO CONTROL 136: ID=C1.2.1, DESC=SimpleLegal has policies and procedures in place that govern how confidential in, TSC_ID=Conf1.4, COSO_ID=1, TSC_SIM=0.8669680778028532, COSO_SIM=0.7917208610596366
2025-07-01 15:22:18,403 INFO CONTROL 137: ID=C1.2.2, DESC=Customer information is deleted in a timely manner, in accordance with contractu, TSC_ID=P8.1, COSO_ID=13, TSC_SIM=0.8308547755315421, COSO_SIM=0.7703155535474179
2025-07-01 15:22:18,404 DEBUG Starting new HTTPS connection (1): api.openai.com:443
2025-07-01 15:22:18,629 DEBUG https://api.openai.com:443 "POST /v1/embeddings HTTP/1.1" 200 None
2025-07-01 15:22:18,683 INFO CONTROL 138: ID=P3.1.1, DESC=SimpleLegal limits the collection of personal information only to what is necess, TSC_ID=P4.1, COSO_ID=1, TSC_SIM=0.8623247612848558, COSO_SIM=0.7638745380166848
2025-07-01 15:22:18,684 DEBUG Starting new HTTPS connection (1): api.openai.com:443
2025-07-01 15:22:19,002 DEBUG https://api.openai.com:443 "POST /v1/embeddings HTTP/1.1" 200 None
2025-07-01 15:22:19,059 INFO CONTROL 139: ID=CC7.5, DESC=The entity identifies, develops, and implements activities to recover from ident, TSC_ID=C1.6, COSO_ID=10, TSC_SIM=0.9323527026630924, COSO_SIM=0.849606591632283
2025-07-01 15:22:19,065 INFO CONTROL 140: ID=CC7.5.1, DESC=SimpleLegal follows the Incident Response Plan to restore the affected environme, TSC_ID=C1.6, COSO_ID=12, TSC_SIM=0.8394186514463358, COSO_SIM=0.8045587352529794
2025-07-01 15:22:19,065 DEBUG Starting new HTTPS connection (1): api.openai.com:443
2025-07-01 15:22:19,397 DEBUG https://api.openai.com:443 "POST /v1/embeddings HTTP/1.1" 200 None
2025-07-01 15:22:19,467 INFO CONTROL 141: ID=CC7.5.2, DESC=Information about the nature of the incident, recovery actions taken, and activi, TSC_ID=C1.6, COSO_ID=15, TSC_SIM=0.8702500378741853, COSO_SIM=0.8624368097142657
2025-07-01 15:22:19,467 DEBUG Starting new HTTPS connection (1): api.openai.com:443
2025-07-01 15:22:19,761 DEBUG https://api.openai.com:443 "POST /v1/embeddings HTTP/1.1" 200 None
2025-07-01 15:22:19,813 INFO CONTROL 142: ID=CC7.5.3, DESC=After an incident has been resolved and appropriate parties have been notified, , TSC_ID=C1.6, COSO_ID=17, TSC_SIM=0.8231768374175237, COSO_SIM=0.8030961315782923
2025-07-01 15:22:19,820 INFO CONTROL 143: ID=CC8.1, DESC=The entity authorizes, designs, develops or acquires, configures, documents, tes, TSC_ID=C1.3, COSO_ID=12, TSC_SIM=0.969261217558665, COSO_SIM=0.8396235947975053
2025-07-01 15:22:19,825 INFO CONTROL 144: ID=A1.2.1, DESC=AWS S3 buckets containing user data have versioning enabled., TSC_ID=C1.8, COSO_ID=6, TSC_SIM=0.7651998899288064, COSO_SIM=0.7106862965247807
2025-07-01 15:22:19,831 INFO CONTROL 145: ID=A1.2.2, DESC=Data backups are performed daily and retained for a period of at least 30 days a, TSC_ID=A1.2, COSO_ID=12, TSC_SIM=0.8118617859009427, COSO_SIM=0.7463998233036702
2025-07-01 15:22:19,836 INFO CONTROL 146: ID=A1.3.1, DESC=SimpleLegal maintains updated business continuity and disaster recovery plans th, TSC_ID=A1.2, COSO_ID=12, TSC_SIM=0.8136622828787562, COSO_SIM=0.8014675785707445
2025-07-01 15:22:19,842 INFO CONTROL 147: ID=A1.3.2, DESC=SimpleLegal tests the integrity and completeness of backups on at least an annua, TSC_ID=C1.8, COSO_ID=9, TSC_SIM=0.8088165698193311, COSO_SIM=0.800032239155476
2025-07-01 15:22:19,848 INFO CONTROL 148: ID=C1.1.1, DESC=SimpleLegal has policies and procedures in place that govern how confidential da, TSC_ID=Conf1.4, COSO_ID=1, TSC_SIM=0.8908156909899771, COSO_SIM=0.8128163554987561
2025-07-01 15:22:19,848 DEBUG Starting new HTTPS connection (1): api.openai.com:443
2025-07-01 15:22:20,117 DEBUG https://api.openai.com:443 "POST /v1/embeddings HTTP/1.1" 200 None
2025-07-01 15:22:20,168 INFO CONTROL 149: ID=None, DESC=updated business continuity and disaster recovery plans that guide the organizat, TSC_ID=A1.2, COSO_ID=9, TSC_SIM=0.806183212162416, COSO_SIM=0.8160697114955596
2025-07-01 15:22:20,168 DEBUG Starting new HTTPS connection (1): api.openai.com:443
2025-07-01 15:22:20,469 DEBUG https://api.openai.com:443 "POST /v1/embeddings HTTP/1.1" 200 None
2025-07-01 15:22:20,546 INFO CONTROL 150: ID=CC9.2.1, DESC=SimpleLegal maintains an updated Vendor Management Policy to monitor and ensure , TSC_ID=CC7.3, COSO_ID=12, TSC_SIM=0.8133195716246722, COSO_SIM=0.8091161032439161
2025-07-01 15:22:20,546 DEBUG Starting new HTTPS connection (1): api.openai.com:443
2025-07-01 15:22:20,929 DEBUG https://api.openai.com:443 "POST /v1/embeddings HTTP/1.1" 200 None
2025-07-01 15:22:21,005 INFO CONTROL 151: ID=CC9.2.2, DESC=SimpleLegal conducts comprehensive vendor due diligence prior to onboarding new , TSC_ID=CC6.3, COSO_ID=8, TSC_SIM=0.808581972215058, COSO_SIM=0.8108416906583612
2025-07-01 15:22:21,006 DEBUG Starting new HTTPS connection (1): api.openai.com:443
2025-07-01 15:22:21,305 DEBUG https://api.openai.com:443 "POST /v1/embeddings HTTP/1.1" 200 None
2025-07-01 15:22:21,350 INFO CONTROL 152: ID=A1.1.1, DESC=SimpleLegal measures current usage of its system components to establish a basel, TSC_ID=A1.2, COSO_ID=10, TSC_SIM=0.8333299028575224, COSO_SIM=0.8020374217906442
2025-07-01 15:22:21,350 DEBUG Starting new HTTPS connection (1): api.openai.com:443
2025-07-01 15:22:21,646 DEBUG https://api.openai.com:443 "POST /v1/embeddings HTTP/1.1" 200 None
2025-07-01 15:22:21,699 INFO CONTROL 153: ID=P3.1.4, DESC=Data subjects are informed if SimpleLegal develops or acquires additional inform, TSC_ID=P3.2, COSO_ID=13, TSC_SIM=0.8464851744908217, COSO_SIM=0.7767494789159367
2025-07-01 15:22:21,699 DEBUG Starting new HTTPS connection (1): api.openai.com:443
2025-07-01 15:22:21,961 DEBUG https://api.openai.com:443 "POST /v1/embeddings HTTP/1.1" 200 None
2025-07-01 15:22:22,031 INFO CONTROL 154: ID=P3.2, DESC=For information requiring explicit consent, the entity communicates the need for, TSC_ID=P3.2, COSO_ID=6, TSC_SIM=0.9279907316737043, COSO_SIM=0.7859479369354201
2025-07-01 15:22:22,032 DEBUG Starting new HTTPS connection (1): api.openai.com:443
2025-07-01 15:22:22,333 DEBUG https://api.openai.com:443 "POST /v1/embeddings HTTP/1.1" 200 None
2025-07-01 15:22:22,375 INFO CONTROL 155: ID=P4.1.1, DESC=SimpleLegal limits the use of personal information only for the intended purpose, TSC_ID=P6.1, COSO_ID=13, TSC_SIM=0.856385005347286, COSO_SIM=0.7735684659005538
2025-07-01 15:22:22,375 DEBUG Starting new HTTPS connection (1): api.openai.com:443
2025-07-01 15:22:22,673 DEBUG https://api.openai.com:443 "POST /v1/embeddings HTTP/1.1" 200 None
2025-07-01 15:22:22,749 INFO CONTROL 156: ID=P4.2.1, DESC=SimpleLegal retains personal information for no longer than necessary to fulfill, TSC_ID=P8.1, COSO_ID=13, TSC_SIM=0.8431595060731819, COSO_SIM=0.7609208965663791
2025-07-01 15:22:22,750 DEBUG Starting new HTTPS connection (1): api.openai.com:443
2025-07-01 15:22:23,121 DEBUG https://api.openai.com:443 "POST /v1/embeddings HTTP/1.1" 200 None
2025-07-01 15:22:23,162 INFO CONTROL 157: ID=P4.2.2, DESC=SimpleLegal maintains policies and procedures to protect personal information fr, TSC_ID=P8.1, COSO_ID=13, TSC_SIM=0.8921248937132488, COSO_SIM=0.789020258426875
2025-07-01 15:22:23,163 DEBUG Starting new HTTPS connection (1): api.openai.com:443
2025-07-01 15:22:23,477 DEBUG https://api.openai.com:443 "POST /v1/embeddings HTTP/1.1" 200 None
2025-07-01 15:22:23,531 INFO CONTROL 158: ID=P4.3.1, DESC=SimpleLegal captures requests for the deletion of personal information and ident, TSC_ID=P8.1, COSO_ID=6, TSC_SIM=0.8640342679382165, COSO_SIM=0.7671525492115246
2025-07-01 15:22:23,532 DEBUG Starting new HTTPS connection (1): api.openai.com:443
2025-07-01 15:22:23,950 DEBUG https://api.openai.com:443 "POST /v1/embeddings HTTP/1.1" 200 None
2025-07-01 15:22:23,998 INFO CONTROL 159: ID=P5.1.3, DESC=SimpleLegal authenticates the identify of data subjects who request access to th, TSC_ID=P5.1, COSO_ID=1, TSC_SIM=0.8740824974079313, COSO_SIM=0.7755503345723754
2025-07-01 15:22:23,998 DEBUG Starting new HTTPS connection (1): api.openai.com:443
2025-07-01 15:22:24,304 DEBUG https://api.openai.com:443 "POST /v1/embeddings HTTP/1.1" 200 None
2025-07-01 15:22:24,379 INFO CONTROL 160: ID=P5.1.4, DESC=SimpleLegal provides personal information to data subjects in an understandable , TSC_ID=P3.1, COSO_ID=13, TSC_SIM=0.8705498894998844, COSO_SIM=0.7822696278438801
2025-07-01 15:22:24,380 DEBUG Starting new HTTPS connection (1): api.openai.com:443
2025-07-01 15:22:24,674 DEBUG https://api.openai.com:443 "POST /v1/embeddings HTTP/1.1" 200 None
2025-07-01 15:22:24,700 INFO CONTROL 161: ID=P5.2.1, DESC=SimpleLegal has a process to respond to data subjects’ update requests, includin, TSC_ID=P5.1, COSO_ID=5, TSC_SIM=0.8950105359955354, COSO_SIM=0.7555493823250293
2025-07-01 15:22:24,701 DEBUG Starting new HTTPS connection (1): api.openai.com:443
2025-07-01 15:22:24,986 DEBUG https://api.openai.com:443 "POST /v1/embeddings HTTP/1.1" 200 None
2025-07-01 15:22:25,061 INFO CONTROL 162: ID=P6.1.1, DESC=SimpleLegal discloses personal information only to clients and third parties who, TSC_ID=P6.1, COSO_ID=1, TSC_SIM=0.8889965611371132, COSO_SIM=0.7621349831565903
2025-07-01 15:22:25,067 INFO CONTROL 163: ID=P3.1.1, DESC=SimpleLegal limits the collection of personal information only to what is necess, TSC_ID=P4.1, COSO_ID=1, TSC_SIM=0.8623247612848558, COSO_SIM=0.7638745380166848
2025-07-01 15:22:25,067 DEBUG Starting new HTTPS connection (1): api.openai.com:443
2025-07-01 15:22:25,818 DEBUG https://api.openai.com:443 "POST /v1/embeddings HTTP/1.1" 200 None
2025-07-01 15:22:25,889 INFO CONTROL 164: ID=P3.1.2, DESC=SimpleLegal reviews the methods of collecting information before they are implem, TSC_ID=P3.2, COSO_ID=13, TSC_SIM=0.8634471784041636, COSO_SIM=0.7801134983522436
2025-07-01 15:22:25,890 DEBUG Starting new HTTPS connection (1): api.openai.com:443
2025-07-01 15:22:26,185 DEBUG https://api.openai.com:443 "POST /v1/embeddings HTTP/1.1" 200 None
2025-07-01 15:22:26,236 INFO CONTROL 165: ID=P3.1.3, DESC=SimpleLegal confirms that third parties from whom personal information is collec, TSC_ID=P3.2, COSO_ID=1, TSC_SIM=0.8593344255783834, COSO_SIM=0.8007032363400959
2025-07-01 15:22:26,242 INFO CONTROL 166: ID=P3.1.4, DESC=Data subjects are informed if SimpleLegal develops or acquires additional inform, TSC_ID=P3.2, COSO_ID=13, TSC_SIM=0.8464851744908217, COSO_SIM=0.7767494789159367
2025-07-01 15:22:26,247 INFO CONTROL 167: ID=P4.3.1, DESC=SimpleLegal captures requests for the deletion of personal information and ident, TSC_ID=P8.1, COSO_ID=6, TSC_SIM=0.8640342679382165, COSO_SIM=0.7671525492115246
2025-07-01 15:22:26,248 DEBUG Starting new HTTPS connection (1): api.openai.com:443
2025-07-01 15:22:26,541 DEBUG https://api.openai.com:443 "POST /v1/embeddings HTTP/1.1" 200 None
2025-07-01 15:22:26,598 INFO CONTROL 168: ID=P4.3.2, DESC=Personal information no longer retained is disposed of by SimpleLegal in a manne, TSC_ID=P8.1, COSO_ID=13, TSC_SIM=0.8617310246465887, COSO_SIM=0.77120962537389
2025-07-01 15:22:26,599 DEBUG Starting new HTTPS connection (1): api.openai.com:443
2025-07-01 15:22:26,890 DEBUG https://api.openai.com:443 "POST /v1/embeddings HTTP/1.1" 200 None
2025-07-01 15:22:26,947 INFO CONTROL 169: ID=P4.3.3, DESC=SimpleLegal maintains policies and procedures to erase or otherwise destroy pers, TSC_ID=P8.1, COSO_ID=12, TSC_SIM=0.8726208040148, COSO_SIM=0.7777916730022739
2025-07-01 15:22:26,947 DEBUG Starting new HTTPS connection (1): api.openai.com:443
2025-07-01 15:22:27,229 DEBUG https://api.openai.com:443 "POST /v1/embeddings HTTP/1.1" 200 None
2025-07-01 15:22:27,287 INFO CONTROL 170: ID=P5.1.1, DESC=SimpleLegal maintains a process to respond to data subject requests, TSC_ID=P5.1, COSO_ID=15, TSC_SIM=0.8619619882611115, COSO_SIM=0.7693422084242639
2025-07-01 15:22:27,287 DEBUG Starting new HTTPS connection (1): api.openai.com:443
2025-07-01 15:22:27,537 DEBUG https://api.openai.com:443 "POST /v1/embeddings HTTP/1.1" 200 None
2025-07-01 15:22:27,566 INFO CONTROL 171: ID=P6.2.1, DESC=SimpleLegal creates and maintains a record of authorized disclosures of personal, TSC_ID=P3.1, COSO_ID=1, TSC_SIM=0.8611054975970436, COSO_SIM=0.7987232983662426
2025-07-01 15:22:27,567 DEBUG Starting new HTTPS connection (1): api.openai.com:443
2025-07-01 15:22:27,916 DEBUG https://api.openai.com:443 "POST /v1/embeddings HTTP/1.1" 200 None
2025-07-01 15:22:27,981 INFO CONTROL 172: ID=P6.3.1, DESC=SimpleLegal creates and maintains a record of detected or reported unauthorized , TSC_ID=P5.1, COSO_ID=1, TSC_SIM=0.8532391535067464, COSO_SIM=0.7913713694235162
2025-07-01 15:22:27,981 DEBUG Starting new HTTPS connection (1): api.openai.com:443
2025-07-01 15:22:28,332 DEBUG https://api.openai.com:443 "POST /v1/embeddings HTTP/1.1" 200 None
2025-07-01 15:22:28,357 INFO CONTROL 173: ID=P6.4.1, DESC=SimpleLegal maintains a process for obtaining commitments from vendors and other, TSC_ID=P3.2, COSO_ID=8, TSC_SIM=0.846726731383551, COSO_SIM=0.801039865143939
2025-07-01 15:22:28,358 DEBUG Starting new HTTPS connection (1): api.openai.com:443
2025-07-01 15:22:28,652 DEBUG https://api.openai.com:443 "POST /v1/embeddings HTTP/1.1" 200 None
2025-07-01 15:22:28,694 INFO CONTROL 174: ID=P6.4.2, DESC=SimpleLegal takes remedial action in response to misuse of personal information , TSC_ID=P9.1, COSO_ID=17, TSC_SIM=0.8371717083931075, COSO_SIM=0.7707187208786743
2025-07-01 15:22:28,694 DEBUG Starting new HTTPS connection (1): api.openai.com:443
2025-07-01 15:22:28,988 DEBUG https://api.openai.com:443 "POST /v1/embeddings HTTP/1.1" 200 None
2025-07-01 15:22:29,026 INFO CONTROL 175: ID=P6.4.3, DESC=SimpleLegal has procedures in place to evaluate whether third parties have effec, TSC_ID=P10.1, COSO_ID=15, TSC_SIM=0.8707728059849994, COSO_SIM=0.8184325907383576
2025-07-01 15:22:29,026 DEBUG Starting new HTTPS connection (1): api.openai.com:443
2025-07-01 15:22:29,308 DEBUG https://api.openai.com:443 "POST /v1/embeddings HTTP/1.1" 200 None
2025-07-01 15:22:29,356 INFO CONTROL 176: ID=P6.1, DESC=The entity discloses personal information to third parties with the explicit con, TSC_ID=P3.2, COSO_ID=6, TSC_SIM=0.9503932800791661, COSO_SIM=0.7956088712895016
2025-07-01 15:22:29,362 INFO CONTROL 177: ID=P6.1.1, DESC=SimpleLegal discloses personal information only to clients and third parties who, TSC_ID=P6.1, COSO_ID=1, TSC_SIM=0.8889965611371132, COSO_SIM=0.7621349831565903
2025-07-01 15:22:29,362 DEBUG Starting new HTTPS connection (1): api.openai.com:443
2025-07-01 15:22:29,636 DEBUG https://api.openai.com:443 "POST /v1/embeddings HTTP/1.1" 200 None
2025-07-01 15:22:29,693 INFO CONTROL 178: ID=P6.1.2, DESC=SimpleLegal discloses personal information to clients and third parties only for, TSC_ID=P6.1, COSO_ID=1, TSC_SIM=0.8867675216909374, COSO_SIM=0.773620983800388
2025-07-01 15:22:29,694 DEBUG Starting new HTTPS connection (1): api.openai.com:443
2025-07-01 15:22:29,984 DEBUG https://api.openai.com:443 "POST /v1/embeddings HTTP/1.1" 200 None
2025-07-01 15:22:30,035 INFO CONTROL 179: ID=P6.2, DESC=The entity creates and retains a complete, accurate, and timely record of author, TSC_ID=Conf1.1, COSO_ID=13, TSC_SIM=0.9196463133203957, COSO_SIM=0.817635897369465
2025-07-01 15:22:30,036 DEBUG Starting new HTTPS connection (1): api.openai.com:443
2025-07-01 15:22:30,292 DEBUG https://api.openai.com:443 "POST /v1/embeddings HTTP/1.1" 200 None
2025-07-01 15:22:30,325 INFO CONTROL 180: ID=P6.3, DESC=The entity creates and retains a complete, accurate, and timely record of detect, TSC_ID=Conf1.1, COSO_ID=13, TSC_SIM=0.9113943162042294, COSO_SIM=0.8157087955542666
2025-07-01 15:22:30,331 INFO CONTROL 181: ID=P6.3.1, DESC=SimpleLegal creates and maintains a record of detected or reported unauthorized , TSC_ID=P5.1, COSO_ID=1, TSC_SIM=0.8532391535067464, COSO_SIM=0.7913713694235162
2025-07-01 15:22:30,336 INFO CONTROL 182: ID=P4.3.3, DESC=SimpleLegal maintains policies and procedures to erase or otherwise destroy pers, TSC_ID=P8.1, COSO_ID=12, TSC_SIM=0.8726208040148, COSO_SIM=0.7777916730022739
2025-07-01 15:22:30,337 DEBUG Starting new HTTPS connection (1): api.openai.com:443
2025-07-01 15:22:30,576 DEBUG https://api.openai.com:443 "POST /v1/embeddings HTTP/1.1" 200 None
2025-07-01 15:22:30,638 INFO CONTROL 183: ID=P5.1.1, DESC=SimpleLegal maintains a process to respond to data subject requests received fro, TSC_ID=P2.1, COSO_ID=13, TSC_SIM=0.8548719186460753, COSO_SIM=0.7800029130426008
2025-07-01 15:22:30,638 DEBUG Starting new HTTPS connection (1): api.openai.com:443
2025-07-01 15:22:30,916 DEBUG https://api.openai.com:443 "POST /v1/embeddings HTTP/1.1" 200 None
2025-07-01 15:22:30,965 INFO CONTROL 184: ID=P5.1.2, DESC=SimpleLegal enables data subjects to determine whether personal information abou, TSC_ID=P3.1, COSO_ID=13, TSC_SIM=0.8934547676086775, COSO_SIM=0.7814761477484115
2025-07-01 15:22:30,972 INFO CONTROL 185: ID=P5.1.3, DESC=SimpleLegal authenticates the identify of data subjects who request access to th, TSC_ID=P5.1, COSO_ID=1, TSC_SIM=0.8740824974079313, COSO_SIM=0.7755503345723754
2025-07-01 15:22:30,977 INFO CONTROL 186: ID=P5.1.4, DESC=SimpleLegal provides personal information to data subjects in an understandable , TSC_ID=P3.1, COSO_ID=13, TSC_SIM=0.8705498894998844, COSO_SIM=0.7822696278438801
2025-07-01 15:22:30,983 INFO CONTROL 187: ID=P6.4.2, DESC=SimpleLegal takes remedial action in response to misuse of personal information , TSC_ID=P9.1, COSO_ID=17, TSC_SIM=0.8371717083931075, COSO_SIM=0.7707187208786743
2025-07-01 15:22:30,988 INFO CONTROL 188: ID=P6.4.3, DESC=SimpleLegal has procedures in place to evaluate whether third parties have effec, TSC_ID=P10.1, COSO_ID=15, TSC_SIM=0.8707728059849994, COSO_SIM=0.8184325907383576
2025-07-01 15:22:30,994 INFO CONTROL 189: ID=P6.5.1, DESC=SimpleLegal maintains a process for obtaining commitments from vendors and other, TSC_ID=P3.2, COSO_ID=8, TSC_SIM=0.846726731383551, COSO_SIM=0.801039865143939
2025-07-01 15:22:31,000 INFO CONTROL 190: ID=P6.5.2, DESC=SimpleLegal takes remedial action in response to misuse of personal information , TSC_ID=P9.1, COSO_ID=17, TSC_SIM=0.8371717083931075, COSO_SIM=0.7707187208786743
2025-07-01 15:22:31,006 INFO CONTROL 191: ID=P6.5.2, DESC=SimpleLegal takes remedial action in response to misuse of personal information , TSC_ID=P9.1, COSO_ID=17, TSC_SIM=0.8371717083931075, COSO_SIM=0.7707187208786743
2025-07-01 15:22:31,006 DEBUG Starting new HTTPS connection (1): api.openai.com:443
2025-07-01 15:22:31,236 DEBUG https://api.openai.com:443 "POST /v1/embeddings HTTP/1.1" 200 None
2025-07-01 15:22:31,263 INFO CONTROL 192: ID=P6.6.1, DESC=SimpleLegal maintains a process for determining whether notification of a privac, TSC_ID=P2.1, COSO_ID=17, TSC_SIM=0.8634666636197476, COSO_SIM=0.7873811047885124
2025-07-01 15:22:31,264 DEBUG Starting new HTTPS connection (1): api.openai.com:443
2025-07-01 15:22:31,519 DEBUG https://api.openai.com:443 "POST /v1/embeddings HTTP/1.1" 200 None
2025-07-01 15:22:31,565 INFO CONTROL 193: ID=P6.6.2, DESC=SimpleLegal maintains a process for providing notice of breaches and incidents t, TSC_ID=P2.1, COSO_ID=15, TSC_SIM=0.8778879065411277, COSO_SIM=0.8057029267822109
2025-07-01 15:22:31,566 DEBUG Starting new HTTPS connection (1): api.openai.com:443
2025-07-01 15:22:31,891 DEBUG https://api.openai.com:443 "POST /v1/embeddings HTTP/1.1" 200 None
2025-07-01 15:22:31,945 INFO CONTROL 194: ID=P6.7.1, DESC=SimpleLegal identifies the types of personal information and the related process, TSC_ID=P3.1, COSO_ID=13, TSC_SIM=0.856361656656652, COSO_SIM=0.7846496031601573
2025-07-01 15:22:31,951 INFO CONTROL 195: ID=P6.7.1, DESC=SimpleLegal identifies the types of personal information and the related process, TSC_ID=P3.1, COSO_ID=13, TSC_SIM=0.856361656656652, COSO_SIM=0.7846496031601573
2025-07-01 15:22:31,951 DEBUG Starting new HTTPS connection (1): api.openai.com:443
2025-07-01 15:22:32,335 DEBUG https://api.openai.com:443 "POST /v1/embeddings HTTP/1.1" 200 None
2025-07-01 15:22:32,389 INFO CONTROL 196: ID=P6.7.2, DESC=Requests for an accounting of personal information held and disclosures of the d, TSC_ID=P5.1, COSO_ID=13, TSC_SIM=0.8572871931278923, COSO_SIM=0.7720784392259054
2025-07-01 15:22:32,390 DEBUG Starting new HTTPS connection (1): api.openai.com:443
2025-07-01 15:22:32,680 DEBUG https://api.openai.com:443 "POST /v1/embeddings HTTP/1.1" 200 None
2025-07-01 15:22:32,694 INFO CONTROL 197: ID=P7.1.1, DESC=SimpleLegal ensures that personal information is accurate and complete for the p, TSC_ID=P5.1, COSO_ID=13, TSC_SIM=0.8582661278747948, COSO_SIM=0.7859904552752888
2025-07-01 15:22:32,694 DEBUG Starting new HTTPS connection (1): api.openai.com:443
2025-07-01 15:22:32,999 DEBUG https://api.openai.com:443 "POST /v1/embeddings HTTP/1.1" 200 None
2025-07-01 15:22:33,049 INFO CONTROL 198: ID=P7.1.2, DESC=SimpleLegal ensures that personal information is relevant to the purposes for wh, TSC_ID=P4.1, COSO_ID=13, TSC_SIM=0.8609520613423566, COSO_SIM=0.7965824980940591
2025-07-01 15:22:33,054 INFO CONTROL 199: ID=P7.1.2, DESC=SimpleLegal ensures that personal information is relevant to the purposes for wh, TSC_ID=P4.1, COSO_ID=13, TSC_SIM=0.8609520613423566, COSO_SIM=0.7965824980940591
2025-07-01 15:22:33,055 DEBUG Starting new HTTPS connection (1): api.openai.com:443
2025-07-01 15:22:33,460 DEBUG https://api.openai.com:443 "POST /v1/embeddings HTTP/1.1" 200 None
2025-07-01 15:22:33,482 INFO CONTROL 200: ID=P8.1.1, DESC=SimpleLegal informs data subjects about how to contact them with inquiries, comp, TSC_ID=P2.1, COSO_ID=15, TSC_SIM=0.8657653981474985, COSO_SIM=0.7902534338531004
2025-07-01 15:22:33,482 DEBUG Starting new HTTPS connection (1): api.openai.com:443
2025-07-01 15:22:33,804 DEBUG https://api.openai.com:443 "POST /v1/embeddings HTTP/1.1" 200 None
2025-07-01 15:22:33,815 INFO CONTROL 201: ID=P8.1.2, DESC=SimpleLegal maintains a process to address inquiries, complaints, and disputes., TSC_ID=P5.1, COSO_ID=1, TSC_SIM=0.8301559356560503, COSO_SIM=0.7911472465059569
2025-07-01 15:22:33,815 DEBUG Starting new HTTPS connection (1): api.openai.com:443
2025-07-01 15:22:34,065 DEBUG https://api.openai.com:443 "POST /v1/embeddings HTTP/1.1" 200 None
2025-07-01 15:22:34,088 INFO CONTROL 202: ID=P8.1.3, DESC=SimpleLegal addresses each complaint, and the resolution is documented and commu, TSC_ID=P5.1, COSO_ID=17, TSC_SIM=0.8148496029872986, COSO_SIM=0.7996329901504838
2025-07-01 15:22:34,094 INFO Control extraction result: [{'control_id': 'A1.1.1', 'control_desc': 'SimpleLegal measures current usage of its system components to establish a baseline for capacity management and to identify peak use times. The risk of impaired availability due to capacity constraints is analyzed and mitigated on an ongoing basis.', 'control_test': 'Inspected the AWS dashboard to verify whether SimpleLegal measures current usage of its system components to establish a baseline for capacity management and to identify peak use times.', 'control_test_results': 'No exceptions noted.', 'control_page_ref': 43, 'control_line_ref': None, 'control_seq': 124, 'control_tsc_id': 'A1.2', 'control_coso_id': '10', 'control_tsc_similarity': 0.8362867560601821, 'control_coso_similarity': 0.8035079991361852, 'control_tsc_confidence_pct': 92, 'control_coso_confidence_pct': 90, 'control_closest_framework': 'TSC', 'control_tsc_section': 'Availability (A1.1 - A1.3)', 'control_coso_section': 'Control Activities (10-12)', 'control_soc_domain': 'Control Activities'}, {'control_id': 'A1.1.1', 'control_desc': 'SimpleLegal measures current usage of its system components to establish a baseline for capacity management and to identify peak use times. The risk of impaired availability due to capacity constraints is analyzed and mitigated on an ongoing basis', 'control_test': None, 'control_test_results': None, 'control_page_ref': 43, 'control_line_ref': None, 'control_seq': 152, 'control_tsc_id': 'A1.2', 'control_coso_id': '10', 'control_tsc_similarity': 0.8333299028575224, 'control_coso_similarity': 0.8020374217906442, 'control_tsc_confidence_pct': 92, 'control_coso_confidence_pct': 90, 'control_closest_framework': 'TSC', 'control_tsc_section': 'Availability (A1.1 - A1.3)', 'control_coso_section': 'Control Activities (10-12)', 'control_soc_domain': 'Control Activities'}, {'control_id': 'A1.1.2', 'control_desc': 'Load Balancers are utilized in AWS to automatically distribute network traffic and improve application scalability.', 'control_test': 'Inspected the AWS dashboard to verify whether Load Balancers were utilized to automatically distribute network traffic and improve application scalability.', 'control_test_results': 'No exceptions noted.', 'control_page_ref': 43, 'control_line_ref': None, 'control_seq': 125, 'control_tsc_id': 'A1.2', 'control_coso_id': '12', 'control_tsc_similarity': 0.7706596907654809, 'control_coso_similarity': 0.7311052841149572, 'control_tsc_confidence_pct': 89, 'control_coso_confidence_pct': 87, 'control_closest_framework': 'TSC', 'control_tsc_section': 'Availability (A1.1 - A1.3)', 'control_coso_section': 'Control Activities (10-12)', 'control_soc_domain': 'Control Activities'}, {'control_id': 'A1.1.3', 'control_desc': 'AWS is configured to automatically scale system capacity to maintain steady, predictable performance.', 'control_test': 'Inspected the AWS dashboard to verify whether Auto-Scaling groups were established to maintain steady, predictable performance.', 'control_test_results': 'No exceptions noted.', 'control_page_ref': 43, 'control_line_ref': None, 'control_seq': 126, 'control_tsc_id': 'A1.2', 'control_coso_id': '12', 'control_tsc_similarity': 0.8114755361031233, 'control_coso_similarity': 0.7599147321074645, 'control_tsc_confidence_pct': 91, 'control_coso_confidence_pct': 88, 'control_closest_framework': 'TSC', 'control_tsc_section': 'Availability (A1.1 - A1.3)', 'control_coso_section': 'Control Activities (10-12)', 'control_soc_domain': 'Control Activities'}, {'control_id': 'A1.1.4', 'control_desc': 'SimpleLegal automatically distributes incoming application traffic across multiple targets and virtual appliances in multiple availability zones.', 'control_test': 'Inspected the AWS dashboard to verify whether multiple availability zones were established to distribute application traffic.', 'control_test_results': 'No exceptions noted.', 'control_page_ref': 43, 'control_line_ref': None, 'control_seq': 127, 'control_tsc_id': 'A1.2', 'control_coso_id': '12', 'control_tsc_similarity': 0.8127445398963704, 'control_coso_similarity': 0.7668577297337127, 'control_tsc_confidence_pct': 91, 'control_coso_confidence_pct': 88, 'control_closest_framework': 'TSC', 'control_tsc_section': 'Availability (A1.1 - A1.3)', 'control_coso_section': 'Control Activities (10-12)', 'control_soc_domain': 'Control Activities'}, {'control_id': 'A1.2.1', 'control_desc': 'AWS S3 buckets containing user data have versioning enabled.', 'control_test': 'Inspected the AWS dashboard to verify whether buckets containing user data had versioning enabled.', 'control_test_results': 'No exceptions noted.', 'control_page_ref': 43, 'control_line_ref': None, 'control_seq': 128, 'control_tsc_id': 'C1.8', 'control_coso_id': '6', 'control_tsc_similarity': 0.7651998899288064, 'control_coso_similarity': 0.7106862965247807, 'control_tsc_confidence_pct': 88, 'control_coso_confidence_pct': 86, 'control_closest_framework': 'TSC', 'control_tsc_section': None, 'control_coso_section': 'Risk Assessment (6-9)', 'control_soc_domain': 'Risk Assessment'}, {'control_id': 'A1.2.1', 'control_desc': 'AWS S3 buckets containing user data have versioning enabled.', 'control_test': 'Inspected the AWS dashboard to verify whether buckets containing user data had versioning enabled.', 'control_test_results': 'No exceptions noted.', 'control_page_ref': None, 'control_line_ref': 13, 'control_seq': 144, 'control_tsc_id': 'C1.8', 'control_coso_id': '6', 'control_tsc_similarity': 0.7651998899288064, 'control_coso_similarity': 0.7106862965247807, 'control_tsc_confidence_pct': 88, 'control_coso_confidence_pct': 86, 'control_closest_framework': 'TSC', 'control_tsc_section': None, 'control_coso_section': 'Risk Assessment (6-9)', 'control_soc_domain': 'Risk Assessment'}, {'control_id': 'A1.2.2', 'control_desc': 'Data backups are performed daily and retained for a period of at least 30 days across multiple availability zones.', 'control_test': 'Inspected the AWS backup configurations to verify whether SimpleLegal performed data backups daily and retained them for at least 30 days across multiple availability zones.', 'control_test_results': 'No exceptions noted.', 'control_page_ref': 43, 'control_line_ref': None, 'control_seq': 129, 'control_tsc_id': 'A1.2', 'control_coso_id': '12', 'control_tsc_similarity': 0.8118617859009427, 'control_coso_similarity': 0.7463998233036702, 'control_tsc_confidence_pct': 91, 'control_coso_confidence_pct': 87, 'control_closest_framework': 'TSC', 'control_tsc_section': 'Availability (A1.1 - A1.3)', 'control_coso_section': 'Control Activities (10-12)', 'control_soc_domain': 'Control Activities'}, {'control_id': 'A1.2.2', 'control_desc': 'Data backups are performed daily and retained for a period of at least 30 days across multiple availability zones.', 'control_test': 'Inspected the AWS backup configurations to verify whether SimpleLegal performed data backups daily and retained them for at least 30 days across multiple availability zones.', 'control_test_results': 'No exceptions noted.', 'control_page_ref': None, 'control_line_ref': 21, 'control_seq': 145, 'control_tsc_id': 'A1.2', 'control_coso_id': '12', 'control_tsc_similarity': 0.8118617859009427, 'control_coso_similarity': 0.7463998233036702, 'control_tsc_confidence_pct': 91, 'control_coso_confidence_pct': 87, 'control_closest_framework': 'TSC', 'control_tsc_section': 'Availability (A1.1 - A1.3)', 'control_coso_section': 'Control Activities (10-12)', 'control_soc_domain': 'Control Activities'}, {'control_id': 'A1.3.1', 'control_desc': 'SimpleLegal maintains updated business continuity and disaster recovery plans that guide the organization in how to respond to and recover from disruptions in networks, systems, and internal operations. The plans are tested on an annual basis.', 'control_test': 'Inspected the Business Continuity and Disaster Recovery Plans to verify whether they provided comprehensive instructions on how to respond and recover from disruptions in networks, systems, and internal operations. Inspected the disaster recovery exercise report to verify whether a test of the Business Continuity and Disaster Recovery plans had been conducted during the period.', 'control_test_results': 'No exceptions noted.', 'control_page_ref': 44, 'control_line_ref': 6, 'control_seq': 146, 'control_tsc_id': 'A1.2', 'control_coso_id': '12', 'control_tsc_similarity': 0.8136622828787562, 'control_coso_similarity': 0.8014675785707445, 'control_tsc_confidence_pct': 91, 'control_coso_confidence_pct': 90, 'control_closest_framework': 'TSC', 'control_tsc_section': 'Availability (A1.1 - A1.3)', 'control_coso_section': 'Control Activities (10-12)', 'control_soc_domain': 'Control Activities'}, {'control_id': 'A1.3.2', 'control_desc': 'SimpleLegal tests the integrity and completeness of backups on at least an annual basis.', 'control_test': 'Inspected the continuity plan checklist to verify whether SimpleLegal tested the integrity and completeness of backups on at least an annual basis.', 'control_test_results': 'No exceptions noted.', 'control_page_ref': 1, 'control_line_ref': 7, 'control_seq': 130, 'control_tsc_id': 'C1.8', 'control_coso_id': '9', 'control_tsc_similarity': 0.8088165698193311, 'control_coso_similarity': 0.800032239155476, 'control_tsc_confidence_pct': 90, 'control_coso_confidence_pct': 90, 'control_closest_framework': 'TSC', 'control_tsc_section': None, 'control_coso_section': 'Risk Assessment (6-9)', 'control_soc_domain': 'Risk Assessment'}, {'control_id': 'A1.3.2', 'control_desc': 'SimpleLegal tests the integrity and completeness of backups on at least an annual basis.', 'control_test': 'Inspected the continuity plan checklist to verify whether SimpleLegal tested the integrity and completeness of backups on at least an annual basis.', 'control_test_results': 'No exceptions noted.', 'control_page_ref': 45, 'control_line_ref': 6, 'control_seq': 147, 'control_tsc_id': 'C1.8', 'control_coso_id': '9', 'control_tsc_similarity': 0.8088165698193311, 'control_coso_similarity': 0.800032239155476, 'control_tsc_confidence_pct': 90, 'control_coso_confidence_pct': 90, 'control_closest_framework': 'TSC', 'control_tsc_section': None, 'control_coso_section': 'Risk Assessment (6-9)', 'control_soc_domain': 'Risk Assessment'}, {'control_id': 'C1.1.1', 'control_desc': 'SimpleLegal has policies and procedures in place that govern how confidential data is secured and restricted to authorized personnel.', 'control_test': 'Inspected the Information Classification and Information Disposal policies to verify whether SimpleLegal had policies and procedures that governed how confidential data is secured and restricted to authorized personnel.', 'control_test_results': 'No exceptions noted.', 'control_page_ref': 45, 'control_line_ref': 10, 'control_seq': 131, 'control_tsc_id': 'Conf1.4', 'control_coso_id': '1', 'control_tsc_similarity': 0.8908156909899771, 'control_coso_similarity': 0.8128163554987561, 'control_tsc_confidence_pct': 95, 'control_coso_confidence_pct': 91, 'control_closest_framework': 'TSC', 'control_tsc_section': None, 'control_coso_section': 'Control Environment (1-5)', 'control_soc_domain': 'Control Environment'}, {'control_id': 'C1.1.1', 'control_desc': 'SimpleLegal has policies and procedures in place that govern how confidential data is secured and restricted to authorized personnel.', 'control_test': 'Inspected the Information Classification and Information Disposal policies to verify whether SimpleLegal had policies and procedures that governed how confidential data is secured and restricted to auth', 'control_test_results': None, 'control_page_ref': 45, 'control_line_ref': 6, 'control_seq': 148, 'control_tsc_id': 'Conf1.4', 'control_coso_id': '1', 'control_tsc_similarity': 0.8908156909899771, 'control_coso_similarity': 0.8128163554987561, 'control_tsc_confidence_pct': 95, 'control_coso_confidence_pct': 91, 'control_closest_framework': 'TSC', 'control_tsc_section': None, 'control_coso_section': 'Control Environment (1-5)', 'control_soc_domain': 'Control Environment'}, {'control_id': 'C1.1.2', 'control_desc': 'Prior to joining SimpleLegal, all employees and contractors are required to sign confidentiality agreements.', 'control_test': 'For all new hires during the period, inspected the signed contract to verify whether each individual was required to sign a confidentiality agreement prior to joining the Company.', 'control_test_results': 'For 1 of 4 selected new hires, the confidentiality agreement was signed after joining SimpleLegal. Exception noted.', 'control_page_ref': 45, 'control_line_ref': 24, 'control_seq': 132, 'control_tsc_id': 'Conf1.3', 'control_coso_id': '1', 'control_tsc_similarity': 0.8409413593922281, 'control_coso_similarity': 0.7828840031306221, 'control_tsc_confidence_pct': 92, 'control_coso_confidence_pct': 89, 'control_closest_framework': 'TSC', 'control_tsc_section': None, 'control_coso_section': 'Control Environment (1-5)', 'control_soc_domain': 'Control Environment'}, {'control_id': 'C1.1.4', 'control_desc': "SimpleLegal has Terms of Service in place with customers which demonstrates the Company's security commitments related to confidential information.", 'control_test': "Inspected the SimpleLegal Terms of Service to verify whether it demonstrated the Company's security and confidentiality commitments.", 'control_test_results': 'No exceptions noted.', 'control_page_ref': 45, 'control_line_ref': 52, 'control_seq': 133, 'control_tsc_id': 'Conf1.4', 'control_coso_id': '1', 'control_tsc_similarity': 0.8562572201301493, 'control_coso_similarity': 0.825969181749257, 'control_tsc_confidence_pct': 93, 'control_coso_confidence_pct': 91, 'control_closest_framework': 'TSC', 'control_tsc_section': None, 'control_coso_section': 'Control Environment (1-5)', 'control_soc_domain': 'Control Environment'}, {'control_id': 'C1.2.1', 'control_desc': 'SimpleLegal has policies and procedures in place that govern how confidential information is securely deleted.', 'control_test': 'Inspected the Information Disposal Policy to verify whether it outlined the requirements for disposing of various types of information at SimpleLegal.', 'control_test_results': 'No exceptions noted.', 'control_page_ref': 46, 'control_line_ref': 10, 'control_seq': 134, 'control_tsc_id': 'Conf1.4', 'control_coso_id': '1', 'control_tsc_similarity': 0.8669680778028532, 'control_coso_similarity': 0.7917208610596366, 'control_tsc_confidence_pct': 93, 'control_coso_confidence_pct': 90, 'control_closest_framework': 'TSC', 'control_tsc_section': None, 'control_coso_section': 'Control Environment (1-5)', 'control_soc_domain': 'Control Environment'}, {'control_id': 'C1.2.1', 'control_desc': 'SimpleLegal has policies and procedures in place that govern how confidential information is securely deleted.', 'control_test': 'Inspected the Information Disposal Policy to verify whether it outlined the requirements for disposing of various types of information at SimpleLegal.', 'control_test_results': 'No exceptions noted.', 'control_page_ref': None, 'control_line_ref': 12, 'control_seq': 136, 'control_tsc_id': 'Conf1.4', 'control_coso_id': '1', 'control_tsc_similarity': 0.8669680778028532, 'control_coso_similarity': 0.7917208610596366, 'control_tsc_confidence_pct': 93, 'control_coso_confidence_pct': 90, 'control_closest_framework': 'TSC', 'control_tsc_section': None, 'control_coso_section': 'Control Environment (1-5)', 'control_soc_domain': 'Control Environment'}, {'control_id': 'C1.2.2', 'control_desc': 'Customer information is deleted in a timely manner, in accordance with contractual requirements.', 'control_test': 'For a selection of churned customers during the period, inspected offboarding tickets to verify whether SimpleLegal deleted customer information in a timely manner, in accordance with contractual requirements.', 'control_test_results': 'No exceptions noted.', 'control_page_ref': 46, 'control_line_ref': 22, 'control_seq': 135, 'control_tsc_id': 'P8.1', 'control_coso_id': '13', 'control_tsc_similarity': 0.8308547755315421, 'control_coso_similarity': 0.7703155535474179, 'control_tsc_confidence_pct': 92, 'control_coso_confidence_pct': 89, 'control_closest_framework': 'TSC', 'control_tsc_section': None, 'control_coso_section': 'Information & Communication (13-15)', 'control_soc_domain': 'Information and Communication'}, {'control_id': 'C1.2.2', 'control_desc': 'Customer information is deleted in a timely manner, in accordance with contractual requirements.', 'control_test': 'For a selection of churned customers during the period, inspected offboarding tickets to verify whether SimpleLegal deleted customer information in a timely manner, in accordance with contractual requirements.', 'control_test_results': 'No exceptions noted.', 'control_page_ref': None, 'control_line_ref': 22, 'control_seq': 137, 'control_tsc_id': 'P8.1', 'control_coso_id': '13', 'control_tsc_similarity': 0.8308547755315421, 'control_coso_similarity': 0.7703155535474179, 'control_tsc_confidence_pct': 92, 'control_coso_confidence_pct': 89, 'control_closest_framework': 'TSC', 'control_tsc_section': None, 'control_coso_section': 'Information & Communication (13-15)', 'control_soc_domain': 'Information and Communication'}, {'control_id': 'CC1.1.1', 'control_desc': 'SimpleLegal has established a Code of Conduct policy that is acknowledged by all new employees and full-time contractors upon hire. This policy outlines expectations the Company has set related to ethics and standards of conduct. Additionally, this policy outlines processes that management has established to evaluate adherence to standards of conduct and address deviations in a timely manner.', 'control_test': 'Inspected the Employee Handbook to verify whether it outlined expectations around ethical conduct for employees and contractors, as well as disciplinary actions if the policy is violated. For all new hires during the period, inspected the signed handbook to verify whether each individual had acknowledged and accepted the Code of Conduct policy.', 'control_test_results': 'No exceptions noted.', 'control_page_ref': 26, 'control_line_ref': 10, 'control_seq': 25, 'control_tsc_id': 'CC1.1', 'control_coso_id': '1', 'control_tsc_similarity': 0.8279087689852769, 'control_coso_similarity': 0.8326298536916821, 'control_tsc_confidence_pct': 91, 'control_coso_confidence_pct': 92, 'control_closest_framework': 'COSO', 'control_tsc_section': 'Control Environment (CC1.1 - CC1.5)', 'control_coso_section': 'Control Environment (1-5)', 'control_soc_domain': 'Control Environment'}, {'control_id': 'CC1.2.1', 'control_desc': 'SimpleLegal is a subsidiary of Onit, whose leaders have relevant skills and industry expertise that enable them to provide independent oversight over management.', 'control_test': 'Inspected Onit’s website to verify whether Onit’s executive leadership team consists of individuals with relevant skills and industry expertise that enables them to provide independent oversight over management.', 'control_test_results': 'No exceptions noted.', 'control_page_ref': 26, 'control_line_ref': 32, 'control_seq': 26, 'control_tsc_id': 'CC3.1', 'control_coso_id': '3', 'control_tsc_similarity': 0.7978462112163255, 'control_coso_similarity': 0.7978462112163255, 'control_tsc_confidence_pct': 90, 'control_coso_confidence_pct': 90, 'control_closest_framework': 'Equal', 'control_tsc_section': 'Control Activities (CC3.1 - CC3.4)', 'control_coso_section': 'Control Environment (1-5)', 'control_soc_domain': 'Control Environment'}, {'control_id': 'CC1.2.2', 'control_desc': 'SimpleLegal meets with the Onit Board of Directors on at least a quarterly basis to discuss Company performance, strategic objectives, and information security matters.', 'control_test': 'For a selection of quarters during the period, inspected the Board of Directors meeting invitation and notes to verify whether the Board of Directors met on a quarterly basis to discuss Company performance, strategic objectives, and information security matters.', 'control_test_results': 'No exceptions noted.', 'control_page_ref': 26, 'control_line_ref': 50, 'control_seq': 27, 'control_tsc_id': 'CC2.1', 'control_coso_id': '15', 'control_tsc_similarity': 0.8263400448055802, 'control_coso_similarity': 0.8291612142586597, 'control_tsc_confidence_pct': 91, 'control_coso_confidence_pct': 91, 'control_closest_framework': 'COSO', 'control_tsc_section': 'Risk Assessment (CC2.1 - CC2.4)', 'control_coso_section': 'Information & Communication (13-15)', 'control_soc_domain': 'Information and Communication'}, {'control_id': 'CC1.3.1', 'control_desc': 'SimpleLegal maintains an updated organizational chart that establishes structure, reporting lines, and delegation of authority and responsibility across the Company.', 'control_test': 'Inspected the organizational chart to verify whether it established the structure, reporting lines, and delegation of authority and responsibility across the Company.', 'control_test_results': 'No exceptions noted.', 'control_page_ref': None, 'control_line_ref': None, 'control_seq': 16, 'control_tsc_id': 'CC3.1', 'control_coso_id': '3', 'control_tsc_similarity': 0.8545384970506389, 'control_coso_similarity': 0.8545384970506389, 'control_tsc_confidence_pct': 93, 'control_coso_confidence_pct': 93, 'control_closest_framework': 'Equal', 'control_tsc_section': 'Control Activities (CC3.1 - CC3.4)', 'control_coso_section': 'Control Environment (1-5)', 'control_soc_domain': 'Control Environment'}, {'control_id': 'CC1.3.1', 'control_desc': 'SimpleLegal maintains an updated organizational chart that establishes structure, reporting lines, and delegation of authority and responsibility across the Company.', 'control_test': 'Inspected the organizational chart to verify whether it established the structure, reporting lines, and delegation of authority and responsibility across the Company.', 'control_test_results': 'No exceptions noted.', 'control_page_ref': 26, 'control_line_ref': 74, 'control_seq': 28, 'control_tsc_id': 'CC3.1', 'control_coso_id': '3', 'control_tsc_similarity': 0.8545384970506389, 'control_coso_similarity': 0.8545384970506389, 'control_tsc_confidence_pct': 93, 'control_coso_confidence_pct': 93, 'control_closest_framework': 'Equal', 'control_tsc_section': 'Control Activities (CC3.1 - CC3.4)', 'control_coso_section': 'Control Environment (1-5)', 'control_soc_domain': 'Control Environment'}, {'control_id': 'CC1.3.2', 'control_desc': 'SimpleLegal’s executive leadership meets on a monthly basis to discuss operations, issues relating to internal controls, and delivery on key performance metrics.', 'control_test': 'For a selection of months, inspected executive leadership meeting invitations and agendas to verify whether they included discussions regarding operations, issues relating to internal controls, and delivery on key performance metrics.', 'control_test_results': 'No exceptions noted.', 'control_page_ref': None, 'control_line_ref': None, 'control_seq': 17, 'control_tsc_id': 'CC9.2', 'control_coso_id': '17', 'control_tsc_similarity': 0.8365958560338935, 'control_coso_similarity': 0.8389425161536184, 'control_tsc_confidence_pct': 92, 'control_coso_confidence_pct': 92, 'control_closest_framework': 'COSO', 'control_tsc_section': 'Risk Mitigation (CC9.1 - CC9.2)', 'control_coso_section': 'Monitoring Activities (16-17)', 'control_soc_domain': 'Monitoring Activities'}, {'control_id': 'CC1.3.2', 'control_desc': 'SimpleLegal’s executive leadership meets on a monthly basis to discuss operations, issues relating to internal controls, and delivery on key performance metrics.', 'control_test': 'For a selection of months, inspected executive leadership meeting invitations and agendas to verify', 'control_test_results': None, 'control_page_ref': 26, 'control_line_ref': 92, 'control_seq': 29, 'control_tsc_id': 'CC9.2', 'control_coso_id': '17', 'control_tsc_similarity': 0.8365958560338935, 'control_coso_similarity': 0.8389425161536184, 'control_tsc_confidence_pct': 92, 'control_coso_confidence_pct': 92, 'control_closest_framework': 'COSO', 'control_tsc_section': 'Risk Mitigation (CC9.1 - CC9.2)', 'control_coso_section': 'Monitoring Activities (16-17)', 'control_soc_domain': 'Monitoring Activities'}, {'control_id': 'CC1.3.3', 'control_desc': 'SimpleLegal has an assigned security team that is responsible for the design, implementation, and oversight of the Company’s security policies and procedures. The security team communicates important information security events to management and the Board of Directors in a timely manner.', 'control_test': 'Inspected the Incident Reporting and Response Policy to verify whether a security team had been formally designated, along with clearly defined roles and responsibilities. For a selection of quarters during the period, inspected the Board of Directors meeting invitation and notes to verify whether a member of the security team was present to communicate important information security events to management and the Board of Directors.', 'control_test_results': 'No exceptions noted.', 'control_page_ref': 27, 'control_line_ref': 27, 'control_seq': 18, 'control_tsc_id': 'C1.6', 'control_coso_id': '17', 'control_tsc_similarity': 0.8223229275135157, 'control_coso_similarity': 0.8188868775353649, 'control_tsc_confidence_pct': 91, 'control_coso_confidence_pct': 91, 'control_closest_framework': 'TSC', 'control_tsc_section': None, 'control_coso_section': 'Monitoring Activities (16-17)', 'control_soc_domain': 'Monitoring Activities'}, {'control_id': 'CC1.4.1', 'control_desc': 'All positions have a detailed job description that lists qualifications, such as required skills and experience, which candidates must meet in order to be hired by SimpleLegal.', 'control_test': 'Inspected the Onit careers website to verify whether open positions had job descriptions that listed the qualifications Onit was seeking for the role.', 'control_test_results': 'No exceptions noted.', 'control_page_ref': None, 'control_line_ref': None, 'control_seq': 5, 'control_tsc_id': 'CC4.1', 'control_coso_id': '4', 'control_tsc_similarity': 0.795043404554616, 'control_coso_similarity': 0.7990416449285983, 'control_tsc_confidence_pct': 90, 'control_coso_confidence_pct': 90, 'control_closest_framework': 'COSO', 'control_tsc_section': 'Information & Communication (CC4.1 - CC4.2)', 'control_coso_section': 'Control Environment (1-5)', 'control_soc_domain': 'Control Environment'}, {'control_id': 'CC1.4.1', 'control_desc': 'All positions have a detailed job description that lists qualifications, such as required skills and experience, which candidates must meet in order to be hired by SimpleLegal.', 'control_test': 'Inspected the Onit careers website to verify whether open positions had job descriptions that listed the qualifications Onit was seeking for the role.', 'control_test_results': 'No exceptions noted.', 'control_page_ref': None, 'control_line_ref': None, 'control_seq': 19, 'control_tsc_id': 'CC4.1', 'control_coso_id': '4', 'control_tsc_similarity': 0.795043404554616, 'control_coso_similarity': 0.7990416449285983, 'control_tsc_confidence_pct': 90, 'control_coso_confidence_pct': 90, 'control_closest_framework': 'COSO', 'control_tsc_section': 'Information & Communication (CC4.1 - CC4.2)', 'control_coso_section': 'Control Environment (1-5)', 'control_soc_domain': 'Control Environment'}, {'control_id': 'CC1.4.2', 'control_desc': 'SimpleLegal performs background checks on new employees prior to hire, as permitted by local laws. The results are reviewed by Human Resources and appropriate action is taken if deemed necessary.', 'control_test': 'For all new hires during the period, inspected the completed background check report to verify whether each individual had a comprehensive background check performed prior to their starting date, as permitted by local laws.', 'control_test_results': 'No exceptions noted.', 'control_page_ref': None, 'control_line_ref': None, 'control_seq': 6, 'control_tsc_id': 'P5.1', 'control_coso_id': '4', 'control_tsc_similarity': 0.804912592355892, 'control_coso_similarity': 0.7939269710151999, 'control_tsc_confidence_pct': 90, 'control_coso_confidence_pct': 90, 'control_closest_framework': 'TSC', 'control_tsc_section': 'Privacy (P1.1 - P6.1)', 'control_coso_section': 'Control Environment (1-5)', 'control_soc_domain': 'Control Environment'}, {'control_id': 'CC1.4.2', 'control_desc': 'SimpleLegal performs background checks on new employees prior to hire, as permitted by local laws. The results are reviewed by Human Resources and appropriate action is taken if deemed necessary.', 'control_test': 'For all new hires during the period, inspected the completed background check report to verify whether each individual had a comprehensive background check.', 'control_test_results': None, 'control_page_ref': None, 'control_line_ref': None, 'control_seq': 20, 'control_tsc_id': 'P5.1', 'control_coso_id': '4', 'control_tsc_similarity': 0.804912592355892, 'control_coso_similarity': 0.7939269710151999, 'control_tsc_confidence_pct': 90, 'control_coso_confidence_pct': 90, 'control_closest_framework': 'TSC', 'control_tsc_section': 'Privacy (P1.1 - P6.1)', 'control_coso_section': 'Control Environment (1-5)', 'control_soc_domain': 'Control Environment'}, {'control_id': 'CC1.4.3', 'control_desc': 'Executive management holds monthly meetings that include analyzing the competency of its staff against the required business objectives and forecasted growth to determine whether additional resources are necessary.', 'control_test': 'For a selection of months, inspected executive leadership meeting invitations and agendas to verify whether they included discussions regarding human resources.', 'control_test_results': 'No exceptions noted.', 'control_page_ref': None, 'control_line_ref': None, 'control_seq': 7, 'control_tsc_id': 'CC3.1', 'control_coso_id': '3', 'control_tsc_similarity': 0.8649467865868659, 'control_coso_similarity': 0.8649467865868659, 'control_tsc_confidence_pct': 93, 'control_coso_confidence_pct': 93, 'control_closest_framework': 'Equal', 'control_tsc_section': 'Control Activities (CC3.1 - CC3.4)', 'control_coso_section': 'Control Environment (1-5)', 'control_soc_domain': 'Control Environment'}, {'control_id': 'CC1.5.1', 'control_desc': 'SimpleLegal maintains formalized performance expectations for each position and uses these expectations as a basis for evaluating the performance of each of its employees. These performance evaluations, which incorporate internal control responsibilities, are completed on an annual basis.', 'control_test': 'For a selection of active personnel during the period, inspected completed performance evaluations to verify whether each individual received a formalized performance evaluation during the period which incorporated internal control responsibilities.', 'control_test_results': 'No exceptions noted.', 'control_page_ref': None, 'control_line_ref': None, 'control_seq': 8, 'control_tsc_id': 'CC9.1', 'control_coso_id': '16', 'control_tsc_similarity': 0.8414871229995662, 'control_coso_similarity': 0.8509801958373571, 'control_tsc_confidence_pct': 92, 'control_coso_confidence_pct': 93, 'control_closest_framework': 'COSO', 'control_tsc_section': 'Risk Mitigation (CC9.1 - CC9.2)', 'control_coso_section': 'Monitoring Activities (16-17)', 'control_soc_domain': 'Monitoring Activities'}, {'control_id': 'CC2.1.1', 'control_desc': 'SimpleLegal’s mission-critical systems and sensitive information are identified as part of their asset inventory, which includes capturing internal and external sources of data.', 'control_test': 'Inspected the AWS dashboard and Jamf inventory report to verify whether SimpleLegal had identified its mission-critical systems and sources of sensitive information.', 'control_test_results': 'No exceptions noted.', 'control_page_ref': 28, 'control_line_ref': 10, 'control_seq': 1, 'control_tsc_id': 'C1.1', 'control_coso_id': '13', 'control_tsc_similarity': 0.8770209172783625, 'control_coso_similarity': 0.830734268403737, 'control_tsc_confidence_pct': 94, 'control_coso_confidence_pct': 92, 'control_closest_framework': 'TSC', 'control_tsc_section': 'Confidentiality (C1.1 - C1.4)', 'control_coso_section': 'Information & Communication (13-15)', 'control_soc_domain': 'Information and Communication'}, {'control_id': 'CC2.1.1', 'control_desc': 'SimpleLegal’s mission-critical systems and sensitive information are identified as part of their asset inventory, which includes capturing internal and external sources of data.', 'control_test': 'Inspected the AWS dashboard and Jamf inventory report to verify whether SimpleLegal had identified its mission-critical systems and sources of sensitive information.', 'control_test_results': 'No exceptions noted.', 'control_page_ref': 28, 'control_line_ref': None, 'control_seq': 9, 'control_tsc_id': 'C1.1', 'control_coso_id': '13', 'control_tsc_similarity': 0.8770209172783625, 'control_coso_similarity': 0.830734268403737, 'control_tsc_confidence_pct': 94, 'control_coso_confidence_pct': 92, 'control_closest_framework': 'TSC', 'control_tsc_section': 'Confidentiality (C1.1 - C1.4)', 'control_coso_section': 'Information & Communication (13-15)', 'control_soc_domain': 'Information and Communication'}, {'control_id': 'CC2.1.2', 'control_desc': 'SimpleLegal maintains an updated cloud architecture diagram outlining how data is processed and secured within AWS.', 'control_test': "Inspected SimpleLegal's cloud architecture diagrams to verify whether they provided a comprehensive illustration of the AWS architecture and how data is processed and secured.", 'control_test_results': 'No exceptions noted.', 'control_page_ref': 28, 'control_line_ref': 20, 'control_seq': 2, 'control_tsc_id': 'C1.2', 'control_coso_id': '12', 'control_tsc_similarity': 0.8161608486005186, 'control_coso_similarity': 0.7785900985495624, 'control_tsc_confidence_pct': 91, 'control_coso_confidence_pct': 89, 'control_closest_framework': 'TSC', 'control_tsc_section': 'Confidentiality (C1.1 - C1.4)', 'control_coso_section': 'Control Activities (10-12)', 'control_soc_domain': 'Control Activities'}, {'control_id': 'CC2.2.1', 'control_desc': 'SimpleLegal maintains updated policies and procedures that enable all personnel to understand and carry out their internal control responsibilities, including ensuring confidentiality, integrity, and availability of all systems and data. These policies and procedures are accessible to all personnel and are acknowledged upon hire.', 'control_test': 'Inspected the collection of organizational policies and procedures to verify whether they outlined roles and responsibilities around internal control performance. Inspected the internal shared folder to verify whether up-to-date policies and procedures were available to all SimpleLegal personnel. For all new hires during the period, inspected the signed handbook to verify whether each individual had acknowledged and accepted the organizational policies and procedures.', 'control_test_results': 'No exceptions noted.', 'control_page_ref': 28, 'control_line_ref': 38, 'control_seq': 3, 'control_tsc_id': 'C1.2', 'control_coso_id': '13', 'control_tsc_similarity': 0.8585739303745614, 'control_coso_similarity': 0.8394982922938549, 'control_tsc_confidence_pct': 93, 'control_coso_confidence_pct': 92, 'control_closest_framework': 'TSC', 'control_tsc_section': 'Confidentiality (C1.1 - C1.4)', 'control_coso_section': 'Information & Communication (13-15)', 'control_soc_domain': 'Information and Communication'}, {'control_id': 'CC2.2.2', 'control_desc': 'SimpleLegal employees are required to complete information security awareness training upon hire and on at least an annual basis thereafter.', 'control_test': 'For all new hires during the period, inspected security training completion certificates to verify whether training was completed upon hire. For a selection of active personnel during the period, inspected security training completion certificates to verify whether training was completed annually.', 'control_test_results': 'No exceptions noted.', 'control_page_ref': 28, 'control_line_ref': 56, 'control_seq': 4, 'control_tsc_id': 'C1.2', 'control_coso_id': '4', 'control_tsc_similarity': 0.8385231840094358, 'control_coso_similarity': 0.798669327358597, 'control_tsc_confidence_pct': 92, 'control_coso_confidence_pct': 90, 'control_closest_framework': 'TSC', 'control_tsc_section': 'Confidentiality (C1.1 - C1.4)', 'control_coso_section': 'Control Environment (1-5)', 'control_soc_domain': 'Control Environment'}, {'control_id': 'CC2.2.2', 'control_desc': 'SimpleLegal employees are required to complete information security awareness training upon hire and on at least an annual basis thereafter.', 'control_test': 'For all new hires during the period, inspected security training completion certificates to verify whether training was completed upon hire. For a selection of active personnel during the period, inspected security training completion certificates to verify whether training was completed annually.', 'control_test_results': 'No exceptions noted.', 'control_page_ref': 29, 'control_line_ref': 0, 'control_seq': 10, 'control_tsc_id': 'C1.2', 'control_coso_id': '4', 'control_tsc_similarity': 0.8385231840094358, 'control_coso_similarity': 0.798669327358597, 'control_tsc_confidence_pct': 92, 'control_coso_confidence_pct': 90, 'control_closest_framework': 'TSC', 'control_tsc_section': 'Confidentiality (C1.1 - C1.4)', 'control_coso_section': 'Control Environment (1-5)', 'control_soc_domain': 'Control Environment'}, {'control_id': 'CC2.2.3', 'control_desc': 'SimpleLegal provides a process for employees and contractors to report security failures, incidents and concerns, and other complaints to management.', 'control_test': 'Inspected the Incident Reporting and Response Policy to verify whether it provided a process for employees and contractors to report security failures, incidents and concerns, and other complaints to management.', 'control_test_results': 'No exceptions noted.', 'control_page_ref': None, 'control_line_ref': None, 'control_seq': 11, 'control_tsc_id': 'C1.6', 'control_coso_id': '17', 'control_tsc_similarity': 0.8429765977926756, 'control_coso_similarity': 0.8233116729654217, 'control_tsc_confidence_pct': 92, 'control_coso_confidence_pct': 91, 'control_closest_framework': 'TSC', 'control_tsc_section': None, 'control_coso_section': 'Monitoring Activities (16-17)', 'control_soc_domain': 'Monitoring Activities'}, {'control_id': 'CC2.3.1', 'control_desc': 'SimpleLegal enables inbound communications from customers and other stakeholders by maintaining contact information on their website for general inquiries, customer support, partnerships, and public relations.', 'control_test': 'Inspected the SimpleLegal website to verify whether contact information was available for general inquiries, customer support, partnerships, and public relations. Inspected a test submission to the SimpleLegal support channel to verify whether it was actively monitored and managed by the support team.', 'control_test_results': 'No exceptions noted.', 'control_page_ref': 29, 'control_line_ref': 0, 'control_seq': 12, 'control_tsc_id': 'P4.1', 'control_coso_id': '15', 'control_tsc_similarity': 0.7995782589869155, 'control_coso_similarity': 0.7917233552500084, 'control_tsc_confidence_pct': 90, 'control_coso_confidence_pct': 90, 'control_closest_framework': 'TSC', 'control_tsc_section': 'Privacy (P1.1 - P6.1)', 'control_coso_section': 'Information & Communication (13-15)', 'control_soc_domain': 'Information and Communication'}, {'control_id': 'CC2.3.2', 'control_desc': 'Objective descriptions of SimpleLegal’s system and its boundaries are available to authorized external users and customers.', 'control_test': 'Inspected the Company website to verify whether objective descriptions of SimpleLegal’s system and its boundaries were available to authorized external users and customers.', 'control_test_results': 'No exceptions noted.', 'control_page_ref': None, 'control_line_ref': None, 'control_seq': 13, 'control_tsc_id': 'C1.2', 'control_coso_id': '15', 'control_tsc_similarity': 0.8206697716144749, 'control_coso_similarity': 0.7958862525146936, 'control_tsc_confidence_pct': 91, 'control_coso_confidence_pct': 90, 'control_closest_framework': 'TSC', 'control_tsc_section': 'Confidentiality (C1.1 - C1.4)', 'control_coso_section': 'Information & Communication (13-15)', 'control_soc_domain': 'Information and Communication'}, {'control_id': 'CC2.3.2', 'control_desc': 'Objective descriptions of SimpleLegal’s system and its boundaries are available to authorized external users and customers.', 'control_test': 'Inspected the Company website to verify whether objective descriptions of SimpleLegal’s system and its boundaries were available to authorized external users and customers.', 'control_test_results': 'No exceptions noted.', 'control_page_ref': None, 'control_line_ref': 7, 'control_seq': 38, 'control_tsc_id': 'C1.2', 'control_coso_id': '15', 'control_tsc_similarity': 0.8206697716144749, 'control_coso_similarity': 0.7958862525146936, 'control_tsc_confidence_pct': 91, 'control_coso_confidence_pct': 90, 'control_closest_framework': 'TSC', 'control_tsc_section': 'Confidentiality (C1.1 - C1.4)', 'control_coso_section': 'Information & Communication (13-15)', 'control_soc_domain': 'Information and Communication'}, {'control_id': 'CC2.3.3', 'control_desc': "SimpleLegal maintains an updated Terms of Service and Service Level Agreement on its website that communicates the Company's commitment to security, availability, and confidentiality to external users.", 'control_test': "Inspected the SimpleLegal Terms of Service and Service Level Agreement to verify whether it demonstrated the Company's security, availability, and confidentiality commitments.", 'control_test_results': 'No exceptions noted.', 'control_page_ref': None, 'control_line_ref': None, 'control_seq': 14, 'control_tsc_id': 'P2.1', 'control_coso_id': '1', 'control_tsc_similarity': 0.8184706100590076, 'control_coso_similarity': 0.7985688397597216, 'control_tsc_confidence_pct': 91, 'control_coso_confidence_pct': 90, 'control_closest_framework': 'TSC', 'control_tsc_section': 'Privacy (P1.1 - P6.1)', 'control_coso_section': 'Control Environment (1-5)', 'control_soc_domain': 'Control Environment'}, {'control_id': 'CC2.3.3', 'control_desc': "SimpleLegal maintains an updated Terms of Service and Service Level Agreement on its website that communicates the Company's commitment to security, availability, and confidentiality to external users.", 'control_test': "Inspected the SimpleLegal Terms of Service and Service Level Agreement to verify whether it demonstrated the Company's security, availability, and confidentiality commitments.", 'control_test_results': 'No exceptions noted.', 'control_page_ref': None, 'control_line_ref': 15, 'control_seq': 39, 'control_tsc_id': 'P2.1', 'control_coso_id': '1', 'control_tsc_similarity': 0.8184706100590076, 'control_coso_similarity': 0.7985688397597216, 'control_tsc_confidence_pct': 91, 'control_coso_confidence_pct': 90, 'control_closest_framework': 'TSC', 'control_tsc_section': 'Privacy (P1.1 - P6.1)', 'control_coso_section': 'Control Environment (1-5)', 'control_soc_domain': 'Control Environment'}, {'control_id': 'CC3.1.1', 'control_desc': 'SimpleLegal maintains a risk management program that describes the processes the Company has in place to identify new business and technical risks and how those risks are mitigated.', 'control_test': 'Inspected the risk management policy to verify whether it was up-to-date and documented requirements and guidelines to performing a comprehensive risk assessment.', 'control_test_results': 'No exceptions noted.', 'control_page_ref': None, 'control_line_ref': 33, 'control_seq': 40, 'control_tsc_id': 'CC6.2', 'control_coso_id': '7', 'control_tsc_similarity': 0.8564202230420856, 'control_coso_similarity': 0.8627172175543385, 'control_tsc_confidence_pct': 93, 'control_coso_confidence_pct': 93, 'control_closest_framework': 'COSO', 'control_tsc_section': 'Logical & Physical Access Controls (CC6.1 - CC6.10)', 'control_coso_section': 'Risk Assessment (6-9)', 'control_soc_domain': 'Risk Assessment'}, {'control_id': 'CC3.1.2', 'control_desc': 'On a quarterly basis, SimpleLegal conducts an assessment on the risks related to data security, data integrity, scalability, and privacy.', 'control_test': 'For a selection of quarters, inspected the completed risk assessment to verify whether it incorporated risks and controls related to data security, data integrity, scalability, and privacy.', 'control_test_results': 'No exceptions noted.', 'control_page_ref': None, 'control_line_ref': 41, 'control_seq': 41, 'control_tsc_id': 'P7.1', 'control_coso_id': '9', 'control_tsc_similarity': 0.8323372914667908, 'control_coso_similarity': 0.8131502322801579, 'control_tsc_confidence_pct': 92, 'control_coso_confidence_pct': 91, 'control_closest_framework': 'TSC', 'control_tsc_section': None, 'control_coso_section': 'Risk Assessment (6-9)', 'control_soc_domain': 'Risk Assessment'}, {'control_id': 'CC3.2.1', 'control_desc': 'On a quarterly basis, SimpleLegal performs a risk assessment, which includes the identification of relevant internal and external threats, an analysis of the significance of the risks associated with those threats, a determination of appropriate risk mitigation strategies, and the development or modification of controls consistent with the risk mitigation strategy.', 'control_test': 'For a selection of quarters, inspected the completed risk assessment to verify whether it incorporated a comprehensive threat analysis, including probability and impact ratings, mitigating controls, and any action plans to further mitigate risks to an acceptable level.', 'control_test_results': 'No exceptions noted.', 'control_page_ref': None, 'control_line_ref': 49, 'control_seq': 42, 'control_tsc_id': 'CC6.2', 'control_coso_id': '7', 'control_tsc_similarity': 0.8445666862974328, 'control_coso_similarity': 0.8479426380961774, 'control_tsc_confidence_pct': 92, 'control_coso_confidence_pct': 92, 'control_closest_framework': 'COSO', 'control_tsc_section': 'Logical & Physical Access Controls (CC6.1 - CC6.10)', 'control_coso_section': 'Risk Assessment (6-9)', 'control_soc_domain': 'Risk Assessment'}, {'control_id': 'CC3.2.1', 'control_desc': 'On a quarterly basis, SimpleLegal performs a risk assessment, which includes the identification of relevant internal and external threats, an analysis of the significance of the risks associated with those threats, a determination of appropriate risk mitigation strategies, and the development or modification of controls consistent with the risk mitigation strategy.', 'control_test': 'For a selection of quarters, inspected the completed risk assessment to verify whether it incorporated a comprehensive threat analysis, including probability and impact ratings, mitigating controls, and any action plans to further mitigate risks to an acceptable level.', 'control_test_results': 'No exceptions noted.', 'control_page_ref': 30, 'control_line_ref': 5, 'control_seq': 43, 'control_tsc_id': 'CC6.2', 'control_coso_id': '7', 'control_tsc_similarity': 0.8445666862974328, 'control_coso_similarity': 0.8479426380961774, 'control_tsc_confidence_pct': 92, 'control_coso_confidence_pct': 92, 'control_closest_framework': 'COSO', 'control_tsc_section': 'Logical & Physical Access Controls (CC6.1 - CC6.10)', 'control_coso_section': 'Risk Assessment (6-9)', 'control_soc_domain': 'Risk Assessment'}, {'control_id': 'CC3.3.1', 'control_desc': 'As part of the risk assessment process, management considers various types of fraud exposure, the probability and impact of the event occurring, the controls in place to mitigate the risk of fraud, and what, if any, additional mitigation measures are necessary.', 'control_test': 'For a selection of quarters, inspected the completed risk assessment to verify whether it incorporated fraud considerations, including probability and impact ratings, mitigating controls and any action plans to further mitigate the risk of fraud to an acceptable level.', 'control_test_results': 'No exceptions noted.', 'control_page_ref': 30, 'control_line_ref': 23, 'control_seq': 44, 'control_tsc_id': 'CC6.3', 'control_coso_id': '8', 'control_tsc_similarity': 0.8856853262771409, 'control_coso_similarity': 0.8923771429329451, 'control_tsc_confidence_pct': 94, 'control_coso_confidence_pct': 95, 'control_closest_framework': 'COSO', 'control_tsc_section': 'Logical & Physical Access Controls (CC6.1 - CC6.10)', 'control_coso_section': 'Risk Assessment (6-9)', 'control_soc_domain': 'Risk Assessment'}, {'control_id': 'CC3.4.1', 'control_desc': 'As part of the risk assessment process, management identifies and assesses changes that could significantly impact the system of internal control. The assessment includes evaluating changes in data security, data integrity, scalability, and privacy.', 'control_test': 'For a selection of quarters, inspected the completed risk assessment to verify whether it included an evaluation of changes pertaining to data security, data integrity, scalability, and privacy.', 'control_test_results': 'No exceptions noted.', 'control_page_ref': 30, 'control_line_ref': 41, 'control_seq': 45, 'control_tsc_id': 'CC6.4', 'control_coso_id': '9', 'control_tsc_similarity': 0.9082547260282542, 'control_coso_similarity': 0.9205612527404301, 'control_tsc_confidence_pct': 95, 'control_coso_confidence_pct': 96, 'control_closest_framework': 'COSO', 'control_tsc_section': 'Logical & Physical Access Controls (CC6.1 - CC6.10)', 'control_coso_section': 'Risk Assessment (6-9)', 'control_soc_domain': 'Risk Assessment'}, {'control_id': 'CC4.1.1', 'control_desc': 'SimpleLegal conducts ongoing monitoring over internal controls to ensure they are adequately designed and operating effectively, in accordance with baseline requirements.', 'control_test': 'Inspected the results of the below monitoring tools and activities to verify whether they were implemented and monitored by management: Web application penetration testing, Vulnerability scanning, Intrusion detection systems, Phishing campaigns', 'control_test_results': 'No exceptions noted.', 'control_page_ref': None, 'control_line_ref': 17, 'control_seq': 34, 'control_tsc_id': 'CC9.1', 'control_coso_id': '16', 'control_tsc_similarity': 0.8676965511609886, 'control_coso_similarity': 0.8785679712293805, 'control_tsc_confidence_pct': 93, 'control_coso_confidence_pct': 94, 'control_closest_framework': 'COSO', 'control_tsc_section': 'Risk Mitigation (CC9.1 - CC9.2)', 'control_coso_section': 'Monitoring Activities (16-17)', 'control_soc_domain': 'Monitoring Activities'}, {'control_id': 'CC4.1.1', 'control_desc': 'SimpleLegal conducts ongoing monitoring over internal controls to ensure they are adequately designed and operating effectively, in accordance with baseline requirements. These evaluations are conducted by knowledgeable personnel, integrate with business processes, consider changes in business processes, and vary in frequency based on associated risks.', 'control_test': 'Inspected the results of the below monitoring tools and activities to verify whether they were implemented and monitored by management.', 'control_test_results': None, 'control_page_ref': 30, 'control_line_ref': 67, 'control_seq': 46, 'control_tsc_id': 'CC9.1', 'control_coso_id': '16', 'control_tsc_similarity': 0.8718332270839414, 'control_coso_similarity': 0.8827404335219017, 'control_tsc_confidence_pct': 94, 'control_coso_confidence_pct': 94, 'control_closest_framework': 'COSO', 'control_tsc_section': 'Risk Mitigation (CC9.1 - CC9.2)', 'control_coso_section': 'Monitoring Activities (16-17)', 'control_soc_domain': 'Monitoring Activities'}, {'control_id': 'CC4.1.2', 'control_desc': 'SimpleLegal engages a qualified third-party security firm to conduct penetration tests of its web application at least annually. Results are reviewed by management and high priority findings are remediated in a timely manner.', 'control_test': 'Inspected the web application penetration test results to verify whether it was completed by a qualified third-party security firm. For all high severity findings, inspected the letter of attestation to verify whether SimpleLegal remediated the findings in a timely manner.', 'control_test_results': 'No exceptions noted.', 'control_page_ref': None, 'control_line_ref': 39, 'control_seq': 35, 'control_tsc_id': 'C1.6', 'control_coso_id': '17', 'control_tsc_similarity': 0.8440859136937854, 'control_coso_similarity': 0.8232025055501445, 'control_tsc_confidence_pct': 92, 'control_coso_confidence_pct': 91, 'control_closest_framework': 'TSC', 'control_tsc_section': None, 'control_coso_section': 'Monitoring Activities (16-17)', 'control_soc_domain': 'Monitoring Activities'}, {'control_id': 'CC4.1.3', 'control_desc': 'SimpleLegal has implemented a vulnerability management program to detect and remediate system vulnerabilities in software packages used in the Company’s infrastructure. System patching is performed on a periodic basis by the infrastructure team for proper vulnerability mitigation.', 'control_test': 'For a selection of months during the period, inspected the Probely vulnerability scanning reports to verify whether SimpleLegal had implemented a vulnerability management program to detect and remediate system vulnerabilities in software packages.', 'control_test_results': 'Per inspection of the Probely vulnerability scanning reports, noted that there were no vulnerabilities that required patching. Therefore, further testing was not applicable.', 'control_page_ref': 31, 'control_line_ref': 31, 'control_seq': 36, 'control_tsc_id': 'C1.6', 'control_coso_id': '9', 'control_tsc_similarity': 0.8450820761046008, 'control_coso_similarity': 0.7975262460434771, 'control_tsc_confidence_pct': 92, 'control_coso_confidence_pct': 90, 'control_closest_framework': 'TSC', 'control_tsc_section': None, 'control_coso_section': 'Risk Assessment (6-9)', 'control_soc_domain': 'Risk Assessment'}, {'control_id': 'CC4.1.4', 'control_desc': 'SimpleLegal uses intrusion detection systems that continuously monitor for malicious activity and unauthorized behavior related to AWS accounts, workloads, and data.', 'control_test': 'Inspected the GuardDuty and CrowdStrike intrusion detection systems to verify whether they were implemented to monitor for malicious activity and unauthorized behavior related to AWS accounts, workloads, and data.', 'control_test_results': 'No exceptions noted.', 'control_page_ref': None, 'control_line_ref': 13, 'control_seq': 21, 'control_tsc_id': 'C1.6', 'control_coso_id': '9', 'control_tsc_similarity': 0.8393462840456569, 'control_coso_similarity': 0.7797393961891318, 'control_tsc_confidence_pct': 92, 'control_coso_confidence_pct': 89, 'control_closest_framework': 'TSC', 'control_tsc_section': None, 'control_coso_section': 'Risk Assessment (6-9)', 'control_soc_domain': 'Risk Assessment'}, {'control_id': 'CC4.1.4', 'control_desc': 'SimpleLegal uses intrusion detection systems that continuously monitor for malicious activity and unauthorized behavior related to AWS accounts, workloads, and data.', 'control_test': 'Inspected the GuardDuty and CrowdStrike intrusion detection systems to verify whether they were implemented to monitor for malicious activity and unauthorized behavior related to AWS accounts, workloads', 'control_test_results': None, 'control_page_ref': None, 'control_line_ref': 0, 'control_seq': 37, 'control_tsc_id': 'C1.6', 'control_coso_id': '9', 'control_tsc_similarity': 0.8393462840456569, 'control_coso_similarity': 0.7797393961891318, 'control_tsc_confidence_pct': 92, 'control_coso_confidence_pct': 89, 'control_closest_framework': 'TSC', 'control_tsc_section': None, 'control_coso_section': 'Risk Assessment (6-9)', 'control_soc_domain': 'Risk Assessment'}, {'control_id': 'CC4.1.5', 'control_desc': 'SimpleLegal has established a formalized phishing prevention and monitoring campaign to evaluate employee response to potential social engineering attacks. Personnel who fail the phishing simulations are subject to additional training.', 'control_test': 'Inspected the Mimecast security platform to verify whether it was used to conduct phishing testing on SimpleLegal employees and contractors during the period.', 'control_test_results': 'No exceptions noted.', 'control_page_ref': None, 'control_line_ref': 26, 'control_seq': 22, 'control_tsc_id': 'C1.6', 'control_coso_id': '8', 'control_tsc_similarity': 0.8131742588548013, 'control_coso_similarity': 0.8084115215060812, 'control_tsc_confidence_pct': 91, 'control_coso_confidence_pct': 90, 'control_closest_framework': 'TSC', 'control_tsc_section': None, 'control_coso_section': 'Risk Assessment (6-9)', 'control_soc_domain': 'Risk Assessment'}, {'control_id': 'CC4.1.5', 'control_desc': 'SimpleLegal has established a formalized phishing prevention and monitoring campaign to evaluate employee response to potential social engineering attacks. Personnel who fail the phishing simulations are subject to additional training.', 'control_test': 'Inspected the post-failure training emails to verify whether additional security training was provided to personnel who failed phishing tests during the period.', 'control_test_results': 'No exceptions noted.', 'control_page_ref': None, 'control_line_ref': 30, 'control_seq': 23, 'control_tsc_id': 'C1.6', 'control_coso_id': '8', 'control_tsc_similarity': 0.8131742588548013, 'control_coso_similarity': 0.8084115215060812, 'control_tsc_confidence_pct': 91, 'control_coso_confidence_pct': 90, 'control_closest_framework': 'TSC', 'control_tsc_section': None, 'control_coso_section': 'Risk Assessment (6-9)', 'control_soc_domain': 'Risk Assessment'}, {'control_id': 'CC4.2.1', 'control_desc': 'Management assesses the results of ongoing and separate evaluations. Deficiencies are communicated to relevant parties for corrective action, and management tracks whether the deficiencies are remediated in a timely manner.', 'control_test': 'For all high severity findings from the penetration test, inspected the letter of attestation to verify whether SimpleLegal remediated the findings in a timely manner.', 'control_test_results': 'No exceptions noted.', 'control_page_ref': None, 'control_line_ref': 47, 'control_seq': 24, 'control_tsc_id': 'CC9.2', 'control_coso_id': '17', 'control_tsc_similarity': 0.8940180876104861, 'control_coso_similarity': 0.9018691723012794, 'control_tsc_confidence_pct': 95, 'control_coso_confidence_pct': 95, 'control_closest_framework': 'COSO', 'control_tsc_section': 'Risk Mitigation (CC9.1 - CC9.2)', 'control_coso_section': 'Monitoring Activities (16-17)', 'control_soc_domain': 'Monitoring Activities'}, {'control_id': 'CC5.1.1', 'control_desc': 'As part of the risk assessment process, management ensures that adequate controls are in place to mitigate the identified risks to an acceptable level. Considerations in the identification and implementation of control activities include entity-specific factors, relevant business processes, incorporating a mix of control activity types (manual, automated, preventive, detective), and segregation of duties.', 'control_test': 'For a selection of quarters, inspected the completed risk assessment and the organizational policies and procedures to verify whether they included a suite of internal controls that were designed to mitigate the identified risks to an acceptable level.', 'control_test_results': 'No exceptions noted.', 'control_page_ref': 32, 'control_line_ref': 32, 'control_seq': 30, 'control_tsc_id': 'CC7.1', 'control_coso_id': '10', 'control_tsc_similarity': 0.8914480366888758, 'control_coso_similarity': 0.8815595118984204, 'control_tsc_confidence_pct': 95, 'control_coso_confidence_pct': 94, 'control_closest_framework': 'TSC', 'control_tsc_section': 'System Operations (CC7.1 - CC7.5)', 'control_coso_section': 'Control Activities (10-12)', 'control_soc_domain': 'Control Activities'}, {'control_id': 'CC5.1.1', 'control_desc': 'As part of the risk assessment process, management ensures that adequate controls are in place to mitigate the identified risks to an acceptable level. Considerations in the identification and implementation of control activities include entity-specific factors, relevant business processes, incorporating a mix of control activity types (manual, automated, preventive, detective), and segregation of duties.', 'control_test': 'For a selection of quarters, inspected the completed risk assessment and the organizational policies and procedures to verify whether they incorporated a mix of control activity types, such as manual, automated, preventive, and detective controls, including segregation of duties.', 'control_test_results': 'No exceptions noted.', 'control_page_ref': 32, 'control_line_ref': 32, 'control_seq': 31, 'control_tsc_id': 'CC7.1', 'control_coso_id': '10', 'control_tsc_similarity': 0.8914480366888758, 'control_coso_similarity': 0.8815595118984204, 'control_tsc_confidence_pct': 95, 'control_coso_confidence_pct': 94, 'control_closest_framework': 'TSC', 'control_tsc_section': 'System Operations (CC7.1 - CC7.5)', 'control_coso_section': 'Control Activities (10-12)', 'control_soc_domain': 'Control Activities'}, {'control_id': 'CC5.2.1', 'control_desc': 'SimpleLegal maintains a suite of Information Technology General Controls (ITGCs) to support the achievement of objectives. These ITGCs are identified as part of the annual risk assessment completed by management and cover areas such as technology infrastructure and security management as well as technology acquisition, development, and maintenance.', 'control_test': 'For a selection of quarters, inspected the completed risk assessment and the organizational policies and procedures to verify whether a comprehensive suite of ITGCs was implemented.', 'control_test_results': 'No exceptions noted.', 'control_page_ref': 32, 'control_line_ref': 32, 'control_seq': 32, 'control_tsc_id': 'CC7.2', 'control_coso_id': '11', 'control_tsc_similarity': 0.861674997108738, 'control_coso_similarity': 0.8699699558895481, 'control_tsc_confidence_pct': 93, 'control_coso_confidence_pct': 93, 'control_closest_framework': 'COSO', 'control_tsc_section': 'System Operations (CC7.1 - CC7.5)', 'control_coso_section': 'Control Activities (10-12)', 'control_soc_domain': 'Control Activities'}, {'control_id': 'CC5.2.1', 'control_desc': 'SimpleLegal maintains a suite of Information Technology General Controls (ITGCs) to support the achievement of objectives.', 'control_test': 'Inspected the completed risk assessment and the organizational policies and procedures to verify whether a comprehensive suite of ITGCs was implemented.', 'control_test_results': 'No exceptions noted.', 'control_page_ref': None, 'control_line_ref': 13, 'control_seq': 53, 'control_tsc_id': 'CC7.2', 'control_coso_id': '11', 'control_tsc_similarity': 0.8669621842791234, 'control_coso_similarity': 0.8721014711323324, 'control_tsc_confidence_pct': 93, 'control_coso_confidence_pct': 94, 'control_closest_framework': 'COSO', 'control_tsc_section': 'System Operations (CC7.1 - CC7.5)', 'control_coso_section': 'Control Activities (10-12)', 'control_soc_domain': 'Control Activities'}, {'control_id': 'CC5.3.1', 'control_desc': 'SimpleLegal maintains upd', 'control_test': None, 'control_test_results': None, 'control_page_ref': None, 'control_line_ref': None, 'control_seq': 33, 'control_tsc_id': 'P5.1', 'control_coso_id': '1', 'control_tsc_similarity': 0.7661268485177608, 'control_coso_similarity': 0.7462985248788293, 'control_tsc_confidence_pct': 88, 'control_coso_confidence_pct': 87, 'control_closest_framework': 'TSC', 'control_tsc_section': 'Privacy (P1.1 - P6.1)', 'control_coso_section': 'Control Environment (1-5)', 'control_soc_domain': 'Control Environment'}, {'control_id': 'CC5.3.1', 'control_desc': 'SimpleLegal maintains updated policies and procedures that incorporate control activities across the organization.', 'control_test': 'Inspected the organizational policies and procedures to determine whether they incorporated a comprehensive suite of internal controls, outlined roles and responsibilities for control performance, and established requirements related to the timely remediation of control deficiencies.', 'control_test_results': 'No exceptions noted.', 'control_page_ref': None, 'control_line_ref': 31, 'control_seq': 54, 'control_tsc_id': 'CC7.3', 'control_coso_id': '12', 'control_tsc_similarity': 0.8728491870613347, 'control_coso_similarity': 0.8839945004134541, 'control_tsc_confidence_pct': 94, 'control_coso_confidence_pct': 94, 'control_closest_framework': 'COSO', 'control_tsc_section': 'System Operations (CC7.1 - CC7.5)', 'control_coso_section': 'Control Activities (10-12)', 'control_soc_domain': 'Control Activities'}, {'control_id': 'CC6.1.1', 'control_desc': 'SimpleLegal maintains an updated inventory of information assets within the organization.', 'control_test': "Inspected SimpleLegal's information asset inventory to verify whether a comprehensive inventory of information assets was documented.", 'control_test_results': 'No exceptions noted.', 'control_page_ref': 33, 'control_line_ref': 33, 'control_seq': 55, 'control_tsc_id': 'C1.1', 'control_coso_id': '13', 'control_tsc_similarity': 0.9071438588678798, 'control_coso_similarity': 0.8337190069440843, 'control_tsc_confidence_pct': 95, 'control_coso_confidence_pct': 92, 'control_closest_framework': 'TSC', 'control_tsc_section': 'Confidentiality (C1.1 - C1.4)', 'control_coso_section': 'Information & Communication (13-15)', 'control_soc_domain': 'Information and Communication'}, {'control_id': 'CC6.1.1', 'control_desc': 'SimpleLegal maintains an updated inventory of information assets within the organization.', 'control_test': "Inspected SimpleLegal's information asset inventory to verify whether a comprehensive inventory of information assets was documented.", 'control_test_results': 'No exceptions noted.', 'control_page_ref': None, 'control_line_ref': 3, 'control_seq': 82, 'control_tsc_id': 'C1.1', 'control_coso_id': '13', 'control_tsc_similarity': 0.9071438588678798, 'control_coso_similarity': 0.8337190069440843, 'control_tsc_confidence_pct': 95, 'control_coso_confidence_pct': 92, 'control_closest_framework': 'TSC', 'control_tsc_section': 'Confidentiality (C1.1 - C1.4)', 'control_coso_section': 'Information & Communication (13-15)', 'control_soc_domain': 'Information and Communication'}, {'control_id': 'CC6.1.2', 'control_desc': 'Access to SimpleLegal’s infrastructure and sensitive systems/applications requires complex passwords and multi-factor authentication (MFA).', 'control_test': 'Inspected the OneLogin configuration settings to verify whether complex passwords and MFA were required to access SimpleLegal’s infrastructure and sensitive systems/applications.', 'control_test_results': 'No exceptions noted.', 'control_page_ref': 33, 'control_line_ref': 41, 'control_seq': 56, 'control_tsc_id': 'C1.2', 'control_coso_id': '8', 'control_tsc_similarity': 0.8229696644044436, 'control_coso_similarity': 0.7559873290521231, 'control_tsc_confidence_pct': 91, 'control_coso_confidence_pct': 88, 'control_closest_framework': 'TSC', 'control_tsc_section': 'Confidentiality (C1.1 - C1.4)', 'control_coso_section': 'Risk Assessment (6-9)', 'control_soc_domain': 'Risk Assessment'}, {'control_id': 'CC6.1.2', 'control_desc': 'Access to SimpleLegal’s infrastructure and sensitive systems/applications requires complex passwords and multi-factor authentication (MFA).', 'control_test': 'Inspected the OneLogin configuration settings to verify whether complex passwords and MFA were required to access SimpleLegal’s infrastructure and sensitive systems/applications.', 'control_test_results': 'No exceptions noted.', 'control_page_ref': None, 'control_line_ref': 10, 'control_seq': 83, 'control_tsc_id': 'C1.2', 'control_coso_id': '8', 'control_tsc_similarity': 0.8229696644044436, 'control_coso_similarity': 0.7559873290521231, 'control_tsc_confidence_pct': 91, 'control_coso_confidence_pct': 88, 'control_closest_framework': 'TSC', 'control_tsc_section': 'Confidentiality (C1.1 - C1.4)', 'control_coso_section': 'Risk Assessment (6-9)', 'control_soc_domain': 'Risk Assessment'}, {'control_id': 'CC6.1.3', 'control_desc': 'SimpleLegal utilizes AWS Key Management Service (KMS) to securely create and manage keys and control the use of encryption across its cloud-based environment.', 'control_test': "Inspected the AWS dashboard to verify whether KMS was used to create and manage encryption keys across SimpleLegal's cloud-based environment.", 'control_test_results': 'No exceptions noted.', 'control_page_ref': None, 'control_line_ref': 49, 'control_seq': 57, 'control_tsc_id': 'C1.9', 'control_coso_id': '1', 'control_tsc_similarity': 0.7862675882001193, 'control_coso_similarity': 0.7502297214669251, 'control_tsc_confidence_pct': 89, 'control_coso_confidence_pct': 88, 'control_closest_framework': 'TSC', 'control_tsc_section': None, 'control_coso_section': 'Control Environment (1-5)', 'control_soc_domain': 'Control Environment'}, {'control_id': 'CC6.1.3', 'control_desc': 'SimpleLegal utilizes AWS Key Management Service (KMS) to securely create and manage keys and control the use of encryption across its cloud-based environment.', 'control_test': "Inspected the AWS dashboard to verify whether KMS was used to create and manage encryption keys across SimpleLegal's cloud-based environment.", 'control_test_results': 'No exceptions noted.', 'control_page_ref': None, 'control_line_ref': 17, 'control_seq': 84, 'control_tsc_id': 'C1.9', 'control_coso_id': '1', 'control_tsc_similarity': 0.7862675882001193, 'control_coso_similarity': 0.7502297214669251, 'control_tsc_confidence_pct': 89, 'control_coso_confidence_pct': 88, 'control_closest_framework': 'TSC', 'control_tsc_section': None, 'control_coso_section': 'Control Environment (1-5)', 'control_soc_domain': 'Control Environment'}, {'control_id': 'CC6.1.4', 'control_desc': 'SimpleLegal utilizes Virtual Private Clouds (VPCs) and sub-networks (subnets) to achieve network segmentation in its AWS cloud-based environment.', 'control_test': 'Inspected the AWS dashboard to verify whether VPCs and subnets were utilized to achieve network segmentation within the AWS cloud-based environment.', 'control_test_results': 'No exceptions noted.', 'control_page_ref': None, 'control_line_ref': 24, 'control_seq': 85, 'control_tsc_id': 'C1.2', 'control_coso_id': '12', 'control_tsc_similarity': 0.7812931074342926, 'control_coso_similarity': 0.7622139123836359, 'control_tsc_confidence_pct': 89, 'control_coso_confidence_pct': 88, 'control_closest_framework': 'TSC', 'control_tsc_section': 'Confidentiality (C1.1 - C1.4)', 'control_coso_section': 'Control Activities (10-12)', 'control_soc_domain': 'Control Activities'}, {'control_id': 'CC6.1.5', 'control_desc': 'SimpleLegal utilizes the AWS Identity and Access Management (IAM) console to securely manage access to AWS services and resources. IAM enables the Company to create and manage AWS users/groups and define use permissions that allow and deny access to AWS resources.', 'control_test': 'Inspected the AWS dashboard to verify whether IAM tools were used to securely manage access to services and resources in AWS.', 'control_test_results': 'No exceptions noted.', 'control_page_ref': None, 'control_line_ref': 31, 'control_seq': 86, 'control_tsc_id': 'C1.2', 'control_coso_id': '12', 'control_tsc_similarity': 0.8099547078906869, 'control_coso_similarity': 0.7555868882112591, 'control_tsc_confidence_pct': 90, 'control_coso_confidence_pct': 88, 'control_closest_framework': 'TSC', 'control_tsc_section': 'Confidentiality (C1.1 - C1.4)', 'control_coso_section': 'Control Activities (10-12)', 'control_soc_domain': 'Control Activities'}, {'control_id': 'CC6.1.6', 'control_desc': 'SimpleLegal encrypts data at rest through server-side encryption (SSE) using AES-256.', 'control_test': 'Inspected the AWS database configurations to verify whether production data was encrypted at rest using AES-256.', 'control_test_results': 'No exceptions noted.', 'control_page_ref': None, 'control_line_ref': 38, 'control_seq': 87, 'control_tsc_id': 'Conf1.4', 'control_coso_id': '1', 'control_tsc_similarity': 0.7924948764210253, 'control_coso_similarity': 0.73382253131364, 'control_tsc_confidence_pct': 90, 'control_coso_confidence_pct': 87, 'control_closest_framework': 'TSC', 'control_tsc_section': None, 'control_coso_section': 'Control Environment (1-5)', 'control_soc_domain': 'Control Environment'}, {'control_id': 'CC6.1.7', 'control_desc': 'SimpleLegal maintains active SHA-256 encryption certificates for its web application to ensure secure connections for its users.', 'control_test': "Inspected SimpleLegal's web application login page to verify whether an active SHA-256 encryption certificate was in place.", 'control_test_results': 'No exceptions noted.', 'control_page_ref': None, 'control_line_ref': 5, 'control_seq': 47, 'control_tsc_id': 'Conf1.4', 'control_coso_id': '1', 'control_tsc_similarity': 0.8121842605438989, 'control_coso_similarity': 0.7767271004030271, 'control_tsc_confidence_pct': 91, 'control_coso_confidence_pct': 89, 'control_closest_framework': 'TSC', 'control_tsc_section': None, 'control_coso_section': 'Control Environment (1-5)', 'control_soc_domain': 'Control Environment'}, {'control_id': 'CC6.1.7', 'control_desc': 'SimpleLegal maintains active SHA-256 encryption certificates for its web application to ensure secure connections for its users.', 'control_test': "Inspected SimpleLegal's web application login page to verify whether an active SHA-256 encryption certificate was in place.", 'control_test_results': 'No exceptions noted.', 'control_page_ref': None, 'control_line_ref': 45, 'control_seq': 88, 'control_tsc_id': 'Conf1.4', 'control_coso_id': '1', 'control_tsc_similarity': 0.8121842605438989, 'control_coso_similarity': 0.7767271004030271, 'control_tsc_confidence_pct': 91, 'control_coso_confidence_pct': 89, 'control_closest_framework': 'TSC', 'control_tsc_section': None, 'control_coso_section': 'Control Environment (1-5)', 'control_soc_domain': 'Control Environment'}, {'control_id': 'CC6.1.8', 'control_desc': 'SimpleLegal encrypts all employee and contractor workstations with full disk encryption.', 'control_test': 'Inspected the Jamf Pro dashboard to verify whether all employee and contractor workstations had full disk encryption enabled.', 'control_test_results': 'No exceptions noted.', 'control_page_ref': None, 'control_line_ref': 9, 'control_seq': 48, 'control_tsc_id': 'Conf1.4', 'control_coso_id': '1', 'control_tsc_similarity': 0.815585276212689, 'control_coso_similarity': 0.765283777148069, 'control_tsc_confidence_pct': 91, 'control_coso_confidence_pct': 88, 'control_closest_framework': 'TSC', 'control_tsc_section': None, 'control_coso_section': 'Control Environment (1-5)', 'control_soc_domain': 'Control Environment'}, {'control_id': 'CC6.1.8', 'control_desc': 'SimpleLegal encrypts all employee and contractor workstations with full disk encryption.', 'control_test': 'Inspected the Jamf Pro dashboard to verify whether all employee and contractor workstations had full disk encryption enabled.', 'control_test_results': 'No exceptions noted.', 'control_page_ref': None, 'control_line_ref': 52, 'control_seq': 89, 'control_tsc_id': 'Conf1.4', 'control_coso_id': '1', 'control_tsc_similarity': 0.815585276212689, 'control_coso_similarity': 0.765283777148069, 'control_tsc_confidence_pct': 91, 'control_coso_confidence_pct': 88, 'control_closest_framework': 'TSC', 'control_tsc_section': None, 'control_coso_section': 'Control Environment (1-5)', 'control_soc_domain': 'Control Environment'}, {'control_id': 'CC6.1.9', 'control_desc': 'Administrative and privileged access rights are restricted to authorized personnel using a role-based access scheme, in accordance with the principle of least privilege.', 'control_test': "Inspected administrative access rights for SimpleLegal's critical applications and cloud infrastructure to verify whether privileged access was limited to authorized personnel using a role-based access scheme, in accordance with the principle of least privilege.", 'control_test_results': 'No exceptions noted.', 'control_page_ref': 34, 'control_line_ref': 3, 'control_seq': 49, 'control_tsc_id': 'C1.2', 'control_coso_id': '12', 'control_tsc_similarity': 0.8848553423004945, 'control_coso_similarity': 0.7915891887688015, 'control_tsc_confidence_pct': 94, 'control_coso_confidence_pct': 90, 'control_closest_framework': 'TSC', 'control_tsc_section': 'Confidentiality (C1.1 - C1.4)', 'control_coso_section': 'Control Activities (10-12)', 'control_soc_domain': 'Control Activities'}, {'control_id': 'CC6.1.9', 'control_desc': 'Administrative and privileged access rights are restricted to authorized personnel using a role-based access scheme, in accordance with the principle of least privilege.', 'control_test': "Inspected administrative access rights for SimpleLegal's critical applications", 'control_test_results': None, 'control_page_ref': 34, 'control_line_ref': 3, 'control_seq': 90, 'control_tsc_id': 'C1.2', 'control_coso_id': '12', 'control_tsc_similarity': 0.8848553423004945, 'control_coso_similarity': 0.7915891887688015, 'control_tsc_confidence_pct': 94, 'control_coso_confidence_pct': 90, 'control_closest_framework': 'TSC', 'control_tsc_section': 'Confidentiality (C1.1 - C1.4)', 'control_coso_section': 'Control Activities (10-12)', 'control_soc_domain': 'Control Activities'}, {'control_id': 'CC6.2.1', 'control_desc': 'An authorized system administrator approves access to SimpleLegal systems and applications for newly hired personnel as well as access change requests.', 'control_test': "For all new hires during the period, inspected onboarding tickets to verify whether access rights to SimpleLegal's systems and applications were approved by a system administrator and were appropriate based on each of the new hires’ roles. For a selection of role changes during the period, inspected IT tickets to verify whether access rights to SimpleLegal's systems and applications were approved by a system administrator and were appropriate.", 'control_test_results': 'No exceptions noted.', 'control_page_ref': 34, 'control_line_ref': 18, 'control_seq': 50, 'control_tsc_id': 'C1.3', 'control_coso_id': '9', 'control_tsc_similarity': 0.8789952841302826, 'control_coso_similarity': 0.8056988367640158, 'control_tsc_confidence_pct': 94, 'control_coso_confidence_pct': 90, 'control_closest_framework': 'TSC', 'control_tsc_section': 'Confidentiality (C1.1 - C1.4)', 'control_coso_section': 'Risk Assessment (6-9)', 'control_soc_domain': 'Risk Assessment'}, {'control_id': 'CC6.2.2', 'control_desc': 'System access is removed within 48 hours upon employee or contractor termination.', 'control_test': 'For a selection of terminated personnel during the period, inspected offboarding tickets to verify whether system access was removed within 48 hours of termination.', 'control_test_results': 'No exceptions noted.', 'control_page_ref': None, 'control_line_ref': 28, 'control_seq': 51, 'control_tsc_id': 'C1.4', 'control_coso_id': '9', 'control_tsc_similarity': 0.7911590021762543, 'control_coso_similarity': 0.7414841225206102, 'control_tsc_confidence_pct': 90, 'control_coso_confidence_pct': 87, 'control_closest_framework': 'TSC', 'control_tsc_section': 'Confidentiality (C1.1 - C1.4)', 'control_coso_section': 'Risk Assessment (6-9)', 'control_soc_domain': 'Risk Assessment'}, {'control_id': 'CC6.2.2', 'control_desc': 'System access is removed within 48 hours upon employee or contractor termination.', 'control_test': 'For a selection of terminated personnel during the period, inspected offboarding tickets to verify whether system access was removed within 48 hours of termination.', 'control_test_results': 'No exceptions noted.', 'control_page_ref': None, 'control_line_ref': None, 'control_seq': 58, 'control_tsc_id': 'C1.4', 'control_coso_id': '9', 'control_tsc_similarity': 0.7911590021762543, 'control_coso_similarity': 0.7414841225206102, 'control_tsc_confidence_pct': 90, 'control_coso_confidence_pct': 87, 'control_closest_framework': 'TSC', 'control_tsc_section': 'Confidentiality (C1.1 - C1.4)', 'control_coso_section': 'Risk Assessment (6-9)', 'control_soc_domain': 'Risk Assessment'}, {'control_id': 'CC6.2.3', 'control_desc': 'On a quarterly basis, management reviews access rights for all SimpleLegal personnel to ensure that system access is appropriate. Any access rights that are no longer needed are removed following this review.', 'control_test': 'For a selection of quarters, inspected the account audit reports to verify whether comprehensive user access reviews were conducted by management during the period and that access rights were modified as needed, based on the review.', 'control_test_results': 'No exceptions noted.', 'control_page_ref': None, 'control_line_ref': 38, 'control_seq': 52, 'control_tsc_id': 'C1.2', 'control_coso_id': '9', 'control_tsc_similarity': 0.834764803474828, 'control_coso_similarity': 0.8043632547943514, 'control_tsc_confidence_pct': 92, 'control_coso_confidence_pct': 90, 'control_closest_framework': 'TSC', 'control_tsc_section': 'Confidentiality (C1.1 - C1.4)', 'control_coso_section': 'Risk Assessment (6-9)', 'control_soc_domain': 'Risk Assessment'}, {'control_id': 'CC6.2.3', 'control_desc': 'On a quarterly basis, management reviews access rights for all SimpleLegal personnel to ensure that system access is appropriate. Any access rights that are no longer needed are removed following this review.', 'control_test': 'For a selection of quarters, inspected the account audit reports to verify whether comprehensive user access reviews were conducted by management during the period and that access rights were modified as needed, based on the review.', 'control_test_results': 'No exceptions noted.', 'control_page_ref': None, 'control_line_ref': None, 'control_seq': 59, 'control_tsc_id': 'C1.2', 'control_coso_id': '9', 'control_tsc_similarity': 0.834764803474828, 'control_coso_similarity': 0.8043632547943514, 'control_tsc_confidence_pct': 92, 'control_coso_confidence_pct': 90, 'control_closest_framework': 'TSC', 'control_tsc_section': 'Confidentiality (C1.1 - C1.4)', 'control_coso_section': 'Risk Assessment (6-9)', 'control_soc_domain': 'Risk Assessment'}, {'control_id': 'CC6.3.1', 'control_desc': 'An authorized system administrator approves access to SimpleLegal systems and applications for newly hired personnel as well as access change requests.', 'control_test': "For all new hires during the period, inspected onboarding tickets to verify whether access rights to SimpleLegal's systems and applications were approved by a system administrator and were appropriate based on each of the new hires’ roles. For a selection of role changes during the period, inspected IT tickets to verify whether access rights to SimpleLegal's systems and applications were approved by a system administrator and were appropriate.", 'control_test_results': 'No exceptions noted.', 'control_page_ref': None, 'control_line_ref': None, 'control_seq': 60, 'control_tsc_id': 'C1.3', 'control_coso_id': '9', 'control_tsc_similarity': 0.8789952841302826, 'control_coso_similarity': 0.8056988367640158, 'control_tsc_confidence_pct': 94, 'control_coso_confidence_pct': 90, 'control_closest_framework': 'TSC', 'control_tsc_section': 'Confidentiality (C1.1 - C1.4)', 'control_coso_section': 'Risk Assessment (6-9)', 'control_soc_domain': 'Risk Assessment'}, {'control_id': 'CC6.3.2', 'control_desc': 'System access is removed within 48 hours upon employee or contractor termination.', 'control_test': 'For a selection of terminated personnel during the period, inspected offboarding tickets to verify whether system access was removed within 48 hours of termination.', 'control_test_results': 'No exceptions noted.', 'control_page_ref': 35, 'control_line_ref': None, 'control_seq': 61, 'control_tsc_id': 'C1.4', 'control_coso_id': '9', 'control_tsc_similarity': 0.7911590021762543, 'control_coso_similarity': 0.7414841225206102, 'control_tsc_confidence_pct': 90, 'control_coso_confidence_pct': 87, 'control_closest_framework': 'TSC', 'control_tsc_section': 'Confidentiality (C1.1 - C1.4)', 'control_coso_section': 'Risk Assessment (6-9)', 'control_soc_domain': 'Risk Assessment'}, {'control_id': 'CC6.3.2', 'control_desc': 'System access is removed within 48 hours upon employee or contractor termination.', 'control_test': 'For a selection of terminated personnel during the period, inspected offboarding tickets to verify whether system access was removed within 48 hours of termination.', 'control_test_results': 'No exceptions noted.', 'control_page_ref': 35, 'control_line_ref': 7, 'control_seq': 70, 'control_tsc_id': 'C1.4', 'control_coso_id': '9', 'control_tsc_similarity': 0.7911590021762543, 'control_coso_similarity': 0.7414841225206102, 'control_tsc_confidence_pct': 90, 'control_coso_confidence_pct': 87, 'control_closest_framework': 'TSC', 'control_tsc_section': 'Confidentiality (C1.1 - C1.4)', 'control_coso_section': 'Risk Assessment (6-9)', 'control_soc_domain': 'Risk Assessment'}, {'control_id': 'CC6.3.3', 'control_desc': 'On a quarterly basis, management reviews access rights for all SimpleLegal personnel to ensure that system access is appropriate. Any access rights that are no longer needed are removed following this review.', 'control_test': 'For a selection of quarters, inspected the account audit reports to verify whether comprehensive user access reviews were conducted by management during the period and that access rights were modified as needed, based on the review.', 'control_test_results': 'No exceptions noted.', 'control_page_ref': 35, 'control_line_ref': None, 'control_seq': 62, 'control_tsc_id': 'C1.2', 'control_coso_id': '9', 'control_tsc_similarity': 0.834764803474828, 'control_coso_similarity': 0.8043632547943514, 'control_tsc_confidence_pct': 92, 'control_coso_confidence_pct': 90, 'control_closest_framework': 'TSC', 'control_tsc_section': 'Confidentiality (C1.1 - C1.4)', 'control_coso_section': 'Risk Assessment (6-9)', 'control_soc_domain': 'Risk Assessment'}, {'control_id': 'CC6.3.3', 'control_desc': 'On a quarterly basis, management reviews access rights for all SimpleLegal personnel to ensure that system access is appropriate. Any access rights that are no longer needed are removed following this review.', 'control_test': 'For a selection of quarters, inspected the account audit reports to verify whether comprehensive user access reviews were conducted by management during the period and that access rights were modified as needed, based on the review.', 'control_test_results': 'No exceptions noted.', 'control_page_ref': 35, 'control_line_ref': 17, 'control_seq': 71, 'control_tsc_id': 'C1.2', 'control_coso_id': '9', 'control_tsc_similarity': 0.834764803474828, 'control_coso_similarity': 0.8043632547943514, 'control_tsc_confidence_pct': 92, 'control_coso_confidence_pct': 90, 'control_closest_framework': 'TSC', 'control_tsc_section': 'Confidentiality (C1.1 - C1.4)', 'control_coso_section': 'Risk Assessment (6-9)', 'control_soc_domain': 'Risk Assessment'}, {'control_id': 'CC6.3.4', 'control_desc': 'SimpleLegal maintains remote-wipe software on all Company workstations.', 'control_test': 'Inspect', 'control_test_results': None, 'control_page_ref': None, 'control_line_ref': None, 'control_seq': 63, 'control_tsc_id': 'C1.8', 'control_coso_id': '1', 'control_tsc_similarity': 0.8102216858999803, 'control_coso_similarity': 0.7680606302603653, 'control_tsc_confidence_pct': 91, 'control_coso_confidence_pct': 88, 'control_closest_framework': 'TSC', 'control_tsc_section': None, 'control_coso_section': 'Control Environment (1-5)', 'control_soc_domain': 'Control Environment'}, {'control_id': 'CC6.3.4', 'control_desc': 'SimpleLegal maintains remote-wipe software on all Company workstations.', 'control_test': 'Inspected the Jamf Pro dashboard to verify whether remote-wipe software for workstations had been deployed across the organization.', 'control_test_results': 'No exceptions noted.', 'control_page_ref': 35, 'control_line_ref': 27, 'control_seq': 72, 'control_tsc_id': 'C1.8', 'control_coso_id': '1', 'control_tsc_similarity': 0.8102216858999803, 'control_coso_similarity': 0.7680606302603653, 'control_tsc_confidence_pct': 91, 'control_coso_confidence_pct': 88, 'control_closest_framework': 'TSC', 'control_tsc_section': None, 'control_coso_section': 'Control Environment (1-5)', 'control_soc_domain': 'Control Environment'}, {'control_id': 'CC6.4.1', 'control_desc': 'Onit maintains a Physical Security Policy that outlines requirements around maintaining security of Onit offices and IT equipment.', 'control_test': 'Inspected the Physical Security Policy to verify whether it outlined requirements around maintaining security of Onit offices and IT equipment.', 'control_test_results': 'No exceptions noted.', 'control_page_ref': 35, 'control_line_ref': 47, 'control_seq': 73, 'control_tsc_id': 'C1.4', 'control_coso_id': '12', 'control_tsc_similarity': 0.8604094834260442, 'control_coso_similarity': 0.8290296087775597, 'control_tsc_confidence_pct': 93, 'control_coso_confidence_pct': 91, 'control_closest_framework': 'TSC', 'control_tsc_section': 'Confidentiality (C1.1 - C1.4)', 'control_coso_section': 'Control Activities (10-12)', 'control_soc_domain': 'Control Activities'}, {'control_id': 'CC6.4.2', 'control_desc': 'The entrance to Onit’s office is locked and a keycard/fob is required to gain entry.', 'control_test': 'Inspected images of the Onit office in Houston to verify whether the entrance was locked, and a keycard/fob was required to gain entry.', 'control_test_results': 'No exceptions noted.', 'control_page_ref': 35, 'control_line_ref': 57, 'control_seq': 74, 'control_tsc_id': 'C1.4', 'control_coso_id': '4', 'control_tsc_similarity': 0.805201428497286, 'control_coso_similarity': 0.7552180840680077, 'control_tsc_confidence_pct': 90, 'control_coso_confidence_pct': 88, 'control_closest_framework': 'TSC', 'control_tsc_section': 'Confidentiality (C1.1 - C1.4)', 'control_coso_section': 'Control Environment (1-5)', 'control_soc_domain': 'Control Environment'}, {'control_id': 'CC6.4.3', 'control_desc': 'Onit utilizes video surveillance cameras that provide 24/7 video streaming, recording, and motion detection.', 'control_test': 'Inspected images of the Onit office in Houston to verify whether Onit utilized cameras to provide 24/7 surveillance of the office.', 'control_test_results': 'No exceptions noted.', 'control_page_ref': None, 'control_line_ref': None, 'control_seq': 64, 'control_tsc_id': 'C1.5', 'control_coso_id': '12', 'control_tsc_similarity': 0.788547348324544, 'control_coso_similarity': 0.7432728528067397, 'control_tsc_confidence_pct': 89, 'control_coso_confidence_pct': 87, 'control_closest_framework': 'TSC', 'control_tsc_section': None, 'control_coso_section': 'Control Activities (10-12)', 'control_soc_domain': 'Control Activities'}, {'control_id': 'CC6.4.3', 'control_desc': 'Onit utilizes video surveillance cameras that provide 24/7 video streaming, recoding, and motion detection.', 'control_test': 'Inspected images of the Onit office in Houston to verify whether Onit utilized cameras to provide 24/7 surveillance of the office.', 'control_test_results': 'No exceptions noted.', 'control_page_ref': 35, 'control_line_ref': 67, 'control_seq': 75, 'control_tsc_id': 'C1.5', 'control_coso_id': '12', 'control_tsc_similarity': 0.7880068233512157, 'control_coso_similarity': 0.7409312861877482, 'control_tsc_confidence_pct': 89, 'control_coso_confidence_pct': 87, 'control_closest_framework': 'TSC', 'control_tsc_section': None, 'control_coso_section': 'Control Activities (10-12)', 'control_soc_domain': 'Control Activities'}, {'control_id': 'CC6.4.4', 'control_desc': 'Onit maintains an office shred bin for the disposal of sensitive hardcopy materials.', 'control_test': 'Inspected images of the Onit office in Houston to verify whether the Onit office had a shred bin to securely dispose of sensitive hardcopy materials.', 'control_test_results': 'No exceptions noted.', 'control_page_ref': None, 'control_line_ref': None, 'control_seq': 65, 'control_tsc_id': 'Conf1.2', 'control_coso_id': '1', 'control_tsc_similarity': 0.8262818331400146, 'control_coso_similarity': 0.77945891767667, 'control_tsc_confidence_pct': 91, 'control_coso_confidence_pct': 89, 'control_closest_framework': 'TSC', 'control_tsc_section': None, 'control_coso_section': 'Control Environment (1-5)', 'control_soc_domain': 'Control Environment'}, {'control_id': 'CC6.4.4', 'control_desc': 'Onit maintains an office shred bin for the disposal of sensitive hardcopy materials.', 'control_test': 'Inspected images of the Onit office in Houston to verify whether the Onit office had a shred bin to securely dispose of sensitive hardcopy materials.', 'control_test_results': 'No exceptions noted.', 'control_page_ref': 35, 'control_line_ref': 77, 'control_seq': 76, 'control_tsc_id': 'Conf1.2', 'control_coso_id': '1', 'control_tsc_similarity': 0.8262818331400146, 'control_coso_similarity': 0.77945891767667, 'control_tsc_confidence_pct': 91, 'control_coso_confidence_pct': 89, 'control_closest_framework': 'TSC', 'control_tsc_section': None, 'control_coso_section': 'Control Environment (1-5)', 'control_soc_domain': 'Control Environment'}, {'control_id': 'CC6.5.1', 'control_desc': 'SimpleLegal maintains a Record Retention Policy that outlines how long various types of information are to be retained by the Company.', 'control_test': 'Inspected the Record Retention Policy to verify whether it outlined the requirements for disposing of various types of information at SimpleLegal.', 'control_test_results': 'No exceptions noted.', 'control_page_ref': None, 'control_line_ref': None, 'control_seq': 66, 'control_tsc_id': 'P8.1', 'control_coso_id': '13', 'control_tsc_similarity': 0.858891571902913, 'control_coso_similarity': 0.783026993536498, 'control_tsc_confidence_pct': 93, 'control_coso_confidence_pct': 89, 'control_closest_framework': 'TSC', 'control_tsc_section': None, 'control_coso_section': 'Information & Communication (13-15)', 'control_soc_domain': 'Information and Communication'}, {'control_id': 'CC6.5.2', 'control_desc': 'Prior to disposing of obsolete workstations or removable media, the SVP, Business Operations & Integrations or the Director, Information Technology ensure that all physical devices are sanitized to remove any confidential information.', 'control_test': 'Inspected images of the Onit office in Houston to verify whether workstations and removable media were stored in a secure location prior to reuse or disposal.', 'control_test_results': 'No exceptions noted.', 'control_page_ref': 36, 'control_line_ref': None, 'control_seq': 67, 'control_tsc_id': 'Conf1.2', 'control_coso_id': '12', 'control_tsc_similarity': 0.8431755607787067, 'control_coso_similarity': 0.7809582131129829, 'control_tsc_confidence_pct': 92, 'control_coso_confidence_pct': 89, 'control_closest_framework': 'TSC', 'control_tsc_section': None, 'control_coso_section': 'Control Activities (10-12)', 'control_soc_domain': 'Control Activities'}, {'control_id': 'CC6.6.1', 'control_desc': 'Firewall rules are configured to restrict network traffic to approved ports, protocols, and sources.', 'control_test': 'Inspected the AWS security group configurations to verify whether network traffic was restricted to approved ports, protocols, and sources.', 'control_test_results': 'No exceptions noted.', 'control_page_ref': None, 'control_line_ref': None, 'control_seq': 68, 'control_tsc_id': 'C1.2', 'control_coso_id': '12', 'control_tsc_similarity': 0.8243643733754772, 'control_coso_similarity': 0.7785794761570626, 'control_tsc_confidence_pct': 91, 'control_coso_confidence_pct': 89, 'control_closest_framework': 'TSC', 'control_tsc_section': 'Confidentiality (C1.1 - C1.4)', 'control_coso_section': 'Control Activities (10-12)', 'control_soc_domain': 'Control Activities'}, {'control_id': 'CC6.6.1', 'control_desc': 'Firewall rules are configured to restrict network traffic to approved ports, protocols, and sources.', 'control_test': 'Inspected the AWS security group configurations to verify whether network traffic was restricted to approved ports, protocols, and sources.', 'control_test_results': 'No exceptions noted.', 'control_page_ref': None, 'control_line_ref': 13, 'control_seq': 98, 'control_tsc_id': 'C1.2', 'control_coso_id': '12', 'control_tsc_similarity': 0.8243643733754772, 'control_coso_similarity': 0.7785794761570626, 'control_tsc_confidence_pct': 91, 'control_coso_confidence_pct': 89, 'control_closest_framework': 'TSC', 'control_tsc_section': 'Confidentiality (C1.1 - C1.4)', 'control_coso_section': 'Control Activities (10-12)', 'control_soc_domain': 'Control Activities'}, {'control_id': 'CC6.6.2', 'control_desc': 'SimpleLegal utilizes a Web Application Firewall (WAF) to protect the web application from web-based threats.', 'control_test': 'Inspected the Cloudflare dashboard to verify whether a WAF was utilized to protect the application from web-based', 'control_test_results': None, 'control_page_ref': None, 'control_line_ref': None, 'control_seq': 69, 'control_tsc_id': 'C1.2', 'control_coso_id': '8', 'control_tsc_similarity': 0.8136665437284211, 'control_coso_similarity': 0.7636407720011097, 'control_tsc_confidence_pct': 91, 'control_coso_confidence_pct': 88, 'control_closest_framework': 'TSC', 'control_tsc_section': 'Confidentiality (C1.1 - C1.4)', 'control_coso_section': 'Risk Assessment (6-9)', 'control_soc_domain': 'Risk Assessment'}, {'control_id': 'CC6.6.2', 'control_desc': 'SimpleLegal utilizes a Web Application Firewall (WAF) to protect the web application from web-based threats.', 'control_test': 'Inspected the Cloudflare dashboard to verify whether a WAF was utilized to protect the application from web-based threats.', 'control_test_results': 'No exceptions noted.', 'control_page_ref': None, 'control_line_ref': 21, 'control_seq': 99, 'control_tsc_id': 'C1.2', 'control_coso_id': '8', 'control_tsc_similarity': 0.8136665437284211, 'control_coso_similarity': 0.7636407720011097, 'control_tsc_confidence_pct': 91, 'control_coso_confidence_pct': 88, 'control_closest_framework': 'TSC', 'control_tsc_section': 'Confidentiality (C1.1 - C1.4)', 'control_coso_section': 'Risk Assessment (6-9)', 'control_soc_domain': 'Risk Assessment'}, {'control_id': 'CC6.7.1', 'control_desc': 'SimpleLegal utilizes AWS Systems Manager to enable secure remote access to cloud resources for its employees and contractors.', 'control_test': "Inspected the AWS dashboard to verify whether Systems Manager was enabled to ensure secure remote access to cloud resources for SimpleLegal's employees and contractors.", 'control_test_results': 'No exceptions noted.', 'control_page_ref': None, 'control_line_ref': 33, 'control_seq': 100, 'control_tsc_id': 'C1.2', 'control_coso_id': '12', 'control_tsc_similarity': 0.809913308440329, 'control_coso_similarity': 0.7695711091327833, 'control_tsc_confidence_pct': 90, 'control_coso_confidence_pct': 88, 'control_closest_framework': 'TSC', 'control_tsc_section': 'Confidentiality (C1.1 - C1.4)', 'control_coso_section': 'Control Activities (10-12)', 'control_soc_domain': 'Control Activities'}, {'control_id': 'CC6.7.2', 'control_desc': 'Data in transit is encrypted using Transport Layer Security (TLS) 1.2 or higher.', 'control_test': 'Inspected the server configuration for the web application to verify whether it only accepted connections using TLS 1.2 or above.', 'control_test_results': 'No exceptions noted.', 'control_page_ref': None, 'control_line_ref': 41, 'control_seq': 101, 'control_tsc_id': 'Conf1.4', 'control_coso_id': '1', 'control_tsc_similarity': 0.8078165110432608, 'control_coso_similarity': 0.7433369868961975, 'control_tsc_confidence_pct': 90, 'control_coso_confidence_pct': 87, 'control_closest_framework': 'TSC', 'control_tsc_section': None, 'control_coso_section': 'Control Environment (1-5)', 'control_soc_domain': 'Control Environment'}, {'control_id': 'CC6.7.3', 'control_desc': 'A centralized mobile device management solution has been deployed to Company-owned workstations to enforce built-in security controls.', 'control_test': 'Inspected the Jamf Pro dashboard to verify whether a centralized mobile device management solution had been deployed to Company-owned workstations to enforce built-in security controls.', 'control_test_results': 'No exceptions noted.', 'control_page_ref': None, 'control_line_ref': 49, 'control_seq': 102, 'control_tsc_id': 'C1.6', 'control_coso_id': '12', 'control_tsc_similarity': 0.8394688901686354, 'control_coso_similarity': 0.8168894570992673, 'control_tsc_confidence_pct': 92, 'control_coso_confidence_pct': 91, 'control_closest_framework': 'TSC', 'control_tsc_section': None, 'control_coso_section': 'Control Activities (10-12)', 'control_soc_domain': 'Control Activities'}, {'control_id': 'CC6.8.1', 'control_desc': 'SimpleLegal utilizes an endpoint protection tool to monitor employee devices and ensure that endpoint protection, including antivirus/anti-malware, is enabled to prevent the introduction of unauthorized or malicious software. The endpoint protection system has alerts, logs, and reporting functionality to analyze and inform the Company of potential threats.', 'control_test': 'Inspected the Sophos dashboard to verify whether endpoint protection software was deployed across the organization to prevent and detect unauthorized or malicious software such as viruses, malware, and ransomware.', 'control_test_results': 'No exceptions noted.', 'control_page_ref': 37, 'control_line_ref': 10, 'control_seq': 77, 'control_tsc_id': 'C1.9', 'control_coso_id': '12', 'control_tsc_similarity': 0.8197778211800741, 'control_coso_similarity': 0.7542150175927592, 'control_tsc_confidence_pct': 91, 'control_coso_confidence_pct': 88, 'control_closest_framework': 'TSC', 'control_tsc_section': None, 'control_coso_section': 'Control Activities (10-12)', 'control_soc_domain': 'Control Activities'}, {'control_id': 'CC6.8.1', 'control_desc': 'SimpleLegal utilizes an endpoint protection tool to monitor employee devices and ensure that endpoint protection, including antivirus/anti-malware, is enabled to prevent the introduction of unauthorized or malicious software. The endpoint protection system has alerts, logs, and reporting functionality to analyze and inform the Company of potential threats.', 'control_test': 'Inspected the Sophos dashboard to verify whether alerts, logs, and reports were generated when potential threats were detected by the endpoint protection software.', 'control_test_results': 'No exceptions noted.', 'control_page_ref': 37, 'control_line_ref': 14, 'control_seq': 78, 'control_tsc_id': 'C1.9', 'control_coso_id': '12', 'control_tsc_similarity': 0.8197778211800741, 'control_coso_similarity': 0.7542150175927592, 'control_tsc_confidence_pct': 91, 'control_coso_confidence_pct': 88, 'control_closest_framework': 'TSC', 'control_tsc_section': None, 'control_coso_section': 'Control Activities (10-12)', 'control_soc_domain': 'Control Activities'}, {'control_id': 'CC6.8.1', 'control_desc': 'SimpleLegal utilizes an endpoint protection tool to monitor employee devices and ensure that endpoint protection, including antivirus/anti-malware, is enabled to prevent the introduction of unauthorized or malicious software.', 'control_test': 'Inspected the Sophos dashboard to verify whether endpoint protection software', 'control_test_results': None, 'control_page_ref': None, 'control_line_ref': 63, 'control_seq': 103, 'control_tsc_id': 'C1.9', 'control_coso_id': '12', 'control_tsc_similarity': 0.8256613094109525, 'control_coso_similarity': 0.7579108970233663, 'control_tsc_confidence_pct': 91, 'control_coso_confidence_pct': 88, 'control_closest_framework': 'TSC', 'control_tsc_section': None, 'control_coso_section': 'Control Activities (10-12)', 'control_soc_domain': 'Control Activities'}, {'control_id': 'CC6.8.2', 'control_desc': 'SimpleLegal configures its email security policies to protect the organization from phishing, malware, and spam. Emails that have been quarantined are accessible to administrators for further review.', 'control_test': 'Inspected the Mimecast dashboard to verify whether SimpleLegal configured its email security policies to protect the organization from phishing, malware, and spam and that any emails that have been quarantined are only accessible to administrators.', 'control_test_results': 'No exceptions noted.', 'control_page_ref': 37, 'control_line_ref': 26, 'control_seq': 79, 'control_tsc_id': 'C1.2', 'control_coso_id': '12', 'control_tsc_similarity': 0.8203649015439768, 'control_coso_similarity': 0.7805891237292948, 'control_tsc_confidence_pct': 91, 'control_coso_confidence_pct': 89, 'control_closest_framework': 'TSC', 'control_tsc_section': 'Confidentiality (C1.1 - C1.4)', 'control_coso_section': 'Control Activities (10-12)', 'control_soc_domain': 'Control Activities'}, {'control_id': 'CC7.1.1', 'control_desc': 'SimpleLegal maintains baseline configurations for its information systems and system components to reflect the current enterprise architecture.', 'control_test': 'Inspected the System Hardening Guidelines and the Jamf Pro configuration profiles to verify whether SimpleLegal maintained baseline configurations for its information systems and system components.', 'control_test_results': 'No exceptions noted.', 'control_page_ref': 37, 'control_line_ref': 46, 'control_seq': 80, 'control_tsc_id': 'C1.3', 'control_coso_id': '11', 'control_tsc_similarity': 0.8417111666786466, 'control_coso_similarity': 0.8033997874613866, 'control_tsc_confidence_pct': 92, 'control_coso_confidence_pct': 90, 'control_closest_framework': 'TSC', 'control_tsc_section': 'Confidentiality (C1.1 - C1.4)', 'control_coso_section': 'Control Activities (10-12)', 'control_soc_domain': 'Control Activities'}, {'control_id': 'CC7.1.1', 'control_desc': 'SimpleLegal maintains baseline configurations for its information systems and system components to reflect the current enterprise architecture.', 'control_test': 'Inspected the System Hardening Guidelines and the Jamf Pro configuration profiles to verify whether SimpleLegal maintained baseline configurations for its information systems and system components.', 'control_test_results': 'No exceptions noted.', 'control_page_ref': None, 'control_line_ref': 5, 'control_seq': 108, 'control_tsc_id': 'C1.3', 'control_coso_id': '11', 'control_tsc_similarity': 0.8417111666786466, 'control_coso_similarity': 0.8033997874613866, 'control_tsc_confidence_pct': 92, 'control_coso_confidence_pct': 90, 'control_closest_framework': 'TSC', 'control_tsc_section': 'Confidentiality (C1.1 - C1.4)', 'control_coso_section': 'Control Activities (10-12)', 'control_soc_domain': 'Control Activities'}, {'control_id': 'CC7.1.2', 'control_desc': 'SimpleLegal has implemented a vulnerability management program to detect and remediate system vulnerabilities in software packages used in the Company’s infrastructure. System patching is performed on a periodic basis by the infrastructure team for proper vulnerability mitigation.', 'control_test': 'For a selection of months during the period, inspected the Probely vulnerability scanning reports to verify whether SimpleLegal had implemented a vulnerability management', 'control_test_results': None, 'control_page_ref': None, 'control_line_ref': None, 'control_seq': 81, 'control_tsc_id': 'C1.6', 'control_coso_id': '9', 'control_tsc_similarity': 0.8450820761046008, 'control_coso_similarity': 0.7975262460434771, 'control_tsc_confidence_pct': 92, 'control_coso_confidence_pct': 90, 'control_closest_framework': 'TSC', 'control_tsc_section': None, 'control_coso_section': 'Risk Assessment (6-9)', 'control_soc_domain': 'Risk Assessment'}, {'control_id': 'CC7.1.2', 'control_desc': 'SimpleLegal has implemented a vulnerability management program to detect and remediate system vulnerabilities in software packages used in the Company’s infrastructure. System patching is performed on a periodic basis by the infrastructure team for proper vulnerability mitigation.', 'control_test': 'For a selection of months during the period, inspected the Probely vulnerability scanning reports to verify whether SimpleLegal had implemented a vulnerability management program to detect and remediate system vulnerabilities in software packages.', 'control_test_results': 'Per inspection of the Probely vulnerability scanning reports, noted that there were no vulnerabilities that required patching. Therefore, further testing was not applicable. No exceptions noted.', 'control_page_ref': None, 'control_line_ref': 17, 'control_seq': 109, 'control_tsc_id': 'C1.6', 'control_coso_id': '9', 'control_tsc_similarity': 0.8450820761046008, 'control_coso_similarity': 0.7975262460434771, 'control_tsc_confidence_pct': 92, 'control_coso_confidence_pct': 90, 'control_closest_framework': 'TSC', 'control_tsc_section': None, 'control_coso_section': 'Risk Assessment (6-9)', 'control_soc_domain': 'Risk Assessment'}, {'control_id': 'CC7.1.3', 'control_desc': 'SimpleLegal uses intrusion detection systems that continuously monitor for malicious activity and unauthorized behavior related to AWS accounts, workloads, and data.', 'control_test': 'Inspected the GuardDuty and CrowdStrike intrusion detection systems to verify whether they were implemented to monitor for malicious activity and unauthorized behavior related to AWS accounts, workloads, and data.', 'control_test_results': 'No exceptions noted.', 'control_page_ref': None, 'control_line_ref': 29, 'control_seq': 110, 'control_tsc_id': 'C1.6', 'control_coso_id': '9', 'control_tsc_similarity': 0.8393462840456569, 'control_coso_similarity': 0.7797393961891318, 'control_tsc_confidence_pct': 92, 'control_coso_confidence_pct': 89, 'control_closest_framework': 'TSC', 'control_tsc_section': None, 'control_coso_section': 'Risk Assessment (6-9)', 'control_soc_domain': 'Risk Assessment'}, {'control_id': 'CC7.1.4', 'control_desc': "A log management tool is utilized to identify trends that may have a potential impact on the Company's ability to achieve its security objectives.", 'control_test': "Inspected the Elastic dashboard to verify whether a log management tool was utilized to identify trends that may have a potential impact on the Company's ability to achieve its security objectives.", 'control_test_results': 'No exceptions noted.', 'control_page_ref': 38, 'control_line_ref': 2, 'control_seq': 111, 'control_tsc_id': 'C1.5', 'control_coso_id': '9', 'control_tsc_similarity': 0.8357806886979684, 'control_coso_similarity': 0.8267265978240914, 'control_tsc_confidence_pct': 92, 'control_coso_confidence_pct': 91, 'control_closest_framework': 'TSC', 'control_tsc_section': None, 'control_coso_section': 'Risk Assessment (6-9)', 'control_soc_domain': 'Risk Assessment'}, {'control_id': 'CC7.2', 'control_desc': 'The entity monitors system components and the operation of those components for anomalies that are indicative of malicious acts, natural disasters, and errors affecting the entity’s ability to meet its objectives; anomalies are analyzed to determine whether they represent security events.', 'control_test': 'Inspected the Incident Reporting and Response Policy to verify whether it adequately documented incident detection processes and management of potential incidents.', 'control_test_results': 'No exceptions noted.', 'control_page_ref': None, 'control_line_ref': None, 'control_seq': 91, 'control_tsc_id': 'C1.5', 'control_coso_id': '7', 'control_tsc_similarity': 0.8887725508320931, 'control_coso_similarity': 0.8282289177684183, 'control_tsc_confidence_pct': 94, 'control_coso_confidence_pct': 91, 'control_closest_framework': 'TSC', 'control_tsc_section': None, 'control_coso_section': 'Risk Assessment (6-9)', 'control_soc_domain': 'Risk Assessment'}, {'control_id': 'CC7.2.1', 'control_desc': 'SimpleLegal maintains updated detection policies, procedures, and tools to identify anomalies or unusual activity on information systems. Potential security incidents are filtered and analyzed based on established detection measures.', 'control_test': 'Inspected the Incident Reporting and Response Policy to verify whether it adequately documented incident detection processes and management of potential incidents.', 'control_test_results': 'No exceptions noted.', 'control_page_ref': None, 'control_line_ref': None, 'control_seq': 92, 'control_tsc_id': 'C1.6', 'control_coso_id': '9', 'control_tsc_similarity': 0.8574823982531667, 'control_coso_similarity': 0.8117242712254937, 'control_tsc_confidence_pct': 93, 'control_coso_confidence_pct': 91, 'control_closest_framework': 'TSC', 'control_tsc_section': None, 'control_coso_section': 'Risk Assessment (6-9)', 'control_soc_domain': 'Risk Assessment'}, {'control_id': 'CC7.2.1', 'control_desc': 'SimpleLegal maintains updated detection policies, procedures, and tools to identify anomalies or unusual activity on information systems. Potential security incidents are filtered and analyzed based on established detection measures.', 'control_test': 'Inspected the Incident Reporting and Response Policy to verify whether it adequately documented incident detection processes and management of potential incidents.', 'control_test_results': None, 'control_page_ref': None, 'control_line_ref': 52, 'control_seq': 112, 'control_tsc_id': 'C1.6', 'control_coso_id': '9', 'control_tsc_similarity': 0.8574823982531667, 'control_coso_similarity': 0.8117242712254937, 'control_tsc_confidence_pct': 93, 'control_coso_confidence_pct': 91, 'control_closest_framework': 'TSC', 'control_tsc_section': None, 'control_coso_section': 'Risk Assessment (6-9)', 'control_soc_domain': 'Risk Assessment'}, {'control_id': 'CC7.2.2', 'control_desc': 'Detection tools are periodically analyzed by management for effectiveness and remedial action is taken when necessary.', 'control_test': 'For a selection of months, inspected executive leadership meeting invitations and agendas to verify whether the security team was included as attendees.', 'control_test_results': 'No exceptions noted.', 'control_page_ref': None, 'control_line_ref': None, 'control_seq': 93, 'control_tsc_id': 'CC9.2', 'control_coso_id': '17', 'control_tsc_similarity': 0.8343940711394907, 'control_coso_similarity': 0.8373783592794081, 'control_tsc_confidence_pct': 92, 'control_coso_confidence_pct': 92, 'control_closest_framework': 'COSO', 'control_tsc_section': 'Risk Mitigation (CC9.1 - CC9.2)', 'control_coso_section': 'Monitoring Activities (16-17)', 'control_soc_domain': 'Monitoring Activities'}, {'control_id': 'CC7.3', 'control_desc': 'The entity evaluates security events to determine whether they could or have resulted in a failure of the entity to meet its objectives (security incidents) and, if so, takes actions to prevent or address such failures.', 'control_test': 'Inspected the incident tracker to verify whether it was utilized for logging potential incidents.', 'control_test_results': 'No exceptions noted.', 'control_page_ref': None, 'control_line_ref': None, 'control_seq': 94, 'control_tsc_id': 'C1.6', 'control_coso_id': '7', 'control_tsc_similarity': 0.909061793918096, 'control_coso_similarity': 0.8547257030024757, 'control_tsc_confidence_pct': 95, 'control_coso_confidence_pct': 93, 'control_closest_framework': 'TSC', 'control_tsc_section': None, 'control_coso_section': 'Risk Assessment (6-9)', 'control_soc_domain': 'Risk Assessment'}, {'control_id': 'CC7.3.1', 'control_desc': 'Incidents related to security are logged, tracked, and communicated to affected parties. Incidents are resolved in a timely manner in accordance with the formal incident management process.', 'control_test': 'For all incidents that occurred during the period, inspected incident tickets to verify whether SimpleLegal followed the incident response program.', 'control_test_results': 'No exceptions noted.', 'control_page_ref': None, 'control_line_ref': None, 'control_seq': 95, 'control_tsc_id': 'C1.6', 'control_coso_id': '17', 'control_tsc_similarity': 0.8586877016895899, 'control_coso_similarity': 0.8244375815101062, 'control_tsc_confidence_pct': 93, 'control_coso_confidence_pct': 91, 'control_closest_framework': 'TSC', 'control_tsc_section': None, 'control_coso_section': 'Monitoring Activities (16-17)', 'control_soc_domain': 'Monitoring Activities'}, {'control_id': 'CC7.3.1', 'control_desc': 'Incidents related to security are logged, tracked, and communicated to affected parties. Incidents are resolved in a timely manner in accordance with the formal incident management process.', 'control_test': 'Inspected the incident tracker to verify whether it was utilized for logging potential incidents.', 'control_test_results': 'No exceptions noted.', 'control_page_ref': 39, 'control_line_ref': 0, 'control_seq': 104, 'control_tsc_id': 'C1.6', 'control_coso_id': '17', 'control_tsc_similarity': 0.8586877016895899, 'control_coso_similarity': 0.8244375815101062, 'control_tsc_confidence_pct': 93, 'control_coso_confidence_pct': 91, 'control_closest_framework': 'TSC', 'control_tsc_section': None, 'control_coso_section': 'Monitoring Activities (16-17)', 'control_soc_domain': 'Monitoring Activities'}, {'control_id': 'CC7.4', 'control_desc': 'The entity responds to identified security incidents by executing a defined incident response program to understand, contain, remediate, and communicate security incidents, as appropriate.', 'control_test': None, 'control_test_results': None, 'control_page_ref': 39, 'control_line_ref': None, 'control_seq': 96, 'control_tsc_id': 'C1.6', 'control_coso_id': '10', 'control_tsc_similarity': 0.9202822239880648, 'control_coso_similarity': 0.8301869462027728, 'control_tsc_confidence_pct': 96, 'control_coso_confidence_pct': 92, 'control_closest_framework': 'TSC', 'control_tsc_section': None, 'control_coso_section': 'Control Activities (10-12)', 'control_soc_domain': 'Control Activities'}, {'control_id': 'CC7.4.1', 'control_desc': 'SimpleLegal maintains an updated incident response program', 'control_test': None, 'control_test_results': None, 'control_page_ref': 39, 'control_line_ref': None, 'control_seq': 97, 'control_tsc_id': 'C1.6', 'control_coso_id': '1', 'control_tsc_similarity': 0.841128688894769, 'control_coso_similarity': 0.7858503901566042, 'control_tsc_confidence_pct': 92, 'control_coso_confidence_pct': 89, 'control_closest_framework': 'TSC', 'control_tsc_section': None, 'control_coso_section': 'Control Environment (1-5)', 'control_soc_domain': 'Control Environment'}, {'control_id': 'CC7.4.1', 'control_desc': 'SimpleLegal maintains an updated incident response program that defines procedures for containing, mitigating, and ending the threats posed by security incidents, as well as restoring operations and communicating security incidents and actions taken to affected parties.', 'control_test': 'Inspected the Incident Reporting and Response Policy to verify whether it provided comprehensive requirements and guidelines on how to effectively respond to potential security incidents and make necessary changes to mitigate the risk of future events.', 'control_test_results': 'No exceptions noted.', 'control_page_ref': 39, 'control_line_ref': 0, 'control_seq': 105, 'control_tsc_id': 'C1.6', 'control_coso_id': '10', 'control_tsc_similarity': 0.8607482178722808, 'control_coso_similarity': 0.8088054711773781, 'control_tsc_confidence_pct': 93, 'control_coso_confidence_pct': 90, 'control_closest_framework': 'TSC', 'control_tsc_section': None, 'control_coso_section': 'Control Activities (10-12)', 'control_soc_domain': 'Control Activities'}, {'control_id': 'CC7.4.2', 'control_desc': 'SimpleLegal follows the incident response program by understanding the nature of the incident, determining a containment strategy, remediating identified vulnerabilities, and communicating remediation activities to appropriate internal and external parties.', 'control_test': 'Inspected the Incident Reporting and Response Policy to verify whether it outlined requirements for understanding the nature of the incident, determining a containment strategy, remediating identified vulnerabilities, and communicating remediation activities.', 'control_test_results': 'No exceptions noted.', 'control_page_ref': 39, 'control_line_ref': 0, 'control_seq': 106, 'control_tsc_id': 'C1.6', 'control_coso_id': '17', 'control_tsc_similarity': 0.8581181665329309, 'control_coso_similarity': 0.8244026461560756, 'control_tsc_confidence_pct': 93, 'control_coso_confidence_pct': 91, 'control_closest_framework': 'TSC', 'control_tsc_section': None, 'control_coso_section': 'Monitoring Activities (16-17)', 'control_soc_domain': 'Monitoring Activities'}, {'control_id': 'CC7.5', 'control_desc': 'The entity identifies, develops, and implements activities to recover from identified security incidents.', 'control_test': 'Inspected the Incident Reporting and Response Policy to verify whether it outlined processes for restoring the affected environment. For all incidents that occurred during the period, inspected the incident tickets to verify whether SimpleLegal restored the affected environments as applicable.', 'control_test_results': 'No exceptions noted.', 'control_page_ref': 40, 'control_line_ref': 6, 'control_seq': 139, 'control_tsc_id': 'C1.6', 'control_coso_id': '10', 'control_tsc_similarity': 0.9323527026630924, 'control_coso_similarity': 0.849606591632283, 'control_tsc_confidence_pct': 97, 'control_coso_confidence_pct': 92, 'control_closest_framework': 'TSC', 'control_tsc_section': None, 'control_coso_section': 'Control Activities (10-12)', 'control_soc_domain': 'Control Activities'}, {'control_id': 'CC7.5.1', 'control_desc': 'SimpleLegal follows the Incident Response Plan to restore the affected environment to full operation by rebuilding systems, updating software, installing patches, and/or changing configurations, as needed.', 'control_test': 'Inspected the Incident Reporting and Response Policy to verify whether it outlined processes for restoring the affected environment.', 'control_test_results': 'No exceptions noted.', 'control_page_ref': 39, 'control_line_ref': 0, 'control_seq': 107, 'control_tsc_id': 'C1.6', 'control_coso_id': '12', 'control_tsc_similarity': 0.8394186514463358, 'control_coso_similarity': 0.8045587352529794, 'control_tsc_confidence_pct': 92, 'control_coso_confidence_pct': 90, 'control_closest_framework': 'TSC', 'control_tsc_section': None, 'control_coso_section': 'Control Activities (10-12)', 'control_soc_domain': 'Control Activities'}, {'control_id': 'CC7.5.1', 'control_desc': 'SimpleLegal follows the Incident Response Plan to restore the affected environment to full operation by rebuilding systems, updating software, installing patches, and/or changing configurations, as needed.', 'control_test': 'Inspected the Incident Reporting and Response Policy to verify whether it outlined processes for restoring the affected environment. For all incidents that occurred during the period, inspected the incident tickets to verify whether SimpleLegal restored the affected environments as applicable.', 'control_test_results': 'No exceptions noted.', 'control_page_ref': 40, 'control_line_ref': 20, 'control_seq': 140, 'control_tsc_id': 'C1.6', 'control_coso_id': '12', 'control_tsc_similarity': 0.8394186514463358, 'control_coso_similarity': 0.8045587352529794, 'control_tsc_confidence_pct': 92, 'control_coso_confidence_pct': 90, 'control_closest_framework': 'TSC', 'control_tsc_section': None, 'control_coso_section': 'Control Activities (10-12)', 'control_soc_domain': 'Control Activities'}, {'control_id': 'CC7.5.2', 'control_desc': 'Information about the nature of the incident, recovery actions taken, and activities required for the prevention of future security events are communicated to appropriate internal and external parties.', 'control_test': 'Inspected the Incident Reporting and Response Policy to verify whether it outlined processes for communicating information to relevant parties. For all incidents that occurred during the period, inspected the incident tickets to verify whether the log included information about the nature of the incident, recovery actions taken, and activities implemented for the prevention of future security events.', 'control_test_results': 'No exceptions noted.', 'control_page_ref': 40, 'control_line_ref': 38, 'control_seq': 141, 'control_tsc_id': 'C1.6', 'control_coso_id': '15', 'control_tsc_similarity': 0.8702500378741853, 'control_coso_similarity': 0.8624368097142657, 'control_tsc_confidence_pct': 94, 'control_coso_confidence_pct': 93, 'control_closest_framework': 'TSC', 'control_tsc_section': None, 'control_coso_section': 'Information & Communication (13-15)', 'control_soc_domain': 'Information and Communication'}, {'control_id': 'CC7.5.3', 'control_desc': 'After an incident has been resolved and appropriate parties have been notified, a postmortem that includes a root cause analysis and lessons learned is completed. Architectural and/or procedural changes are implemented, when possible, to prevent and detect recurrences of similar incidents. This includes conducting additional training to educate personnel on how to prevent future incidents.', 'control_test': 'Inspected the Incident Reporting and Response Policy to verify whether it outlined processes for performing an incident postmortem. For all incidents that occurred during the period, inspected the incident tickets to verify whether the appropriate parties had been notified, a postmortem with a root cause analysis was performed, and a lessons learned evaluation was completed.', 'control_test_results': 'No exceptions noted.', 'control_page_ref': 40, 'control_line_ref': 56, 'control_seq': 142, 'control_tsc_id': 'C1.6', 'control_coso_id': '17', 'control_tsc_similarity': 0.8231768374175237, 'control_coso_similarity': 0.8030961315782923, 'control_tsc_confidence_pct': 91, 'control_coso_confidence_pct': 90, 'control_closest_framework': 'TSC', 'control_tsc_section': None, 'control_coso_section': 'Monitoring Activities (16-17)', 'control_soc_domain': 'Monitoring Activities'}, {'control_id': 'CC8.1', 'control_desc': 'The entity authorizes, designs, develops or acquires, configures, documents, tests, approves, and implements changes to infrastructure, data, software, and procedures to meet its objectives.', 'control_test': 'Inspected the Change Management Policies to verify whether they adequately documented SDLC processes and controls, including requirements around maintaining information security during software development.', 'control_test_results': 'No exceptions noted.', 'control_page_ref': 41, 'control_line_ref': 13, 'control_seq': 118, 'control_tsc_id': 'C1.3', 'control_coso_id': '12', 'control_tsc_similarity': 0.969261217558665, 'control_coso_similarity': 0.8396235947975053, 'control_tsc_confidence_pct': 98, 'control_coso_confidence_pct': 92, 'control_closest_framework': 'TSC', 'control_tsc_section': 'Confidentiality (C1.1 - C1.4)', 'control_coso_section': 'Control Activities (10-12)', 'control_soc_domain': 'Control Activities'}, {'control_id': 'CC8.1', 'control_desc': 'The entity authorizes, designs, develops or acquires, configures, documents, tests, approves, and implements changes to infrastructure, data, software, and procedures to meet its objectives.', 'control_test': None, 'control_test_results': None, 'control_page_ref': 40, 'control_line_ref': 80, 'control_seq': 143, 'control_tsc_id': 'C1.3', 'control_coso_id': '12', 'control_tsc_similarity': 0.969261217558665, 'control_coso_similarity': 0.8396235947975053, 'control_tsc_confidence_pct': 98, 'control_coso_confidence_pct': 92, 'control_closest_framework': 'TSC', 'control_tsc_section': 'Confidentiality (C1.1 - C1.4)', 'control_coso_section': 'Control Activities (10-12)', 'control_soc_domain': 'Control Activities'}, {'control_id': 'CC8.1.1', 'control_desc': 'SimpleLegal maintains updated change management and software development policies that govern the systems development lifecycle (SDLC), including (1) authorizing system changes prior to development; (2) designing and developing system changes; (3) documenting and tracking changes prior to implementation; (4) testing and approving system changes; (5) deploying changes to production; (6) evaluating the changes against their objectives; and (7) modifying infrastructure, data, software, and procedures to remediate identified incidents.', 'control_test': 'Inspected the Change Management Policies to verify whether they adequately documented SDLC processes and controls, including requirements around maintaining information security during software development.', 'control_test_results': 'No exceptions noted.', 'control_page_ref': 41, 'control_line_ref': 33, 'control_seq': 119, 'control_tsc_id': 'C1.3', 'control_coso_id': '9', 'control_tsc_similarity': 0.8750665955635575, 'control_coso_similarity': 0.8228972372422031, 'control_tsc_confidence_pct': 94, 'control_coso_confidence_pct': 91, 'control_closest_framework': 'TSC', 'control_tsc_section': 'Confidentiality (C1.1 - C1.4)', 'control_coso_section': 'Risk Assessment (6-9)', 'control_soc_domain': 'Risk Assessment'}, {'control_id': 'CC8.1.2', 'control_desc': 'SimpleLegal uses a version control system to manage source code, documentation, release labeling, and other change management tasks. Access to the system must be approved by a system administrator.', 'control_test': 'Inspected the GitLab dashboard to verify whether SimpleLegal utilized a version control system to manage source code, documentation, release labeling, and other change management tasks.', 'control_test_results': 'No exceptions noted.', 'control_page_ref': 41, 'control_line_ref': 53, 'control_seq': 120, 'control_tsc_id': 'C1.3', 'control_coso_id': '12', 'control_tsc_similarity': 0.8409499740647794, 'control_coso_similarity': 0.7906468067239167, 'control_tsc_confidence_pct': 92, 'control_coso_confidence_pct': 90, 'control_closest_framework': 'TSC', 'control_tsc_section': 'Confidentiality (C1.1 - C1.4)', 'control_coso_section': 'Control Activities (10-12)', 'control_soc_domain': 'Control Activities'}, {'control_id': 'CC8.1.3', 'control_desc': 'Developers are unable to deploy changes to production without independent code review and approval. All deployments are logged, including who deployed the change and at what time it was deployed.', 'control_test': 'Inspected the GitLab configurations to verify whether merge requests required at least one independent code review and approval prior to deployment to the production environment.', 'control_test_results': 'No exceptions noted.', 'control_page_ref': 41, 'control_line_ref': 7, 'control_seq': 113, 'control_tsc_id': 'C1.3', 'control_coso_id': '12', 'control_tsc_similarity': 0.8214700312304939, 'control_coso_similarity': 0.7937905975898676, 'control_tsc_confidence_pct': 91, 'control_coso_confidence_pct': 90, 'control_closest_framework': 'TSC', 'control_tsc_section': 'Confidentiality (C1.1 - C1.4)', 'control_coso_section': 'Control Activities (10-12)', 'control_soc_domain': 'Control Activities'}, {'control_id': 'CC8.1.3', 'control_desc': 'Developers are unable to deploy changes to production without independent code review and approval. All deployments are logged, including who deployed the change and at what time it was deployed.', 'control_test': 'Inspected the GitLab configurations to verify whether merge requests required at least one independent code review and approval prior to deployment to the production environment.', 'control_test_results': 'No exceptions noted.', 'control_page_ref': None, 'control_line_ref': None, 'control_seq': 121, 'control_tsc_id': 'C1.3', 'control_coso_id': '12', 'control_tsc_similarity': 0.8214700312304939, 'control_coso_similarity': 0.7937905975898676, 'control_tsc_confidence_pct': 91, 'control_coso_confidence_pct': 90, 'control_closest_framework': 'TSC', 'control_tsc_section': 'Confidentiality (C1.1 - C1.4)', 'control_coso_section': 'Control Activities (10-12)', 'control_soc_domain': 'Control Activities'}, {'control_id': 'CC8.1.4', 'control_desc': 'SimpleLegal maintains separate test and production environments for software development.', 'control_test': 'Inspected the AWS dashboard to verify whether SimpleLegal maintained separate test and production environments for software development.', 'control_test_results': 'No exceptions noted.', 'control_page_ref': 41, 'control_line_ref': 19, 'control_seq': 114, 'control_tsc_id': 'PI1.3', 'control_coso_id': '16', 'control_tsc_similarity': 0.7892558790975561, 'control_coso_similarity': 0.7655014873392574, 'control_tsc_confidence_pct': 89, 'control_coso_confidence_pct': 88, 'control_closest_framework': 'TSC', 'control_tsc_section': 'Processing Integrity (PI1.1 - PI1.4)', 'control_coso_section': 'Monitoring Activities (16-17)', 'control_soc_domain': 'Monitoring Activities'}, {'control_id': 'CC8.1.4', 'control_desc': 'SimpleLegal maintains separate test and production environments for software development.', 'control_test': 'Inspected the AWS dashboard to verify whether', 'control_test_results': None, 'control_page_ref': 41, 'control_line_ref': 71, 'control_seq': 122, 'control_tsc_id': 'PI1.3', 'control_coso_id': '16', 'control_tsc_similarity': 0.7892558790975561, 'control_coso_similarity': 0.7655014873392574, 'control_tsc_confidence_pct': 89, 'control_coso_confidence_pct': 88, 'control_closest_framework': 'TSC', 'control_tsc_section': 'Processing Integrity (PI1.1 - PI1.4)', 'control_coso_section': 'Monitoring Activities (16-17)', 'control_soc_domain': 'Monitoring Activities'}, {'control_id': 'CC8.1.5', 'control_desc': 'Changes to the production environment are communicated to affected internal and external stakeholders.', 'control_test': 'Inspected external release notes and internal product change communications to verify whether changes to the production environment were communicated to internal and external users.', 'control_test_results': 'No exceptions noted.', 'control_page_ref': 41, 'control_line_ref': 29, 'control_seq': 115, 'control_tsc_id': 'CC6.4', 'control_coso_id': '15', 'control_tsc_similarity': 0.8444755621343825, 'control_coso_similarity': 0.8504994851310284, 'control_tsc_confidence_pct': 92, 'control_coso_confidence_pct': 93, 'control_closest_framework': 'COSO', 'control_tsc_section': 'Logical & Physical Access Controls (CC6.1 - CC6.10)', 'control_coso_section': 'Information & Communication (13-15)', 'control_soc_domain': 'Information and Communication'}, {'control_id': 'CC9.1.1', 'control_desc': 'SimpleLegal maintains insurance to mitigate the financial impact of business disruptions, including cyber incidents.', 'control_test': 'Inspected the insurance policies for SimpleLegal to verify whether they included coverage against major financial risks to the business, including cyber incidents.', 'control_test_results': 'No exceptions noted.', 'control_page_ref': 41, 'control_line_ref': 53, 'control_seq': 116, 'control_tsc_id': 'C1.6', 'control_coso_id': '8', 'control_tsc_similarity': 0.8416140802974656, 'control_coso_similarity': 0.7979772671945944, 'control_tsc_confidence_pct': 92, 'control_coso_confidence_pct': 90, 'control_closest_framework': 'TSC', 'control_tsc_section': None, 'control_coso_section': 'Risk Assessment (6-9)', 'control_soc_domain': 'Risk Assessment'}, {'control_id': 'CC9.1.2', 'control_desc': 'SimpleLegal maintains updated business continuity and disaster recovery plans that guide the organization in how to respond to and recover from disruptions in networks, systems, and internal operations. The plans are tested on an annual basis.', 'control_test': 'Inspected the Business Continuity and Disaster Recovery Plans to verify whether they provided comprehensive instructions on how to respond and recover from disruptions in networks, systems, and internal operations. Inspected the disaster recovery exercise report to verify whether a test of the Business Continuity and Disaster Recovery plans had been conducted during the period.', 'control_test_results': 'No exceptions noted.', 'control_page_ref': 41, 'control_line_ref': 65, 'control_seq': 117, 'control_tsc_id': 'A1.2', 'control_coso_id': '12', 'control_tsc_similarity': 0.8136622828787562, 'control_coso_similarity': 0.8014675785707445, 'control_tsc_confidence_pct': 91, 'control_coso_confidence_pct': 90, 'control_closest_framework': 'TSC', 'control_tsc_section': 'Availability (A1.1 - A1.3)', 'control_coso_section': 'Control Activities (10-12)', 'control_soc_domain': 'Control Activities'}, {'control_id': 'CC9.2.1', 'control_desc': 'SimpleLegal maintains an updated Vendor Management Policy to monitor and ensure service levels and ongoing compliance of existing vendors. The policy outlines roles, responsibilities, and communication protocols around managing vendor relationships and exception handling.', 'control_test': 'Inspected the Vendor Management Policy to verify whether it adequately documented requirements and guidelines for conducting vendor due diligence reviews and risk assessments.', 'control_test_results': 'No exceptions noted.', 'control_page_ref': 42, 'control_line_ref': None, 'control_seq': 150, 'control_tsc_id': 'CC7.3', 'control_coso_id': '12', 'control_tsc_similarity': 0.8133195716246722, 'control_coso_similarity': 0.8091161032439161, 'control_tsc_confidence_pct': 91, 'control_coso_confidence_pct': 90, 'control_closest_framework': 'TSC', 'control_tsc_section': 'System Operations (CC7.1 - CC7.5)', 'control_coso_section': 'Control Activities (10-12)', 'control_soc_domain': 'Control Activities'}, {'control_id': 'CC9.2.2', 'control_desc': 'SimpleLegal conducts comprehensive vendor due diligence prior to onboarding new high-risk vendors, as well as on an annual basis for existing high-risk vendors. This includes performing a vendor risk assessment and reviewing the SOC 2 reports, SOC 3 reports, ISO 27001 certifications and/or responses to information security questionnaires.', 'control_test': 'For the one new vendor onboarded during the period, inspected the completed security review documentation and collected report to verify whether SimpleLegal had reviewed SOC 2 reports, SOC 3 reports, ISO 27001 certifications, and/or responses to information security questionnaires prior to onboarding. For all existing high-risk vendors, inspected the completed security review documentation and collected reports to verify whether SimpleLegal had reviewed SOC 2 reports, SOC 3 reports, ISO 27001 certifications, and/or responses to information security questionnaires.', 'control_test_results': 'No exceptions noted.', 'control_page_ref': 43, 'control_line_ref': None, 'control_seq': 151, 'control_tsc_id': 'CC6.3', 'control_coso_id': '8', 'control_tsc_similarity': 0.808581972215058, 'control_coso_similarity': 0.8108416906583612, 'control_tsc_confidence_pct': 90, 'control_coso_confidence_pct': 91, 'control_closest_framework': 'COSO', 'control_tsc_section': 'Logical & Physical Access Controls (CC6.1 - CC6.10)', 'control_coso_section': 'Risk Assessment (6-9)', 'control_soc_domain': 'Risk Assessment'}, {'control_id': 'P3.1.1', 'control_desc': 'SimpleLegal limits the collection of personal information only to what is necessary, in accordance with the Privacy Policy.', 'control_test': "Inspected the SimpleLegal Terms of Service and Privacy Policy to verify whether personal information collected as part of SimpleLegal's services was consistent with the terms of the agreement.", 'control_test_results': 'No exceptions noted.', 'control_page_ref': None, 'control_line_ref': 58, 'control_seq': 138, 'control_tsc_id': 'P4.1', 'control_coso_id': '1', 'control_tsc_similarity': 0.8623247612848558, 'control_coso_similarity': 0.7638745380166848, 'control_tsc_confidence_pct': 93, 'control_coso_confidence_pct': 88, 'control_closest_framework': 'TSC', 'control_tsc_section': 'Privacy (P1.1 - P6.1)', 'control_coso_section': 'Control Environment (1-5)', 'control_soc_domain': 'Control Environment'}, {'control_id': 'P3.1.1', 'control_desc': 'SimpleLegal limits the collection of personal information only to what is necessary, in accordance with the Privacy Policy.', 'control_test': "Inspected the SimpleLegal Terms of Service and Privacy Policy to verify whether personal information collected as part of SimpleLegal's services was consistent with the terms of the agreement.", 'control_test_results': 'No exceptions noted.', 'control_page_ref': 47, 'control_line_ref': 15, 'control_seq': 163, 'control_tsc_id': 'P4.1', 'control_coso_id': '1', 'control_tsc_similarity': 0.8623247612848558, 'control_coso_similarity': 0.7638745380166848, 'control_tsc_confidence_pct': 93, 'control_coso_confidence_pct': 88, 'control_closest_framework': 'TSC', 'control_tsc_section': 'Privacy (P1.1 - P6.1)', 'control_coso_section': 'Control Environment (1-5)', 'control_soc_domain': 'Control Environment'}, {'control_id': 'P3.1.2', 'control_desc': 'SimpleLegal reviews the methods of collecting information before they are implemented to confirm that personal information is obtained (a) fairly, without intimidation or deception, and (b) lawfully, adhering to all relevant rules or law, whether derived from statute or common law, relating to the collection of personal information.', 'control_test': 'Inspected the organizational chart and inquired of the General Counsel to verify whether a legal and compliance team is in place to evaluate the methods by which personal information is collected.', 'control_test_results': 'No exceptions noted.', 'control_page_ref': 47, 'control_line_ref': 31, 'control_seq': 164, 'control_tsc_id': 'P3.2', 'control_coso_id': '13', 'control_tsc_similarity': 0.8634471784041636, 'control_coso_similarity': 0.7801134983522436, 'control_tsc_confidence_pct': 93, 'control_coso_confidence_pct': 89, 'control_closest_framework': 'TSC', 'control_tsc_section': None, 'control_coso_section': 'Information & Communication (13-15)', 'control_soc_domain': 'Information and Communication'}, {'control_id': 'P3.1.3', 'control_desc': 'SimpleLegal confirms that third parties from whom personal information is collected are reliable sources that collect information fairly and lawfully.', 'control_test': 'For all third-party sub-processors, inspected the signed agreements to verify whether SimpleLegal confirmed that third parties from whom personal information is collected were reliable sources and that they collect information fairly and lawfully.', 'control_test_results': 'No exceptions noted.', 'control_page_ref': 47, 'control_line_ref': 47, 'control_seq': 165, 'control_tsc_id': 'P3.2', 'control_coso_id': '1', 'control_tsc_similarity': 0.8593344255783834, 'control_coso_similarity': 0.8007032363400959, 'control_tsc_confidence_pct': 93, 'control_coso_confidence_pct': 90, 'control_closest_framework': 'TSC', 'control_tsc_section': None, 'control_coso_section': 'Control Environment (1-5)', 'control_soc_domain': 'Control Environment'}, {'control_id': 'P3.1.4', 'control_desc': 'Data subjects are informed if SimpleLegal develops or acquires additional information about them for its use.', 'control_test': 'Inspected the Privacy Policy to verify whether it provided an objective description of the personal information that SimpleLegal collects.', 'control_test_results': 'No exceptions noted.', 'control_page_ref': None, 'control_line_ref': None, 'control_seq': 153, 'control_tsc_id': 'P3.2', 'control_coso_id': '13', 'control_tsc_similarity': 0.8464851744908217, 'control_coso_similarity': 0.7767494789159367, 'control_tsc_confidence_pct': 92, 'control_coso_confidence_pct': 89, 'control_closest_framework': 'TSC', 'control_tsc_section': None, 'control_coso_section': 'Information & Communication (13-15)', 'control_soc_domain': 'Information and Communication'}, {'control_id': 'P3.1.4', 'control_desc': 'Data subjects are informed if SimpleLegal develops or acquires additional information about them for its use.', 'control_test': 'Inspected the Privacy Policy to verify whether it provided an objective description of the personal information that SimpleLegal collects.', 'control_test_results': 'No exceptions noted.', 'control_page_ref': 47, 'control_line_ref': 63, 'control_seq': 166, 'control_tsc_id': 'P3.2', 'control_coso_id': '13', 'control_tsc_similarity': 0.8464851744908217, 'control_coso_similarity': 0.7767494789159367, 'control_tsc_confidence_pct': 92, 'control_coso_confidence_pct': 89, 'control_closest_framework': 'TSC', 'control_tsc_section': None, 'control_coso_section': 'Information & Communication (13-15)', 'control_soc_domain': 'Information and Communication'}, {'control_id': 'P3.2', 'control_desc': 'For information requiring explicit consent, the entity communicates the need for such consent, as well as the consequences of a failure to provide consent for the request for personal information, and obtains the consent prior to the collection of the information to meet the entity’s objectives related to privacy.', 'control_test': None, 'control_test_results': 'This criterion is not applicable to data processors.', 'control_page_ref': None, 'control_line_ref': None, 'control_seq': 154, 'control_tsc_id': 'P3.2', 'control_coso_id': '6', 'control_tsc_similarity': 0.9279907316737043, 'control_coso_similarity': 0.7859479369354201, 'control_tsc_confidence_pct': 96, 'control_coso_confidence_pct': 89, 'control_closest_framework': 'TSC', 'control_tsc_section': None, 'control_coso_section': 'Risk Assessment (6-9)', 'control_soc_domain': 'Risk Assessment'}, {'control_id': 'P4.1.1', 'control_desc': 'SimpleLegal limits the use of personal information only for the intended purposes for which it was collected and only when it has lawful basis to collect and process such data.', 'control_test': 'Inspected the SimpleLegal website to verify whether the defined limitations on the use and retention of personal information were in line with the Privacy Policy. Inspected the organizational chart and inquired of the General Counsel to verify whether a legal and compliance team is in place to evaluate the methods by which personal information is collected.', 'control_test_results': 'No exceptions noted.', 'control_page_ref': None, 'control_line_ref': None, 'control_seq': 155, 'control_tsc_id': 'P6.1', 'control_coso_id': '13', 'control_tsc_similarity': 0.856385005347286, 'control_coso_similarity': 0.7735684659005538, 'control_tsc_confidence_pct': 93, 'control_coso_confidence_pct': 89, 'control_closest_framework': 'TSC', 'control_tsc_section': 'Privacy (P1.1 - P6.1)', 'control_coso_section': 'Information & Communication (13-15)', 'control_soc_domain': 'Information and Communication'}, {'control_id': 'P4.2.1', 'control_desc': 'SimpleLegal retains personal information for no longer than necessary to fulfill the stated purposes unless a law or regulation specifically requires otherwise.', 'control_test': 'Inspected the SimpleLegal Privacy Policy to verify whether it documented data subjects’ right to the erasure of personal information. Per inspection of the Legal Services Request dashboard, noted there were no data subject requests during the period. Therefore, further testing was not applicable.', 'control_test_results': 'No exceptions noted.', 'control_page_ref': None, 'control_line_ref': None, 'control_seq': 156, 'control_tsc_id': 'P8.1', 'control_coso_id': '13', 'control_tsc_similarity': 0.8431595060731819, 'control_coso_similarity': 0.7609208965663791, 'control_tsc_confidence_pct': 92, 'control_coso_confidence_pct': 88, 'control_closest_framework': 'TSC', 'control_tsc_section': None, 'control_coso_section': 'Information & Communication (13-15)', 'control_soc_domain': 'Information and Communication'}, {'control_id': 'P4.2.2', 'control_desc': 'SimpleLegal maintains policies and procedures to protect personal information from erasure during the specified retention period of the information.', 'control_test': 'Inspected the Records Retention and Information Disposal policies to verify whether they outlined how data was to be protected from erasure during the specified retention period.', 'control_test_results': 'No exceptions noted.', 'control_page_ref': None, 'control_line_ref': None, 'control_seq': 157, 'control_tsc_id': 'P8.1', 'control_coso_id': '13', 'control_tsc_similarity': 0.8921248937132488, 'control_coso_similarity': 0.789020258426875, 'control_tsc_confidence_pct': 95, 'control_coso_confidence_pct': 89, 'control_closest_framework': 'TSC', 'control_tsc_section': None, 'control_coso_section': 'Information & Communication (13-15)', 'control_soc_domain': 'Information and Communication'}, {'control_id': 'P4.3.1', 'control_desc': 'SimpleLegal captures requests for the deletion of personal information and identifies and flags the information for destruction to support the achievement of its objectives related to privacy.', 'control_test': 'Inspected the SimpleLegal Privacy', 'control_test_results': None, 'control_page_ref': None, 'control_line_ref': None, 'control_seq': 158, 'control_tsc_id': 'P8.1', 'control_coso_id': '6', 'control_tsc_similarity': 0.8640342679382165, 'control_coso_similarity': 0.7671525492115246, 'control_tsc_confidence_pct': 93, 'control_coso_confidence_pct': 88, 'control_closest_framework': 'TSC', 'control_tsc_section': None, 'control_coso_section': 'Risk Assessment (6-9)', 'control_soc_domain': 'Risk Assessment'}, {'control_id': 'P4.3.1', 'control_desc': 'SimpleLegal captures requests for the deletion of personal information and identifies and flags the information for destruction to support the achievement of its objectives related to privacy.', 'control_test': 'Inspected the SimpleLegal Privacy Policy to verify whether it documented data subjects’ right to the erasure of personal information. Inspected procedure documentation for processing privacy requests to verify whether specific data and data locations were defined for processing deletion requests.', 'control_test_results': 'No exceptions noted.', 'control_page_ref': 48, 'control_line_ref': 16, 'control_seq': 167, 'control_tsc_id': 'P8.1', 'control_coso_id': '6', 'control_tsc_similarity': 0.8640342679382165, 'control_coso_similarity': 0.7671525492115246, 'control_tsc_confidence_pct': 93, 'control_coso_confidence_pct': 88, 'control_closest_framework': 'TSC', 'control_tsc_section': None, 'control_coso_section': 'Risk Assessment (6-9)', 'control_soc_domain': 'Risk Assessment'}, {'control_id': 'P4.3.2', 'control_desc': 'Personal information no longer retained is disposed of by SimpleLegal in a manner that prevents loss, theft, misuse, or unauthorized access.', 'control_test': 'Inspected the Records Retention and Information Disposal policies to verify whether they documented requirements pertaining to the secure disposal of personal information identified for destruction.', 'control_test_results': 'No exceptions noted.', 'control_page_ref': 48, 'control_line_ref': 38, 'control_seq': 168, 'control_tsc_id': 'P8.1', 'control_coso_id': '13', 'control_tsc_similarity': 0.8617310246465887, 'control_coso_similarity': 0.77120962537389, 'control_tsc_confidence_pct': 93, 'control_coso_confidence_pct': 89, 'control_closest_framework': 'TSC', 'control_tsc_section': None, 'control_coso_section': 'Information & Communication (13-15)', 'control_soc_domain': 'Information and Communication'}, {'control_id': 'P4.3.3', 'control_desc': 'SimpleLegal maintains policies and procedures to erase or otherwise destroy personal information that has been identified for destruction.', 'control_test': 'Inspected the Records Retention and Information Disposal policies to verify whether they documented requirements pertaining to the secure disposal of personal information identified for destruction.', 'control_test_results': 'No exceptions noted.', 'control_page_ref': None, 'control_line_ref': 64, 'control_seq': 169, 'control_tsc_id': 'P8.1', 'control_coso_id': '12', 'control_tsc_similarity': 0.8726208040148, 'control_coso_similarity': 0.7777916730022739, 'control_tsc_confidence_pct': 94, 'control_coso_confidence_pct': 89, 'control_closest_framework': 'TSC', 'control_tsc_section': None, 'control_coso_section': 'Control Activities (10-12)', 'control_soc_domain': 'Control Activities'}, {'control_id': 'P4.3.3', 'control_desc': 'SimpleLegal maintains policies and procedures to erase or otherwise destroy personal information that has been identified for destruction.', 'control_test': 'Inspected the Records Retention and Information Disposal policies to verify whether they documented requirements pertaining to the secure disposal of personal information identified for destruction.', 'control_test_results': 'No exceptions noted.', 'control_page_ref': None, 'control_line_ref': 5, 'control_seq': 182, 'control_tsc_id': 'P8.1', 'control_coso_id': '12', 'control_tsc_similarity': 0.8726208040148, 'control_coso_similarity': 0.7777916730022739, 'control_tsc_confidence_pct': 94, 'control_coso_confidence_pct': 89, 'control_closest_framework': 'TSC', 'control_tsc_section': None, 'control_coso_section': 'Control Activities (10-12)', 'control_soc_domain': 'Control Activities'}, {'control_id': 'P5.1.1', 'control_desc': 'SimpleLegal maintains a process to respond to data subject requests', 'control_test': None, 'control_test_results': None, 'control_page_ref': None, 'control_line_ref': None, 'control_seq': 170, 'control_tsc_id': 'P5.1', 'control_coso_id': '15', 'control_tsc_similarity': 0.8619619882611115, 'control_coso_similarity': 0.7693422084242639, 'control_tsc_confidence_pct': 93, 'control_coso_confidence_pct': 88, 'control_closest_framework': 'TSC', 'control_tsc_section': 'Privacy (P1.1 - P6.1)', 'control_coso_section': 'Information & Communication (13-15)', 'control_soc_domain': 'Information and Communication'}, {'control_id': 'P5.1.1', 'control_desc': 'SimpleLegal maintains a process to respond to data subject requests received from data controllers in accordance with privacy objectives. This process includes authentication of the request and responding within a reasonable time.', 'control_test': 'Inspected the Privacy Policy to verify whether it included contact information for data subject requests. Inspected procedure documentation for processing privacy requests to verify whether it included requirements to authenticate the identity of the data subject making the request and respond within a reasonable time period.', 'control_test_results': 'No exceptions noted.', 'control_page_ref': None, 'control_line_ref': 20, 'control_seq': 183, 'control_tsc_id': 'P2.1', 'control_coso_id': '13', 'control_tsc_similarity': 0.8548719186460753, 'control_coso_similarity': 0.7800029130426008, 'control_tsc_confidence_pct': 93, 'control_coso_confidence_pct': 89, 'control_closest_framework': 'TSC', 'control_tsc_section': 'Privacy (P1.1 - P6.1)', 'control_coso_section': 'Information & Communication (13-15)', 'control_soc_domain': 'Information and Communication'}, {'control_id': 'P5.1.2', 'control_desc': 'SimpleLegal enables data subjects to determine whether personal information about them is maintained.', 'control_test': 'Inspected the Privacy Policy to verify whether it included contact information for data subject requests. Per inspection of the Legal Services Request dashboard, noted there were no data subject requests during the period. Therefore, further testing was not applicable.', 'control_test_results': 'No exceptions noted.', 'control_page_ref': 49, 'control_line_ref': 49, 'control_seq': 184, 'control_tsc_id': 'P3.1', 'control_coso_id': '13', 'control_tsc_similarity': 0.8934547676086775, 'control_coso_similarity': 0.7814761477484115, 'control_tsc_confidence_pct': 95, 'control_coso_confidence_pct': 89, 'control_closest_framework': 'TSC', 'control_tsc_section': 'Privacy (P1.1 - P6.1)', 'control_coso_section': 'Information & Communication (13-15)', 'control_soc_domain': 'Information and Communication'}, {'control_id': 'P5.1.3', 'control_desc': 'SimpleLegal authenticates the identify of data subjects who request access to their personal information before giving them access to that information.', 'control_test': 'Inspected procedure documentation for processing privacy requests to verify whether it included a requirement to authenticate the identity of the data subject making the request.', 'control_test_results': 'No exceptions noted.', 'control_page_ref': None, 'control_line_ref': 7, 'control_seq': 159, 'control_tsc_id': 'P5.1', 'control_coso_id': '1', 'control_tsc_similarity': 0.8740824974079313, 'control_coso_similarity': 0.7755503345723754, 'control_tsc_confidence_pct': 94, 'control_coso_confidence_pct': 89, 'control_closest_framework': 'TSC', 'control_tsc_section': 'Privacy (P1.1 - P6.1)', 'control_coso_section': 'Control Environment (1-5)', 'control_soc_domain': 'Control Environment'}, {'control_id': 'P5.1.3', 'control_desc': 'SimpleLegal authenticates the identify of data subjects who request access to their personal information before giving them access to that information.', 'control_test': 'Inspected procedure documentation for processing privacy requests to verify whether it included a requirement to authenticate the identity of the data subject making the request. Per inspection of the Legal Services Request dashboard, noted there were no data subject requests during the period. Therefore, further testing was not applicable.', 'control_test_results': 'No exceptions noted.', 'control_page_ref': None, 'control_line_ref': 67, 'control_seq': 185, 'control_tsc_id': 'P5.1', 'control_coso_id': '1', 'control_tsc_similarity': 0.8740824974079313, 'control_coso_similarity': 0.7755503345723754, 'control_tsc_confidence_pct': 94, 'control_coso_confidence_pct': 89, 'control_closest_framework': 'TSC', 'control_tsc_section': 'Privacy (P1.1 - P6.1)', 'control_coso_section': 'Control Environment (1-5)', 'control_soc_domain': 'Control Environment'}, {'control_id': 'P5.1.4', 'control_desc': 'SimpleLegal provides personal information to data subjects in an understandable form, in a reasonable timeframe, and at a reasonable cost, if any.', 'control_test': 'Inspected procedure documentation for processing privacy requests to verify whether it included requirements to provide personal information to data subjects in an understandable form, in a reasonable timeframe, and at a reasonable cost, if necessary.', 'control_test_results': 'No exceptions noted.', 'control_page_ref': None, 'control_line_ref': 19, 'control_seq': 160, 'control_tsc_id': 'P3.1', 'control_coso_id': '13', 'control_tsc_similarity': 0.8705498894998844, 'control_coso_similarity': 0.7822696278438801, 'control_tsc_confidence_pct': 94, 'control_coso_confidence_pct': 89, 'control_closest_framework': 'TSC', 'control_tsc_section': 'Privacy (P1.1 - P6.1)', 'control_coso_section': 'Information & Communication (13-15)', 'control_soc_domain': 'Information and Communication'}, {'control_id': 'P5.1.4', 'control_desc': 'SimpleLegal provides personal information to data subjects in an understandable form, in a reasonable timeframe, and at a reasonable cost, if any.', 'control_test': 'Inspected procedure documentation for processing privacy requests to verify whether it included requirements to provide personal information to data subjects in an understandable form, in', 'control_test_results': None, 'control_page_ref': None, 'control_line_ref': 89, 'control_seq': 186, 'control_tsc_id': 'P3.1', 'control_coso_id': '13', 'control_tsc_similarity': 0.8705498894998844, 'control_coso_similarity': 0.7822696278438801, 'control_tsc_confidence_pct': 94, 'control_coso_confidence_pct': 89, 'control_closest_framework': 'TSC', 'control_tsc_section': 'Privacy (P1.1 - P6.1)', 'control_coso_section': 'Information & Communication (13-15)', 'control_soc_domain': 'Information and Communication'}, {'control_id': 'P5.2.1', 'control_desc': 'SimpleLegal has a process to respond to data subjects’ update requests, including enabling them to correct their personal information, in accordance with SimpleLegal’s objectives related to privacy.', 'control_test': 'Inspected procedure documentation for processing privacy requests to verify whether it included requirements to provide personal information to data subjects in an understandable form, in a reasonable timeframe, and at a reasonable cost, if necessary.', 'control_test_results': 'No exceptions noted.', 'control_page_ref': None, 'control_line_ref': 39, 'control_seq': 161, 'control_tsc_id': 'P5.1', 'control_coso_id': '5', 'control_tsc_similarity': 0.8950105359955354, 'control_coso_similarity': 0.7555493823250293, 'control_tsc_confidence_pct': 95, 'control_coso_confidence_pct': 88, 'control_closest_framework': 'TSC', 'control_tsc_section': 'Privacy (P1.1 - P6.1)', 'control_coso_section': 'Control Environment (1-5)', 'control_soc_domain': 'Control Environment'}, {'control_id': 'P6.1', 'control_desc': 'The entity discloses personal information to third parties with the explicit consent of data subjects, and such consent is obtained prior to disclosure to meet the entity’s objectives related to privacy.', 'control_test': 'Inspected the SimpleLegal Terms of Service to verify whether terms for third party disclosure of personal information were defined.', 'control_test_results': 'No exceptions noted.', 'control_page_ref': 50, 'control_line_ref': 50, 'control_seq': 176, 'control_tsc_id': 'P3.2', 'control_coso_id': '6', 'control_tsc_similarity': 0.9503932800791661, 'control_coso_similarity': 0.7956088712895016, 'control_tsc_confidence_pct': 98, 'control_coso_confidence_pct': 90, 'control_closest_framework': 'TSC', 'control_tsc_section': None, 'control_coso_section': 'Risk Assessment (6-9)', 'control_soc_domain': 'Risk Assessment'}, {'control_id': 'P6.1.1', 'control_desc': 'SimpleLegal discloses personal information only to clients and third parties who have agreements in place to protect personal information in a manner consistent with the relevant aspects of SimpleLegal’s privacy policy.', 'control_test': None, 'control_test_results': None, 'control_page_ref': 50, 'control_line_ref': 6, 'control_seq': 162, 'control_tsc_id': 'P6.1', 'control_coso_id': '1', 'control_tsc_similarity': 0.8889965611371132, 'control_coso_similarity': 0.7621349831565903, 'control_tsc_confidence_pct': 94, 'control_coso_confidence_pct': 88, 'control_closest_framework': 'TSC', 'control_tsc_section': 'Privacy (P1.1 - P6.1)', 'control_coso_section': 'Control Environment (1-5)', 'control_soc_domain': 'Control Environment'}, {'control_id': 'P6.1.1', 'control_desc': 'SimpleLegal discloses personal information only to clients and third parties who have agreements in place to protect personal information in a manner consistent with the relevant aspects of SimpleLegal’s privacy policy.', 'control_test': 'Inspected the SimpleLegal Terms of Service to verify whether terms for third party disclosure of personal information were defined. For all third-party sub-processors that have access to personal information, inspected contractual agreements to verify whether they limited the disclosure of personal information with third parties.', 'control_test_results': 'No exceptions noted.', 'control_page_ref': 50, 'control_line_ref': 50, 'control_seq': 177, 'control_tsc_id': 'P6.1', 'control_coso_id': '1', 'control_tsc_similarity': 0.8889965611371132, 'control_coso_similarity': 0.7621349831565903, 'control_tsc_confidence_pct': 94, 'control_coso_confidence_pct': 88, 'control_closest_framework': 'TSC', 'control_tsc_section': 'Privacy (P1.1 - P6.1)', 'control_coso_section': 'Control Environment (1-5)', 'control_soc_domain': 'Control Environment'}, {'control_id': 'P6.1.2', 'control_desc': 'SimpleLegal discloses personal information to clients and third parties only for the purposes for which it was collected unless a law or regulation specifically requires otherwise.', 'control_test': 'Inspected the SimpleLegal Privacy Policy to verify whether it defined limitations on the use and retention of personal information. Inspected the organizational chart and inquired of the General Counsel to verify whether a legal and compliance team is in place to evaluate the methods by which personal information is collected.', 'control_test_results': 'No exceptions noted.', 'control_page_ref': 50, 'control_line_ref': 50, 'control_seq': 178, 'control_tsc_id': 'P6.1', 'control_coso_id': '1', 'control_tsc_similarity': 0.8867675216909374, 'control_coso_similarity': 0.773620983800388, 'control_tsc_confidence_pct': 94, 'control_coso_confidence_pct': 89, 'control_closest_framework': 'TSC', 'control_tsc_section': 'Privacy (P1.1 - P6.1)', 'control_coso_section': 'Control Environment (1-5)', 'control_soc_domain': 'Control Environment'}, {'control_id': 'P6.2', 'control_desc': 'The entity creates and retains a complete, accurate, and timely record of authorized disclosures of personal information to meet the entity’s objectives related to privacy.', 'control_test': 'Inspected the SimpleLegal Privacy Policy to verify whether data subjects were informed about how SimpleLegal shares their information. Inspected the sub-processor inventory to verify whether it defined a list of approved vendors with whom personal information is shared.', 'control_test_results': 'No exceptions noted.', 'control_page_ref': 50, 'control_line_ref': 50, 'control_seq': 179, 'control_tsc_id': 'Conf1.1', 'control_coso_id': '13', 'control_tsc_similarity': 0.9196463133203957, 'control_coso_similarity': 0.817635897369465, 'control_tsc_confidence_pct': 96, 'control_coso_confidence_pct': 91, 'control_closest_framework': 'TSC', 'control_tsc_section': None, 'control_coso_section': 'Information & Communication (13-15)', 'control_soc_domain': 'Information and Communication'}, {'control_id': 'P6.2.1', 'control_desc': 'SimpleLegal creates and maintains a record of authorized disclosures of personal information that is complete, accurate, and timely.', 'control_test': 'Inspected the SimpleLegal Privacy Policy to verify whether data subjects were informed about how SimpleLegal shares their information. Inspected the sub-processor inventory to verify whether it defined a list of approved vendors with whom personal information is shared.', 'control_test_results': 'No exceptions noted.', 'control_page_ref': None, 'control_line_ref': None, 'control_seq': 171, 'control_tsc_id': 'P3.1', 'control_coso_id': '1', 'control_tsc_similarity': 0.8611054975970436, 'control_coso_similarity': 0.7987232983662426, 'control_tsc_confidence_pct': 93, 'control_coso_confidence_pct': 90, 'control_closest_framework': 'TSC', 'control_tsc_section': 'Privacy (P1.1 - P6.1)', 'control_coso_section': 'Control Environment (1-5)', 'control_soc_domain': 'Control Environment'}, {'control_id': 'P6.3', 'control_desc': 'The entity creates and retains a complete, accurate, and timely record of detected or reported unauthorized disclosures (including breaches) of personal information to meet the entity’s objectives related to privacy.', 'control_test': 'null', 'control_test_results': 'null', 'control_page_ref': None, 'control_line_ref': None, 'control_seq': 180, 'control_tsc_id': 'Conf1.1', 'control_coso_id': '13', 'control_tsc_similarity': 0.9113943162042294, 'control_coso_similarity': 0.8157087955542666, 'control_tsc_confidence_pct': 96, 'control_coso_confidence_pct': 91, 'control_closest_framework': 'TSC', 'control_tsc_section': None, 'control_coso_section': 'Information & Communication (13-15)', 'control_soc_domain': 'Information and Communication'}, {'control_id': 'P6.3.1', 'control_desc': 'SimpleLegal creates and maintains a record of detected or reported unauthorized disclosures of personal information that is complete, accurate, and timely.', 'control_test': 'For all incidents that occurred during the period, inspected the incident ticket to verify whether SimpleLegal created and maintained a record of detected or reported unauthorized disclosures of personal information that is complete, accurate, and timely.', 'control_test_results': 'No exceptions noted.', 'control_page_ref': None, 'control_line_ref': None, 'control_seq': 172, 'control_tsc_id': 'P5.1', 'control_coso_id': '1', 'control_tsc_similarity': 0.8532391535067464, 'control_coso_similarity': 0.7913713694235162, 'control_tsc_confidence_pct': 93, 'control_coso_confidence_pct': 90, 'control_closest_framework': 'TSC', 'control_tsc_section': 'Privacy (P1.1 - P6.1)', 'control_coso_section': 'Control Environment (1-5)', 'control_soc_domain': 'Control Environment'}, {'control_id': 'P6.3.1', 'control_desc': 'SimpleLegal creates and maintains a record of detected or reported unauthorized disclosures of personal information that is complete, accurate, and timely.', 'control_test': 'null', 'control_test_results': 'null', 'control_page_ref': None, 'control_line_ref': None, 'control_seq': 181, 'control_tsc_id': 'P5.1', 'control_coso_id': '1', 'control_tsc_similarity': 0.8532391535067464, 'control_coso_similarity': 0.7913713694235162, 'control_tsc_confidence_pct': 93, 'control_coso_confidence_pct': 90, 'control_closest_framework': 'TSC', 'control_tsc_section': 'Privacy (P1.1 - P6.1)', 'control_coso_section': 'Control Environment (1-5)', 'control_soc_domain': 'Control Environment'}, {'control_id': 'P6.4.1', 'control_desc': 'SimpleLegal maintains a process for obtaining commitments from vendors and other third parties to report to SimpleLegal actual or suspected unauthorized disclosures of personal information.', 'control_test': 'For all third-party sub-processors, inspected signed agreements to verify whether SimpleLegal obtained commitments from third parties to report unauthorized disclosures of personal information.', 'control_test_results': 'No exceptions noted.', 'control_page_ref': 51, 'control_line_ref': None, 'control_seq': 173, 'control_tsc_id': 'P3.2', 'control_coso_id': '8', 'control_tsc_similarity': 0.846726731383551, 'control_coso_similarity': 0.801039865143939, 'control_tsc_confidence_pct': 92, 'control_coso_confidence_pct': 90, 'control_closest_framework': 'TSC', 'control_tsc_section': None, 'control_coso_section': 'Risk Assessment (6-9)', 'control_soc_domain': 'Risk Assessment'}, {'control_id': 'P6.4.2', 'control_desc': 'SimpleLegal takes remedial action in response to misuse of personal information by a third party to whom SimpleLegal has transferred such information.', 'control_test': 'For all incidents that occurred during the period, inspected the incident ticket to verify whether SimpleLegal took remedial action in response to misuse of personal information by a third party to whom SimpleLegal has transferred such information.', 'control_test_results': 'No exceptions noted.', 'control_page_ref': 51, 'control_line_ref': None, 'control_seq': 174, 'control_tsc_id': 'P9.1', 'control_coso_id': '17', 'control_tsc_similarity': 0.8371717083931075, 'control_coso_similarity': 0.7707187208786743, 'control_tsc_confidence_pct': 92, 'control_coso_confidence_pct': 89, 'control_closest_framework': 'TSC', 'control_tsc_section': None, 'control_coso_section': 'Monitoring Activities (16-17)', 'control_soc_domain': 'Monitoring Activities'}, {'control_id': 'P6.4.2', 'control_desc': 'SimpleLegal takes remedial action in response to misuse of personal information by a third party to whom SimpleLegal has transferred such information.', 'control_test': 'For all incidents that occurred during the period, inspected the incident ticket to verify whether SimpleLegal took remedial action in response to misuse of personal information by a third party to whom SimpleLegal has transferred such information.', 'control_test_results': 'No exceptions noted.', 'control_page_ref': None, 'control_line_ref': None, 'control_seq': 187, 'control_tsc_id': 'P9.1', 'control_coso_id': '17', 'control_tsc_similarity': 0.8371717083931075, 'control_coso_similarity': 0.7707187208786743, 'control_tsc_confidence_pct': 92, 'control_coso_confidence_pct': 89, 'control_closest_framework': 'TSC', 'control_tsc_section': None, 'control_coso_section': 'Monitoring Activities (16-17)', 'control_soc_domain': 'Monitoring Activities'}, {'control_id': 'P6.4.3', 'control_desc': 'SimpleLegal has procedures in place to evaluate whether third parties have effective controls to meet the terms of privacy agreements, instructions, or requirements.', 'control_test': 'For all existing high-risk vendors, inspected the completed security review documentation and collected reports to verify whether SimpleLegal had reviewed SOC 2 reports, SOC 3 reports, ISO 27001 ce', 'control_test_results': None, 'control_page_ref': None, 'control_line_ref': None, 'control_seq': 175, 'control_tsc_id': 'P10.1', 'control_coso_id': '15', 'control_tsc_similarity': 0.8707728059849994, 'control_coso_similarity': 0.8184325907383576, 'control_tsc_confidence_pct': 94, 'control_coso_confidence_pct': 91, 'control_closest_framework': 'TSC', 'control_tsc_section': None, 'control_coso_section': 'Information & Communication (13-15)', 'control_soc_domain': 'Information and Communication'}, {'control_id': 'P6.4.3', 'control_desc': 'SimpleLegal has procedures in place to evaluate whether third parties have effective controls to meet the terms of privacy agreements, instructions, or requirements.', 'control_test': 'For all existing high-risk vendors, inspected the completed security review documentation and collected reports to verify whether SimpleLegal had reviewed SOC 2 reports, SOC 3 reports, ISO 27001 certifications, and/or responses to information security questionnaires.', 'control_test_results': 'Per inspection of the vendor list and inquiry of management, noted there were no new vendors onboarded during the period. Therefore, further testing was not applicable. No exceptions noted.', 'control_page_ref': None, 'control_line_ref': None, 'control_seq': 188, 'control_tsc_id': 'P10.1', 'control_coso_id': '15', 'control_tsc_similarity': 0.8707728059849994, 'control_coso_similarity': 0.8184325907383576, 'control_tsc_confidence_pct': 94, 'control_coso_confidence_pct': 91, 'control_closest_framework': 'TSC', 'control_tsc_section': None, 'control_coso_section': 'Information & Communication (13-15)', 'control_soc_domain': 'Information and Communication'}, {'control_id': 'P6.5.1', 'control_desc': 'SimpleLegal maintains a process for obtaining commitments from vendors and other third parties to report to SimpleLegal actual or suspected unauthorized disclosures of personal information.', 'control_test': 'For all third-party sub-processors, inspected the signed agreements to verify whether they included commitments to inform SimpleLegal of actual or suspected unauthorized disclosures.', 'control_test_results': 'No exceptions noted.', 'control_page_ref': None, 'control_line_ref': None, 'control_seq': 189, 'control_tsc_id': 'P3.2', 'control_coso_id': '8', 'control_tsc_similarity': 0.846726731383551, 'control_coso_similarity': 0.801039865143939, 'control_tsc_confidence_pct': 92, 'control_coso_confidence_pct': 90, 'control_closest_framework': 'TSC', 'control_tsc_section': None, 'control_coso_section': 'Risk Assessment (6-9)', 'control_soc_domain': 'Risk Assessment'}, {'control_id': 'P6.5.2', 'control_desc': 'SimpleLegal takes remedial action in response to misuse of personal information by a third party to whom SimpleLegal has transferred such information.', 'control_test': 'For all third-party sub-processors, inspected the contractual agreements to verify whether they included commitments to inform SimpleLegal of actual or suspected unauthorized disclosures. For all incidents that occurred during the period, inspected the incident ticket to verify whether SimpleLegal took remedial action in response to misuse of personal information by a third party to whom SimpleLegal has transferred such information.', 'control_test_results': 'No exceptions noted.', 'control_page_ref': None, 'control_line_ref': None, 'control_seq': 190, 'control_tsc_id': 'P9.1', 'control_coso_id': '17', 'control_tsc_similarity': 0.8371717083931075, 'control_coso_similarity': 0.7707187208786743, 'control_tsc_confidence_pct': 92, 'control_coso_confidence_pct': 89, 'control_closest_framework': 'TSC', 'control_tsc_section': None, 'control_coso_section': 'Monitoring Activities (16-17)', 'control_soc_domain': 'Monitoring Activities'}, {'control_id': 'P6.5.2', 'control_desc': 'SimpleLegal takes remedial action in response to misuse of personal information by a third party to whom SimpleLegal has transferred such information.', 'control_test': 'For all third-party sub-processors, inspected the contractual agreements to verify whether they included commitments to inform SimpleLegal of actual or suspected unauthorized disclosures. For all incidents that occurred during the period, inspected the incident ticket to verify whether SimpleLegal took remedial action in response to misuse of personal information by a third party to whom SimpleLegal has transferred such information.', 'control_test_results': 'No exceptions noted.', 'control_page_ref': 52, 'control_line_ref': 6, 'control_seq': 191, 'control_tsc_id': 'P9.1', 'control_coso_id': '17', 'control_tsc_similarity': 0.8371717083931075, 'control_coso_similarity': 0.7707187208786743, 'control_tsc_confidence_pct': 92, 'control_coso_confidence_pct': 89, 'control_closest_framework': 'TSC', 'control_tsc_section': None, 'control_coso_section': 'Monitoring Activities (16-17)', 'control_soc_domain': 'Monitoring Activities'}, {'control_id': 'P6.6.1', 'control_desc': 'SimpleLegal maintains a process for determining whether notification of a privacy breach is required, including the method to be used, the timeline, and the identification of the recipients of such notifications.', 'control_test': 'Inspected the SimpleLegal Privacy Policy and Breach Notification Policy to verify whether the Company maintained a process for determining whether privacy breach notifications were required.', 'control_test_results': 'No exceptions noted.', 'control_page_ref': None, 'control_line_ref': None, 'control_seq': 192, 'control_tsc_id': 'P2.1', 'control_coso_id': '17', 'control_tsc_similarity': 0.8634666636197476, 'control_coso_similarity': 0.7873811047885124, 'control_tsc_confidence_pct': 93, 'control_coso_confidence_pct': 89, 'control_closest_framework': 'TSC', 'control_tsc_section': 'Privacy (P1.1 - P6.1)', 'control_coso_section': 'Monitoring Activities (16-17)', 'control_soc_domain': 'Monitoring Activities'}, {'control_id': 'P6.6.2', 'control_desc': 'SimpleLegal maintains a process for providing notice of breaches and incidents to affected data subjects, regulators, and others to support the achievement of its objectives related to privacy.', 'control_test': 'Inspected the SimpleLegal Privacy Policy and Breach Notification Policy to verify whether the Company maintained a process for providing breach notifications and incidents to affected parties.', 'control_test_results': 'No exceptions noted.', 'control_page_ref': None, 'control_line_ref': None, 'control_seq': 193, 'control_tsc_id': 'P2.1', 'control_coso_id': '15', 'control_tsc_similarity': 0.8778879065411277, 'control_coso_similarity': 0.8057029267822109, 'control_tsc_confidence_pct': 94, 'control_coso_confidence_pct': 90, 'control_closest_framework': 'TSC', 'control_tsc_section': 'Privacy (P1.1 - P6.1)', 'control_coso_section': 'Information & Communication (13-15)', 'control_soc_domain': 'Information and Communication'}, {'control_id': 'P6.7.1', 'control_desc': 'SimpleLegal identifies the types of personal information and the related processes, systems, and third parties involved in the handling of such information.', 'control_test': 'For all third-party sub-processors, inspected the contractual agreements to verify whether commitments were obtained to notify SimpleLegal in the event of an actual or suspected unauthorized disclosure of personal information. Inspected the SimpleLegal Privacy Policy to verify whether it provided an objective description of the personal information that SimpleLegal has collected.', 'control_test_results': 'No exceptions noted.', 'control_page_ref': None, 'control_line_ref': None, 'control_seq': 194, 'control_tsc_id': 'P3.1', 'control_coso_id': '13', 'control_tsc_similarity': 0.856361656656652, 'control_coso_similarity': 0.7846496031601573, 'control_tsc_confidence_pct': 93, 'control_coso_confidence_pct': 89, 'control_closest_framework': 'TSC', 'control_tsc_section': 'Privacy (P1.1 - P6.1)', 'control_coso_section': 'Information & Communication (13-15)', 'control_soc_domain': 'Information and Communication'}, {'control_id': 'P6.7.1', 'control_desc': 'SimpleLegal identifies the types of personal information and the related processes, systems, and third parties involved in the handling of such information.', 'control_test': 'Inspected the contractual agreements to verify whether commitments were obtained to notify SimpleLegal in the event of an actual or suspected unauthorized disclosure of personal information. Inspected the SimpleLegal Privacy Policy to verify whether it provided an objective description of the personal information that SimpleLegal has collected.', 'control_test_results': 'No exceptions noted.', 'control_page_ref': 53, 'control_line_ref': 7, 'control_seq': 195, 'control_tsc_id': 'P3.1', 'control_coso_id': '13', 'control_tsc_similarity': 0.856361656656652, 'control_coso_similarity': 0.7846496031601573, 'control_tsc_confidence_pct': 93, 'control_coso_confidence_pct': 89, 'control_closest_framework': 'TSC', 'control_tsc_section': 'Privacy (P1.1 - P6.1)', 'control_coso_section': 'Information & Communication (13-15)', 'control_soc_domain': 'Information and Communication'}, {'control_id': 'P6.7.2', 'control_desc': 'Requests for an accounting of personal information held and disclosures of the data subjects’ personal information are captured by SimpleLegal, and information related to the requests is identified and communicated to data subjects to support the achievement of SimpleLegal’s privacy objectives.', 'control_test': 'Inspected procedure documentation for processing privacy requests to verify whether specific data and data locations were defined for processing data subject requests.', 'control_test_results': 'No exceptions noted.', 'control_page_ref': 53, 'control_line_ref': 23, 'control_seq': 196, 'control_tsc_id': 'P5.1', 'control_coso_id': '13', 'control_tsc_similarity': 0.8572871931278923, 'control_coso_similarity': 0.7720784392259054, 'control_tsc_confidence_pct': 93, 'control_coso_confidence_pct': 89, 'control_closest_framework': 'TSC', 'control_tsc_section': 'Privacy (P1.1 - P6.1)', 'control_coso_section': 'Information & Communication (13-15)', 'control_soc_domain': 'Information and Communication'}, {'control_id': 'P7.1.1', 'control_desc': 'SimpleLegal ensures that personal information is accurate and complete for the purposes for which it is to be used.', 'control_test': 'Inspected the SimpleLegal Privacy Policy to verify whether it defined limitations on the use and retention of personal information. Inspected the organizational chart and inquired of the General Counsel to verify whether a legal and compliance team is in place to evaluate the methods by which personal information is collected.', 'control_test_results': 'No exceptions noted.', 'control_page_ref': 53, 'control_line_ref': 53, 'control_seq': 197, 'control_tsc_id': 'P5.1', 'control_coso_id': '13', 'control_tsc_similarity': 0.8582661278747948, 'control_coso_similarity': 0.7859904552752888, 'control_tsc_confidence_pct': 93, 'control_coso_confidence_pct': 89, 'control_closest_framework': 'TSC', 'control_tsc_section': 'Privacy (P1.1 - P6.1)', 'control_coso_section': 'Information & Communication (13-15)', 'control_soc_domain': 'Information and Communication'}, {'control_id': 'P7.1.2', 'control_desc': 'SimpleLegal ensures that personal information is relevant to the purposes for which it is to be used.', 'control_test': 'Inspected the SimpleLegal Privacy Policy to verify whether it defined limitations on the use and retention of personal information. Inspected the organizational chart and inquired of the General Counsel to verify whether a legal and compliance team is in place to evaluate the methods by which personal information is collected.', 'control_test_results': 'No exceptions noted.', 'control_page_ref': 53, 'control_line_ref': 71, 'control_seq': 198, 'control_tsc_id': 'P4.1', 'control_coso_id': '13', 'control_tsc_similarity': 0.8609520613423566, 'control_coso_similarity': 0.7965824980940591, 'control_tsc_confidence_pct': 93, 'control_coso_confidence_pct': 90, 'control_closest_framework': 'TSC', 'control_tsc_section': 'Privacy (P1.1 - P6.1)', 'control_coso_section': 'Information & Communication (13-15)', 'control_soc_domain': 'Information and Communication'}, {'control_id': 'P7.1.2', 'control_desc': 'SimpleLegal ensures that personal information is relevant to the purposes for which it is to be used.', 'control_test': 'Inspected the SimpleLegal Privacy Policy to verify whether it defined limitations on the use and retention of personal information.', 'control_test_results': 'No exceptions noted.', 'control_page_ref': None, 'control_line_ref': None, 'control_seq': 199, 'control_tsc_id': 'P4.1', 'control_coso_id': '13', 'control_tsc_similarity': 0.8609520613423566, 'control_coso_similarity': 0.7965824980940591, 'control_tsc_confidence_pct': 93, 'control_coso_confidence_pct': 90, 'control_closest_framework': 'TSC', 'control_tsc_section': 'Privacy (P1.1 - P6.1)', 'control_coso_section': 'Information & Communication (13-15)', 'control_soc_domain': 'Information and Communication'}, {'control_id': 'P8.1.1', 'control_desc': 'SimpleLegal informs data subjects about how to contact them with inquiries, complaints, and disputes.', 'control_test': 'Inspected the SimpleLegal website to verify whether contact information was available for general inquiries, customer support, partnerships, and public relations.', 'control_test_results': 'No exceptions noted.', 'control_page_ref': None, 'control_line_ref': None, 'control_seq': 200, 'control_tsc_id': 'P2.1', 'control_coso_id': '15', 'control_tsc_similarity': 0.8657653981474985, 'control_coso_similarity': 0.7902534338531004, 'control_tsc_confidence_pct': 93, 'control_coso_confidence_pct': 90, 'control_closest_framework': 'TSC', 'control_tsc_section': 'Privacy (P1.1 - P6.1)', 'control_coso_section': 'Information & Communication (13-15)', 'control_soc_domain': 'Information and Communication'}, {'control_id': 'P8.1.2', 'control_desc': 'SimpleLegal maintains a process to address inquiries, complaints, and disputes.', 'control_test': 'Inspected procedure documentation for processing privacy requests to verify whether SimpleLegal had a process in place to address inquiries, complaints, and disputes.', 'control_test_results': 'No exceptions noted.', 'control_page_ref': None, 'control_line_ref': None, 'control_seq': 201, 'control_tsc_id': 'P5.1', 'control_coso_id': '1', 'control_tsc_similarity': 0.8301559356560503, 'control_coso_similarity': 0.7911472465059569, 'control_tsc_confidence_pct': 92, 'control_coso_confidence_pct': 90, 'control_closest_framework': 'TSC', 'control_tsc_section': 'Privacy (P1.1 - P6.1)', 'control_coso_section': 'Control Environment (1-5)', 'control_soc_domain': 'Control Environment'}, {'control_id': 'P8.1.3', 'control_desc': 'SimpleLegal addresses each complaint, and the resolution is documented and communicated to the individual.', 'control_test': 'Inspected procedure documentation for processing privacy requests to verify whether specific data and data locations were defined for processing data subject requests.', 'control_test_results': 'No exceptions noted.', 'control_page_ref': 54, 'control_line_ref': None, 'control_seq': 202, 'control_tsc_id': 'P5.1', 'control_coso_id': '17', 'control_tsc_similarity': 0.8148496029872986, 'control_coso_similarity': 0.7996329901504838, 'control_tsc_confidence_pct': 91, 'control_coso_confidence_pct': 90, 'control_closest_framework': 'TSC', 'control_tsc_section': 'Privacy (P1.1 - P6.1)', 'control_coso_section': 'Monitoring Activities (16-17)', 'control_soc_domain': 'Monitoring Activities'}, {'control_id': None, 'control_desc': 'verify whether the Board of Directors met on a quarterly basis to discuss Company performance, strategic objectives, and information security matters.', 'control_test': None, 'control_test_results': 'No exceptions noted.', 'control_page_ref': None, 'control_line_ref': None, 'control_seq': 15, 'control_tsc_id': 'CC2.1', 'control_coso_id': '2', 'control_tsc_similarity': 0.8423296015698406, 'control_coso_similarity': 0.8423296015698406, 'control_tsc_confidence_pct': 92, 'control_coso_confidence_pct': 92, 'control_closest_framework': 'Equal', 'control_tsc_section': 'Risk Assessment (CC2.1 - CC2.4)', 'control_coso_section': 'Control Environment (1-5)', 'control_soc_domain': 'Control Environment'}, {'control_id': None, 'control_desc': 'For all existing high-risk vendors, inspected the completed security review documentation and collected reports to verify whether SimpleLegal had reviewed SOC 2 reports, SOC 3 reports, ISO 27001 certifications, and/or responses to information security questionnaires.', 'control_test': 'Inspected the completed security review documentation and collected reports to verify compliance with SOC 2 reports, SOC 3 reports, ISO 27001 certifications, and/or responses to information security questionnaires.', 'control_test_results': 'No exceptions noted.', 'control_page_ref': 43, 'control_line_ref': None, 'control_seq': 123, 'control_tsc_id': 'C1.6', 'control_coso_id': '9', 'control_tsc_similarity': 0.8058914611071478, 'control_coso_similarity': 0.8083905618895071, 'control_tsc_confidence_pct': 90, 'control_coso_confidence_pct': 90, 'control_closest_framework': 'COSO', 'control_tsc_section': None, 'control_coso_section': 'Risk Assessment (6-9)', 'control_soc_domain': 'Risk Assessment'}, {'control_id': None, 'control_desc': 'updated business continuity and disaster recovery plans that guide the organization in how to respond to and recover from disruptions in networks, systems, and internal operations. The plans are tested on an annual basis.', 'control_test': 'Inspected the Business Continuity and Disaster Recovery Plans to verify whether they provided comprehensive instructions on how to respond and recover from disruptions in networks, systems, and internal operations.', 'control_test_results': 'No exceptions noted.', 'control_page_ref': None, 'control_line_ref': None, 'control_seq': 149, 'control_tsc_id': 'A1.2', 'control_coso_id': '9', 'control_tsc_similarity': 0.806183212162416, 'control_coso_similarity': 0.8160697114955596, 'control_tsc_confidence_pct': 90, 'control_coso_confidence_pct': 91, 'control_closest_framework': 'COSO', 'control_tsc_section': 'Availability (A1.1 - A1.3)', 'control_coso_section': 'Risk Assessment (6-9)', 'control_soc_domain': 'Risk Assessment'}]
2025-07-01 15:22:34,132 DEBUG close.started
2025-07-01 15:22:34,133 DEBUG close.complete
2025-07-01 15:22:34,133 DEBUG close.started
2025-07-01 15:22:34,133 DEBUG close.complete
2025-07-01 15:22:34,133 DEBUG close.started
2025-07-01 15:22:34,133 DEBUG close.complete
2025-07-01 15:22:34,133 DEBUG close.started
2025-07-01 15:22:34,133 DEBUG close.complete
2025-07-01 15:22:34,133 DEBUG close.started
2025-07-01 15:22:34,134 DEBUG close.complete
