CHUNK 3 PROMPT:
You are an expert at reading SOC reports. Given the following text, extract all controls tested. Controls may be listed under section headings (such as COSO or TSC sections), and control IDs may appear in many formats: e.g., 'CC9.1', 'CC 9.1', 'CC.9.1', '9.1', or as a section like 'CC9.0' with controls listed as 1, 2, 3, etc. Do your best to distinguish between section IDs and control IDs, and capture the most specific control ID for each control. For each control, extract the following fields as accurately as possible: 
- control_id: (string, the control's unique identifier as shown in the report, or null if not found)
- control_desc: (string, the description of the control—what the company is supposed to comply with)
- control_test: (string, what the auditor tested to determine design and operating effectiveness)
- control_test_results: (string, the results of the test, e.g., 'No exceptions noted', 'No deviations noted', or a description of any exceptions or findings)
- control_page_ref: (int, page number if available, else null)
- control_line_ref: (int, line number in the text where the control was found)
If you cannot find a value, use null. Output a JSON array, one object per control. Do not include any explanation, markdown, or extra text.
Text:
on an annual basis. 
For a selection of active personnel during the period, 
inspected completed performance evaluations to verify 
whether each individual received a formalized performance 
evaluation during the period which incorporated internal 
control responsibilities. 
No exceptions noted. 
=== PAGE 28 ===

28 
Control # 
Control Activity Specified by SimpleLegal 
Boulay’s Test of Controls 
Test Results 
Communication and Information 
CC2.1 COSO Principle 13: The entity obtains or generates and uses relevant, quality information to support the functioning of internal control. 
CC2.1.1 
SimpleLegal’s mission-critical systems and sensitive 
information are identified as part of their asset inventory, 
which includes capturing internal and external sources of 
data.  
Inspected the AWS dashboard and Jamf inventory report to 
verify whether SimpleLegal had identified its mission-critical 
systems and sources of sensitive information. 
No exceptions noted. 
CC2.1.2 
SimpleLegal maintains an updated cloud architecture 
diagram outlining how data is processed and secured 
within AWS. 
Inspected SimpleLegal's cloud architecture diagrams to 
verify whether they provided a comprehensive illustration of 
the AWS architecture and how data is processed and 
secured. 
No exceptions noted. 
CC2.2 COSO Principle 14: The entity internally communicates information, including objectives and responsibilities for internal control, necessary to support the 
functioning of internal control. 
CC2.2.1 
SimpleLegal maintains updated policies and procedures 
that enable all personnel to understand and carry out 
their internal control responsibilities, including ensuring 
confidentiality, integrity, and availability of all systems 
and data. These policies and procedures are accessible 
to all personnel and are acknowledged upon hire. 
Inspected the collection of organizational policies and 
procedures to verify whether they outlined roles and 
responsibilities around internal control performance.  
Inspected the internal shared folder to verify whether up-to-
date policies and procedures were available to all 
SimpleLegal personnel. 
For all new hires during the period, inspected the signed 
handbook to verify whether each individual had 
acknowledged and accepted the organizational policies and 
procedures. 
No exceptions noted. 
CC2.2.2 
SimpleLegal employees are required to complete 
information security awareness training upon hire and on 
at least an annual basis thereafter. 
For all new hires during the period, inspected security 
training completion certificates to verify whether training was 
completed upon hire. 
For a selection of active personnel during the period, 
inspected security training completion certificates to verify 
whether training was completed annually. 
No exceptions noted. 
CC2.2.3 
SimpleLegal provides a process for employees and 
contractors to report security failures, in

RESPONSE:
[
    {
        "control_id": "CC2.1.1",
        "control_desc": "SimpleLegal’s mission-critical systems and sensitive information are identified as part of their asset inventory, which includes capturing internal and external sources of data.",
        "control_test": "Inspected the AWS dashboard and Jamf inventory report to verify whether SimpleLegal had identified its mission-critical systems and sources of sensitive information.",
        "control_test_results": "No exceptions noted.",
        "control_page_ref": 28,
        "control_line_ref": 10
    },
    {
        "control_id": "CC2.1.2",
        "control_desc": "SimpleLegal maintains an updated cloud architecture diagram outlining how data is processed and secured within AWS.",
        "control_test": "Inspected SimpleLegal's cloud architecture diagrams to verify whether they provided a comprehensive illustration of the AWS architecture and how data is processed and secured.",
        "control_test_results": "No exceptions noted.",
        "control_page_ref": 28,
        "control_line_ref": 20
    },
    {
        "control_id": "CC2.2.1",
        "control_desc": "SimpleLegal maintains updated policies and procedures that enable all personnel to understand and carry out their internal control responsibilities, including ensuring confidentiality, integrity, and availability of all systems and data. These policies and procedures are accessible to all personnel and are acknowledged upon hire.",
        "control_test": "Inspected the collection of organizational policies and procedures to verify whether they outlined roles and responsibilities around internal control performance. Inspected the internal shared folder to verify whether up-to-date policies and procedures were available to all SimpleLegal personnel. For all new hires during the period, inspected the signed handbook to verify whether each individual had acknowledged and accepted the organizational policies and procedures.",
        "control_test_results": "No exceptions noted.",
        "control_page_ref": 28,
        "control_line_ref": 38
    },
    {
        "control_id": "CC2.2.2",
        "control_desc": "SimpleLegal employees are required to complete information security awareness training upon hire and on at least an annual basis thereafter.",
        "control_test": "For all new hires during the period, inspected security training completion certificates to verify whether training was completed upon hire. For a selection of active personnel during the period, inspected security training completion certificates to verify whether training was completed annually.",
        "control_test_results": "No exceptions noted.",
        "control_page_ref": 28,
        "control_line_ref": 56
    }
]
---
CHUNK 2 PROMPT:
You are an expert at reading SOC reports. Given the following text, extract all controls tested. Controls may be listed under section headings (such as COSO or TSC sections), and control IDs may appear in many formats: e.g., 'CC9.1', 'CC 9.1', 'CC.9.1', '9.1', or as a section like 'CC9.0' with controls listed as 1, 2, 3, etc. Do your best to distinguish between section IDs and control IDs, and capture the most specific control ID for each control. For each control, extract the following fields as accurately as possible: 
- control_id: (string, the control's unique identifier as shown in the report, or null if not found)
- control_desc: (string, the description of the control—what the company is supposed to comply with)
- control_test: (string, what the auditor tested to determine design and operating effectiveness)
- control_test_results: (string, the results of the test, e.g., 'No exceptions noted', 'No deviations noted', or a description of any exceptions or findings)
- control_page_ref: (int, page number if available, else null)
- control_line_ref: (int, line number in the text where the control was found)
If you cannot find a value, use null. Output a JSON array, one object per control. Do not include any explanation, markdown, or extra text.
Text:
sent to 
communicate important information security events to 
management and the Board of Directors. 
No exceptions noted. 
CC1.4 COSO Principle 4: The entity demonstrates a commitment to attract, develop, and retain competent individuals in alignment with objectives. 
CC1.4.1 
All positions have a detailed job description that lists 
qualifications, such as required skills and experience, 
which candidates must meet in order to be hired by 
SimpleLegal.  
Inspected the Onit careers website to verify whether open 
positions had job descriptions that listed the qualifications 
Onit was seeking for the role. 
No exceptions noted. 
CC1.4.2 
SimpleLegal performs background checks on new 
employees prior to hire, as permitted by local laws. The 
results are reviewed by Human Resources and 
appropriate action is taken if deemed necessary. 
For all new hires during the period, inspected the completed 
background check report to verify whether each individual 
had a comprehensive background check performed prior to 
their starting date, as permitted by local laws. 
No exceptions noted. 
CC1.4.3 
Executive management holds monthly meetings that 
include analyzing the competency of its staff against the 
required business objectives and forecasted growth to 
determine whether additional resources are necessary. 
For a selection of months, inspected executive leadership 
meeting invitations and agendas to verify whether they 
included discussions regarding human resources. 
No exceptions noted. 
CC1.5 COSO Principle 5: The entity holds individuals accountable for their internal control responsibilities in the pursuit of objectives. 
CC1.5.1 
SimpleLegal maintains formalized performance 
expectations for each position and uses these 
expectations as a basis for evaluating the performance 
of each of its employees. These performance 
evaluations, which incorporate internal control 
responsibilities, are completed on an annual basis. 
For a selection of active personnel during the period, 
inspected completed performance evaluations to verify 
whether each individual received a formalized performance 
evaluation during the period which incorporated internal 
control responsibilities. 
No exceptions noted. 
=== PAGE 28 ===

28 
Control # 
Control Activity Specified by SimpleLegal 
Boulay’s Test of Controls 
Test Results 
Communication and Information 
CC2.1 COSO Principle 13: The entity obtains or generates and uses relevant, quality information to support the functioning of internal control. 
CC2.1.1 
SimpleLegal’s mission-critical systems and sensitive 
information are identified as part of their asset inventory, 
which includes capturing internal and external sources of 
data.  
Inspected the AWS dashboard and Jamf inventory report to 
verify whether SimpleLegal had identified its mission-critical 
systems and sources of sensitive information. 
No exceptions noted. 
CC2.1.2 
SimpleLegal mainta

RESPONSE:
[
    {
        "control_id": "CC1.4.1",
        "control_desc": "All positions have a detailed job description that lists qualifications, such as required skills and experience, which candidates must meet in order to be hired by SimpleLegal.",
        "control_test": "Inspected the Onit careers website to verify whether open positions had job descriptions that listed the qualifications Onit was seeking for the role.",
        "control_test_results": "No exceptions noted.",
        "control_page_ref": null,
        "control_line_ref": null
    },
    {
        "control_id": "CC1.4.2",
        "control_desc": "SimpleLegal performs background checks on new employees prior to hire, as permitted by local laws. The results are reviewed by Human Resources and appropriate action is taken if deemed necessary.",
        "control_test": "For all new hires during the period, inspected the completed background check report to verify whether each individual had a comprehensive background check performed prior to their starting date, as permitted by local laws.",
        "control_test_results": "No exceptions noted.",
        "control_page_ref": null,
        "control_line_ref": null
    },
    {
        "control_id": "CC1.4.3",
        "control_desc": "Executive management holds monthly meetings that include analyzing the competency of its staff against the required business objectives and forecasted growth to determine whether additional resources are necessary.",
        "control_test": "For a selection of months, inspected executive leadership meeting invitations and agendas to verify whether they included discussions regarding human resources.",
        "control_test_results": "No exceptions noted.",
        "control_page_ref": null,
        "control_line_ref": null
    },
    {
        "control_id": "CC1.5.1",
        "control_desc": "SimpleLegal maintains formalized performance expectations for each position and uses these expectations as a basis for evaluating the performance of each of its employees. These performance evaluations, which incorporate internal control responsibilities, are completed on an annual basis.",
        "control_test": "For a selection of active personnel during the period, inspected completed performance evaluations to verify whether each individual received a formalized performance evaluation during the period which incorporated internal control responsibilities.",
        "control_test_results": "No exceptions noted.",
        "control_page_ref": null,
        "control_line_ref": null
    },
    {
        "control_id": "CC2.1.1",
        "control_desc": "SimpleLegal’s mission-critical systems and sensitive information are identified as part of their asset inventory, which includes capturing internal and external sources of data.",
        "control_test": "Inspected the AWS dashboard and Jamf inventory report to verify whether SimpleLegal had identified its mission-critical systems and sources of sensitive information.",
        "control_test_results": "No exceptions noted.",
        "control_page_ref": 28,
        "control_line_ref": null
    }
]
---
CHUNK 4 PROMPT:
You are an expert at reading SOC reports. Given the following text, extract all controls tested. Controls may be listed under section headings (such as COSO or TSC sections), and control IDs may appear in many formats: e.g., 'CC9.1', 'CC 9.1', 'CC.9.1', '9.1', or as a section like 'CC9.0' with controls listed as 1, 2, 3, etc. Do your best to distinguish between section IDs and control IDs, and capture the most specific control ID for each control. For each control, extract the following fields as accurately as possible: 
- control_id: (string, the control's unique identifier as shown in the report, or null if not found)
- control_desc: (string, the description of the control—what the company is supposed to comply with)
- control_test: (string, what the auditor tested to determine design and operating effectiveness)
- control_test_results: (string, the results of the test, e.g., 'No exceptions noted', 'No deviations noted', or a description of any exceptions or findings)
- control_page_ref: (int, page number if available, else null)
- control_line_ref: (int, line number in the text where the control was found)
If you cannot find a value, use null. Output a JSON array, one object per control. Do not include any explanation, markdown, or extra text.
Text:
ey outlined roles and 
responsibilities around internal control performance.  
Inspected the internal shared folder to verify whether up-to-
date policies and procedures were available to all 
SimpleLegal personnel. 
For all new hires during the period, inspected the signed 
handbook to verify whether each individual had 
acknowledged and accepted the organizational policies and 
procedures. 
No exceptions noted. 
CC2.2.2 
SimpleLegal employees are required to complete 
information security awareness training upon hire and on 
at least an annual basis thereafter. 
For all new hires during the period, inspected security 
training completion certificates to verify whether training was 
completed upon hire. 
For a selection of active personnel during the period, 
inspected security training completion certificates to verify 
whether training was completed annually. 
No exceptions noted. 
CC2.2.3 
SimpleLegal provides a process for employees and 
contractors to report security failures, incidents and 
concerns, and other complaints to management.  
Inspected the Incident Reporting and Response Policy to 
verify whether it provided a process for employees and 
contractors to report security failures, incidents and 
concerns, and other complaints to management. 
No exceptions noted. 
=== PAGE 29 ===

29 
Control # 
Control Activity Specified by SimpleLegal 
Boulay’s Test of Controls 
Test Results 
CC2.3 COSO Principle 15: The entity communicates with external parties regarding matters affecting the functioning of internal control. 
CC2.3.1 
SimpleLegal enables inbound communications from 
customers and other stakeholders by maintaining contact 
information on their website for general inquiries, 
customer support, partnerships, and public relations. 
Inspected the SimpleLegal website to verify whether contact 
information was available for general inquiries, customer 
support, partnerships, and public relations. 
Inspected a test submission to the SimpleLegal support 
channel to verify whether it was actively monitored and 
managed by the support team. 
No exceptions noted. 
CC2.3.2 
Objective descriptions of SimpleLegal’s system and its 
boundaries are available to authorized external users 
and customers.  
Inspected the Company website to verify whether objective 
descriptions of SimpleLegal’s system and its boundaries 
were available to authorized external users and customers. 
No exceptions noted. 
CC2.3.3 
SimpleLegal maintains an updated Terms of Service and 
Service Level Agreement on its website that 
communicates the Company's commitment to security, 
availability, and confidentiality to external users. 
Inspected the SimpleLegal Terms of Service and Service 
Level Agreement to verify whether it demonstrated the 
Company's security, availability, and confidentiality 
commitments. 
No exceptions noted. 
Risk Assessment 
CC3.1 COSO Principle 6: The entity specifies objectives with

RESPONSE:
[
    {
        "control_id": "CC2.2.2",
        "control_desc": "SimpleLegal employees are required to complete information security awareness training upon hire and on at least an annual basis thereafter.",
        "control_test": "For all new hires during the period, inspected security training completion certificates to verify whether training was completed upon hire. For a selection of active personnel during the period, inspected security training completion certificates to verify whether training was completed annually.",
        "control_test_results": "No exceptions noted.",
        "control_page_ref": 29,
        "control_line_ref": 0
    },
    {
        "control_id": "CC2.2.3",
        "control_desc": "SimpleLegal provides a process for employees and contractors to report security failures, incidents and concerns, and other complaints to management.",
        "control_test": "Inspected the Incident Reporting and Response Policy to verify whether it provided a process for employees and contractors to report security failures, incidents and concerns, and other complaints to management.",
        "control_test_results": "No exceptions noted.",
        "control_page_ref": null,
        "control_line_ref": null
    },
    {
        "control_id": "CC2.3.1",
        "control_desc": "SimpleLegal enables inbound communications from customers and other stakeholders by maintaining contact information on their website for general inquiries, customer support, partnerships, and public relations.",
        "control_test": "Inspected the SimpleLegal website to verify whether contact information was available for general inquiries, customer support, partnerships, and public relations. Inspected a test submission to the SimpleLegal support channel to verify whether it was actively monitored and managed by the support team.",
        "control_test_results": "No exceptions noted.",
        "control_page_ref": 29,
        "control_line_ref": 0
    },
    {
        "control_id": "CC2.3.2",
        "control_desc": "Objective descriptions of SimpleLegal’s system and its boundaries are available to authorized external users and customers.",
        "control_test": "Inspected the Company website to verify whether objective descriptions of SimpleLegal’s system and its boundaries were available to authorized external users and customers.",
        "control_test_results": "No exceptions noted.",
        "control_page_ref": null,
        "control_line_ref": null
    },
    {
        "control_id": "CC2.3.3",
        "control_desc": "SimpleLegal maintains an updated Terms of Service and Service Level Agreement on its website that communicates the Company's commitment to security, availability, and confidentiality to external users.",
        "control_test": "Inspected the SimpleLegal Terms of Service and Service Level Agreement to verify whether it demonstrated the Company's security, availability, and confidentiality commitments.",
        "control_test_results": "No exceptions noted.",
        "control_page_ref": null,
        "control_line_ref": null
    }
]
---
CHUNK 1 PROMPT:
You are an expert at reading SOC reports. Given the following text, extract all controls tested. Controls may be listed under section headings (such as COSO or TSC sections), and control IDs may appear in many formats: e.g., 'CC9.1', 'CC 9.1', 'CC.9.1', '9.1', or as a section like 'CC9.0' with controls listed as 1, 2, 3, etc. Do your best to distinguish between section IDs and control IDs, and capture the most specific control ID for each control. For each control, extract the following fields as accurately as possible: 
- control_id: (string, the control's unique identifier as shown in the report, or null if not found)
- control_desc: (string, the description of the control—what the company is supposed to comply with)
- control_test: (string, what the auditor tested to determine design and operating effectiveness)
- control_test_results: (string, the results of the test, e.g., 'No exceptions noted', 'No deviations noted', or a description of any exceptions or findings)
- control_page_ref: (int, page number if available, else null)
- control_line_ref: (int, line number in the text where the control was found)
If you cannot find a value, use null. Output a JSON array, one object per control. Do not include any explanation, markdown, or extra text.
Text:
 verify 
whether the Board of Directors met on a quarterly basis to 
discuss Company performance, strategic objectives, and 
information security matters. 
No exceptions noted. 
CC1.3 COSO Principle 3: Management establishes, with board oversight, structures, reporting lines, and appropriate authorities and responsibilities in the pursuit of 
objectives. 
CC1.3.1 
SimpleLegal maintains an updated organizational chart 
that establishes structure, reporting lines, and delegation 
of authority and responsibility across the Company. 
Inspected the organizational chart to verify whether it 
established the structure, reporting lines, and delegation of 
authority and responsibility across the Company. 
No exceptions noted. 
CC1.3.2 
SimpleLegal’s executive leadership meets on a monthly 
basis to discuss operations, issues relating to internal 
controls, and delivery on key performance metrics. 
For a selection of months, inspected executive leadership 
meeting invitations and agendas to verify whether they 
included discussions regarding operations, issues relating to 
internal controls, and delivery on key performance metrics. 
No exceptions noted. 
SECURITY 
=== PAGE 27 ===

27 
Control # 
Control Activity Specified by SimpleLegal 
Boulay’s Test of Controls 
Test Results 
CC1.3.3 
SimpleLegal has an assigned security team that is 
responsible for the design, implementation, and 
oversight of the Company’s security policies and 
procedures. The security team communicates important 
information security events to management and the 
Board of Directors in a timely manner. 
Inspected the Incident Reporting and Response Policy to 
verify whether a security team had been formally 
designated, along with clearly defined roles and 
responsibilities. 
For a selection of quarters during the period, inspected the 
Board of Directors meeting invitation and notes to verify 
whether a member of the security team was present to 
communicate important information security events to 
management and the Board of Directors. 
No exceptions noted. 
CC1.4 COSO Principle 4: The entity demonstrates a commitment to attract, develop, and retain competent individuals in alignment with objectives. 
CC1.4.1 
All positions have a detailed job description that lists 
qualifications, such as required skills and experience, 
which candidates must meet in order to be hired by 
SimpleLegal.  
Inspected the Onit careers website to verify whether open 
positions had job descriptions that listed the qualifications 
Onit was seeking for the role. 
No exceptions noted. 
CC1.4.2 
SimpleLegal performs background checks on new 
employees prior to hire, as permitted by local laws. The 
results are reviewed by Human Resources and 
appropriate action is taken if deemed necessary. 
For all new hires during the period, inspected the completed 
background check report to verify whether each individual 
had a comprehensive background c

RESPONSE:
[
    {
        "control_id": null,
        "control_desc": "verify whether the Board of Directors met on a quarterly basis to discuss Company performance, strategic objectives, and information security matters.",
        "control_test": null,
        "control_test_results": "No exceptions noted.",
        "control_page_ref": null,
        "control_line_ref": null
    },
    {
        "control_id": "CC1.3.1",
        "control_desc": "SimpleLegal maintains an updated organizational chart that establishes structure, reporting lines, and delegation of authority and responsibility across the Company.",
        "control_test": "Inspected the organizational chart to verify whether it established the structure, reporting lines, and delegation of authority and responsibility across the Company.",
        "control_test_results": "No exceptions noted.",
        "control_page_ref": null,
        "control_line_ref": null
    },
    {
        "control_id": "CC1.3.2",
        "control_desc": "SimpleLegal\u2019s executive leadership meets on a monthly basis to discuss operations, issues relating to internal controls, and delivery on key performance metrics.",
        "control_test": "For a selection of months, inspected executive leadership meeting invitations and agendas to verify whether they included discussions regarding operations, issues relating to internal controls, and delivery on key performance metrics.",
        "control_test_results": "No exceptions noted.",
        "control_page_ref": null,
        "control_line_ref": null
    },
    {
        "control_id": "CC1.3.3",
        "control_desc": "SimpleLegal has an assigned security team that is responsible for the design, implementation, and oversight of the Company\u2019s security policies and procedures. The security team communicates important information security events to management and the Board of Directors in a timely manner.",
        "control_test": "Inspected the Incident Reporting and Response Policy to verify whether a security team had been formally designated, along with clearly defined roles and responsibilities. For a selection of quarters during the period, inspected the Board of Directors meeting invitation and notes to verify whether a member of the security team was present to communicate important information security events to management and the Board of Directors.",
        "control_test_results": "No exceptions noted.",
        "control_page_ref": 27,
        "control_line_ref": 27
    },
    {
        "control_id": "CC1.4.1",
        "control_desc": "All positions have a detailed job description that lists qualifications, such as required skills and experience, which candidates must meet in order to be hired by SimpleLegal.",
        "control_test": "Inspected the Onit careers website to verify whether open positions had job descriptions that listed the qualifications Onit was seeking for the role.",
        "control_test_results": "No exceptions noted.",
        "control_page_ref": null,
        "control_line_ref": null
    },
    {
        "control_id": "CC1.4.2",
        "control_desc": "SimpleLegal performs background checks on new employees prior to hire, as permitted by local laws. The results are reviewed by Human Resources and appropriate action is taken if deemed necessary.",
        "control_test": "For all new hires during the period, inspected the completed background check report to verify whether each individual had a comprehensive background check.",
        "control_test_results": null,
        "control_page_ref": null,
        "control_line_ref": null
    }
]
---
CHUNK 8 PROMPT:
You are an expert at reading SOC reports. Given the following text, extract all controls tested. Controls may be listed under section headings (such as COSO or TSC sections), and control IDs may appear in many formats: e.g., 'CC9.1', 'CC 9.1', 'CC.9.1', '9.1', or as a section like 'CC9.0' with controls listed as 1, 2, 3, etc. Do your best to distinguish between section IDs and control IDs, and capture the most specific control ID for each control. For each control, extract the following fields as accurately as possible: 
- control_id: (string, the control's unique identifier as shown in the report, or null if not found)
- control_desc: (string, the description of the control—what the company is supposed to comply with)
- control_test: (string, what the auditor tested to determine design and operating effectiveness)
- control_test_results: (string, the results of the test, e.g., 'No exceptions noted', 'No deviations noted', or a description of any exceptions or findings)
- control_page_ref: (int, page number if available, else null)
- control_line_ref: (int, line number in the text where the control was found)
If you cannot find a value, use null. Output a JSON array, one object per control. Do not include any explanation, markdown, or extra text.
Text:
packages used in the 
Company’s infrastructure. System patching is performed 
on a periodic basis by the infrastructure team for proper 
vulnerability mitigation. 
For a selection of months during the period, inspected the 
Probely vulnerability scanning reports to verify whether 
SimpleLegal had implemented a vulnerability management 
program to detect and remediate system vulnerabilities in 
software packages. 
Per inspection of the Probely vulnerability scanning reports, 
noted that there were no vulnerabilities that required 
patching. Therefore, further testing was not applicable. 
No exceptions noted. 
CC4.1.4 
SimpleLegal uses intrusion detection systems that 
continuously monitor for malicious activity and 
unauthorized behavior related to AWS accounts, 
workloads, and data. 
Inspected the GuardDuty and CrowdStrike intrusion 
detection systems to verify whether they were implemented 
to monitor for malicious activity and unauthorized behavior 
related to AWS accounts, workloads, and data. 
No exceptions noted. 
CC4.1.5 
SimpleLegal has established a formalized phishing 
prevention and monitoring campaign to evaluate 
employee response to potential social engineering 
attacks. Personnel who fail the phishing simulations are 
subject to additional training.  
Inspected the Mimecast security platform to verify whether it 
was used to conduct phishing testing on SimpleLegal 
employees and contractors during the period. 
Inspected the post-failure training emails to verify whether 
additional security training was provided to personnel who 
failed phishing tests during the period. 
No exceptions noted. 
CC4.2 COSO Principle 17: The entity evaluates and communicates internal control deficiencies in a timely manner to those parties responsible for taking corrective 
action, including senior management and board of directors, as appropriate. 
CC4.2.1 
Management assesses the results of ongoing and 
separate evaluations. Deficiencies are communicated to 
relevant parties for corrective action, and management 
tracks whether the deficiencies are remediated in a 
timely manner. 
For all high severity findings from the penetration test, 
inspected the letter of attestation to verify whether 
SimpleLegal remediated the findings in a timely manner. 
Inspected the post-failure training emails to verify whether 
additional security training was provided to personnel who 
failed phishing tests during the period. 
Per inspection of the Probely vulnerability scanning reports, 
noted that there were no vulnerabilities that required 
patching. Therefore, further testing was not applicable. 
No exceptions noted. 
=== PAGE 32 ===

32 
Control # 
Control Activity Specified by SimpleLegal 
Boulay’s Test of Controls 
Test Results 
Control Activities 
CC5.1 COSO Principle 10: The entity selects and develops control activities that contribute to the mitigation of risks to the achievement of objectives 

RESPONSE:
[
    {
        "control_id": "CC4.1.4",
        "control_desc": "SimpleLegal uses intrusion detection systems that continuously monitor for malicious activity and unauthorized behavior related to AWS accounts, workloads, and data.",
        "control_test": "Inspected the GuardDuty and CrowdStrike intrusion detection systems to verify whether they were implemented to monitor for malicious activity and unauthorized behavior related to AWS accounts, workloads, and data.",
        "control_test_results": "No exceptions noted.",
        "control_page_ref": null,
        "control_line_ref": 13
    },
    {
        "control_id": "CC4.1.5",
        "control_desc": "SimpleLegal has established a formalized phishing prevention and monitoring campaign to evaluate employee response to potential social engineering attacks. Personnel who fail the phishing simulations are subject to additional training.",
        "control_test": "Inspected the Mimecast security platform to verify whether it was used to conduct phishing testing on SimpleLegal employees and contractors during the period.",
        "control_test_results": "No exceptions noted.",
        "control_page_ref": null,
        "control_line_ref": 26
    },
    {
        "control_id": "CC4.1.5",
        "control_desc": "SimpleLegal has established a formalized phishing prevention and monitoring campaign to evaluate employee response to potential social engineering attacks. Personnel who fail the phishing simulations are subject to additional training.",
        "control_test": "Inspected the post-failure training emails to verify whether additional security training was provided to personnel who failed phishing tests during the period.",
        "control_test_results": "No exceptions noted.",
        "control_page_ref": null,
        "control_line_ref": 30
    },
    {
        "control_id": "CC4.2.1",
        "control_desc": "Management assesses the results of ongoing and separate evaluations. Deficiencies are communicated to relevant parties for corrective action, and management tracks whether the deficiencies are remediated in a timely manner.",
        "control_test": "For all high severity findings from the penetration test, inspected the letter of attestation to verify whether SimpleLegal remediated the findings in a timely manner.",
        "control_test_results": "No exceptions noted.",
        "control_page_ref": null,
        "control_line_ref": 47
    }
]
---
CHUNK 0 PROMPT:
You are an expert at reading SOC reports. Given the following text, extract all controls tested. Controls may be listed under section headings (such as COSO or TSC sections), and control IDs may appear in many formats: e.g., 'CC9.1', 'CC 9.1', 'CC.9.1', '9.1', or as a section like 'CC9.0' with controls listed as 1, 2, 3, etc. Do your best to distinguish between section IDs and control IDs, and capture the most specific control ID for each control. For each control, extract the following fields as accurately as possible: 
- control_id: (string, the control's unique identifier as shown in the report, or null if not found)
- control_desc: (string, the description of the control—what the company is supposed to comply with)
- control_test: (string, what the auditor tested to determine design and operating effectiveness)
- control_test_results: (string, the results of the test, e.g., 'No exceptions noted', 'No deviations noted', or a description of any exceptions or findings)
- control_page_ref: (int, page number if available, else null)
- control_line_ref: (int, line number in the text where the control was found)
If you cannot find a value, use null. Output a JSON array, one object per control. Do not include any explanation, markdown, or extra text.
Text:

25 
SECTION IV 
TESTING MATRICES 

=== PAGE 26 ===

26 

Control # 
Control Activity Specified by SimpleLegal 
Boulay’s Test of Controls 
Test Results 
Control Environment 
CC1.1 COSO Principle 1: The entity demonstrates a commitment to integrity and ethical values. 
CC1.1.1 
SimpleLegal has established a Code of Conduct policy 
that is acknowledged by all new employees and full-time 
contractors upon hire. This policy outlines expectations 
the Company has set related to ethics and standards of 
conduct. Additionally, this policy outlines processes that 
management has established to evaluate adherence to 
standards of conduct and address deviations in a timely 
manner. 
Inspected the Employee Handbook to verify whether it 
outlined expectations around ethical conduct for employees 
and contractors, as well as disciplinary actions if the policy 
is violated.  
For all new hires during the period, inspected the signed 
handbook to verify whether each individual had 
acknowledged and accepted the Code of Conduct policy. 
No exceptions noted. 
CC1.2 COSO Principle 2: The board of directors demonstrates independence from management and exercises oversight of the development and performance of 
internal control. 
CC1.2.1 
SimpleLegal is a subsidiary of Onit, whose leaders have 
relevant skills and industry expertise that enable them to 
provide independent oversight over management. 
Inspected Onit’s website to verify whether Onit’s executive 
leadership team consists of individuals with relevant skills 
and industry expertise that enables them to provide 
independent oversight over management. 
No exceptions noted. 
CC1.2.2 
SimpleLegal meets with the Onit Board of Directors on at 
least a quarterly basis to discuss Company performance, 
strategic objectives, and information security matters. 
For a selection of quarters during the period, inspected the 
Board of Directors meeting invitation and notes to verify 
whether the Board of Directors met on a quarterly basis to 
discuss Company performance, strategic objectives, and 
information security matters. 
No exceptions noted. 
CC1.3 COSO Principle 3: Management establishes, with board oversight, structures, reporting lines, and appropriate authorities and responsibilities in the pursuit of 
objectives. 
CC1.3.1 
SimpleLegal maintains an updated organizational chart 
that establishes structure, reporting lines, and delegation 
of authority and responsibility across the Company. 
Inspected the organizational chart to verify whether it 
established the structure, reporting lines, and delegation of 
authority and responsibility across the Company. 
No exceptions noted. 
CC1.3.2 
SimpleLegal’s executive leadership meets on a monthly 
basis to discuss operations, issues relating to internal 
controls, and delivery on key performance metrics. 
For a selection of months, inspected executive leadership 
meeting invitations and agendas to veri

RESPONSE:
[
    {
        "control_id": "CC1.1.1",
        "control_desc": "SimpleLegal has established a Code of Conduct policy that is acknowledged by all new employees and full-time contractors upon hire. This policy outlines expectations the Company has set related to ethics and standards of conduct. Additionally, this policy outlines processes that management has established to evaluate adherence to standards of conduct and address deviations in a timely manner.",
        "control_test": "Inspected the Employee Handbook to verify whether it outlined expectations around ethical conduct for employees and contractors, as well as disciplinary actions if the policy is violated. For all new hires during the period, inspected the signed handbook to verify whether each individual had acknowledged and accepted the Code of Conduct policy.",
        "control_test_results": "No exceptions noted.",
        "control_page_ref": 26,
        "control_line_ref": 10
    },
    {
        "control_id": "CC1.2.1",
        "control_desc": "SimpleLegal is a subsidiary of Onit, whose leaders have relevant skills and industry expertise that enable them to provide independent oversight over management.",
        "control_test": "Inspected Onit’s website to verify whether Onit’s executive leadership team consists of individuals with relevant skills and industry expertise that enables them to provide independent oversight over management.",
        "control_test_results": "No exceptions noted.",
        "control_page_ref": 26,
        "control_line_ref": 32
    },
    {
        "control_id": "CC1.2.2",
        "control_desc": "SimpleLegal meets with the Onit Board of Directors on at least a quarterly basis to discuss Company performance, strategic objectives, and information security matters.",
        "control_test": "For a selection of quarters during the period, inspected the Board of Directors meeting invitation and notes to verify whether the Board of Directors met on a quarterly basis to discuss Company performance, strategic objectives, and information security matters.",
        "control_test_results": "No exceptions noted.",
        "control_page_ref": 26,
        "control_line_ref": 50
    },
    {
        "control_id": "CC1.3.1",
        "control_desc": "SimpleLegal maintains an updated organizational chart that establishes structure, reporting lines, and delegation of authority and responsibility across the Company.",
        "control_test": "Inspected the organizational chart to verify whether it established the structure, reporting lines, and delegation of authority and responsibility across the Company.",
        "control_test_results": "No exceptions noted.",
        "control_page_ref": 26,
        "control_line_ref": 74
    },
    {
        "control_id": "CC1.3.2",
        "control_desc": "SimpleLegal’s executive leadership meets on a monthly basis to discuss operations, issues relating to internal controls, and delivery on key performance metrics.",
        "control_test": "For a selection of months, inspected executive leadership meeting invitations and agendas to verify",
        "control_test_results": null,
        "control_page_ref": 26,
        "control_line_ref": 92
    }
]
---
CHUNK 9 PROMPT:
You are an expert at reading SOC reports. Given the following text, extract all controls tested. Controls may be listed under section headings (such as COSO or TSC sections), and control IDs may appear in many formats: e.g., 'CC9.1', 'CC 9.1', 'CC.9.1', '9.1', or as a section like 'CC9.0' with controls listed as 1, 2, 3, etc. Do your best to distinguish between section IDs and control IDs, and capture the most specific control ID for each control. For each control, extract the following fields as accurately as possible: 
- control_id: (string, the control's unique identifier as shown in the report, or null if not found)
- control_desc: (string, the description of the control—what the company is supposed to comply with)
- control_test: (string, what the auditor tested to determine design and operating effectiveness)
- control_test_results: (string, the results of the test, e.g., 'No exceptions noted', 'No deviations noted', or a description of any exceptions or findings)
- control_page_ref: (int, page number if available, else null)
- control_line_ref: (int, line number in the text where the control was found)
If you cannot find a value, use null. Output a JSON array, one object per control. Do not include any explanation, markdown, or extra text.
Text:
arate evaluations. Deficiencies are communicated to 
relevant parties for corrective action, and management 
tracks whether the deficiencies are remediated in a 
timely manner. 
For all high severity findings from the penetration test, 
inspected the letter of attestation to verify whether 
SimpleLegal remediated the findings in a timely manner. 
Inspected the post-failure training emails to verify whether 
additional security training was provided to personnel who 
failed phishing tests during the period. 
Per inspection of the Probely vulnerability scanning reports, 
noted that there were no vulnerabilities that required 
patching. Therefore, further testing was not applicable. 
No exceptions noted. 
=== PAGE 32 ===

32 
Control # 
Control Activity Specified by SimpleLegal 
Boulay’s Test of Controls 
Test Results 
Control Activities 
CC5.1 COSO Principle 10: The entity selects and develops control activities that contribute to the mitigation of risks to the achievement of objectives to acceptable 
levels. 
CC5.1.1 
As part of the risk assessment process, management 
ensures that adequate controls are in place to mitigate 
the identified risks to an acceptable level. Considerations 
in the identification and implementation of control 
activities include entity-specific factors, relevant business 
processes, incorporating a mix of control activity types 
(manual, automated, preventive, detective), and 
segregation of duties. 
For a selection of quarters, inspected the completed risk 
assessment and the organizational policies and procedures 
to verify whether they included a suite of internal controls 
that were designed to mitigate the identified risks to an 
acceptable level. 
For a selection of quarters, inspected the completed risk 
assessment and the organizational policies and procedures 
to verify whether they incorporated a mix of control activity 
types, such as manual, automated, preventive, and 
detective controls, including segregation of duties. 
No exceptions noted. 
CC5.2 COSO Principle 11: The entity also selects and develops general control activities over technology to support the achievement of objectives. 
CC5.2.1 
SimpleLegal maintains a suite of Information Technology 
General Controls (ITGCs) to support the achievement of 
objectives. These ITGCs are identified as part of the 
annual risk assessment completed by management and 
cover areas such as technology infrastructure and 
security management as well as technology acquisition, 
development, and maintenance. 
For a selection of quarters, inspected the completed risk 
assessment and the organizational policies and procedures 
to verify whether a comprehensive suite of ITGCs was 
implemented. 
No exceptions noted. 
CC5.3 COSO Principle 12: The entity deploys control activities through policies that establish what is expected and in procedures that put policies into action. 
CC5.3.1 
SimpleLegal maintains upd

RESPONSE:
[
    {
        "control_id": "CC5.1.1",
        "control_desc": "As part of the risk assessment process, management ensures that adequate controls are in place to mitigate the identified risks to an acceptable level. Considerations in the identification and implementation of control activities include entity-specific factors, relevant business processes, incorporating a mix of control activity types (manual, automated, preventive, detective), and segregation of duties.",
        "control_test": "For a selection of quarters, inspected the completed risk assessment and the organizational policies and procedures to verify whether they included a suite of internal controls that were designed to mitigate the identified risks to an acceptable level.",
        "control_test_results": "No exceptions noted.",
        "control_page_ref": 32,
        "control_line_ref": 32
    },
    {
        "control_id": "CC5.1.1",
        "control_desc": "As part of the risk assessment process, management ensures that adequate controls are in place to mitigate the identified risks to an acceptable level. Considerations in the identification and implementation of control activities include entity-specific factors, relevant business processes, incorporating a mix of control activity types (manual, automated, preventive, detective), and segregation of duties.",
        "control_test": "For a selection of quarters, inspected the completed risk assessment and the organizational policies and procedures to verify whether they incorporated a mix of control activity types, such as manual, automated, preventive, and detective controls, including segregation of duties.",
        "control_test_results": "No exceptions noted.",
        "control_page_ref": 32,
        "control_line_ref": 32
    },
    {
        "control_id": "CC5.2.1",
        "control_desc": "SimpleLegal maintains a suite of Information Technology General Controls (ITGCs) to support the achievement of objectives. These ITGCs are identified as part of the annual risk assessment completed by management and cover areas such as technology infrastructure and security management as well as technology acquisition, development, and maintenance.",
        "control_test": "For a selection of quarters, inspected the completed risk assessment and the organizational policies and procedures to verify whether a comprehensive suite of ITGCs was implemented.",
        "control_test_results": "No exceptions noted.",
        "control_page_ref": 32,
        "control_line_ref": 32
    },
    {
        "control_id": "CC5.3.1",
        "control_desc": "SimpleLegal maintains upd",
        "control_test": null,
        "control_test_results": null,
        "control_page_ref": null,
        "control_line_ref": null
    }
]
---
CHUNK 7 PROMPT:
You are an expert at reading SOC reports. Given the following text, extract all controls tested. Controls may be listed under section headings (such as COSO or TSC sections), and control IDs may appear in many formats: e.g., 'CC9.1', 'CC 9.1', 'CC.9.1', '9.1', or as a section like 'CC9.0' with controls listed as 1, 2, 3, etc. Do your best to distinguish between section IDs and control IDs, and capture the most specific control ID for each control. For each control, extract the following fields as accurately as possible: 
- control_id: (string, the control's unique identifier as shown in the report, or null if not found)
- control_desc: (string, the description of the control—what the company is supposed to comply with)
- control_test: (string, what the auditor tested to determine design and operating effectiveness)
- control_test_results: (string, the results of the test, e.g., 'No exceptions noted', 'No deviations noted', or a description of any exceptions or findings)
- control_page_ref: (int, page number if available, else null)
- control_line_ref: (int, line number in the text where the control was found)
If you cannot find a value, use null. Output a JSON array, one object per control. Do not include any explanation, markdown, or extra text.
Text:
 security, data 
integrity, scalability, and privacy. 
For a selection of quarters, inspected the completed risk 
assessment to verify whether it included an evaluation of 
changes pertaining to data security, data integrity, 
scalability, and privacy. 
No exceptions noted. 
Monitoring Activities 
CC4.1 COSO Principle 16: The entity selects, develops, and performs ongoing and/or separate evaluations to ascertain whether the components of internal control 
are present and functioning. 
CC4.1.1 
SimpleLegal conducts ongoing monitoring over internal 
controls to ensure they are adequately designed and 
operating effectively, in accordance with baseline 
requirements. These evaluations are conducted by 
knowledgeable personnel, integrate with business 
processes, consider changes in business processes, and 
vary in frequency based on associated risks. 
Inspected the results of the below monitoring tools and 
activities to verify whether they were implemented and 
monitored by management: 
• 
Web application penetration testing 
• 
Vulnerability scanning 
• 
Intrusion detection systems 
• 
Phishing campaigns 
No exceptions noted. 
CC4.1.2 
SimpleLegal engages a qualified third-party security firm 
to conduct penetration tests of its web application at 
least annually. Results are reviewed by management 
and high priority findings are remediated in a timely 
manner. 
Inspected the web application penetration test results to 
verify whether it was completed by a qualified third-party 
security firm. 
For all high severity findings, inspected the letter of 
attestation to verify whether SimpleLegal remediated the 
findings in a timely manner. 
No exceptions noted. 
=== PAGE 31 ===

31 
Control # 
Control Activity Specified by SimpleLegal 
Boulay’s Test of Controls 
Test Results 
CC4.1.3 
SimpleLegal has implemented a vulnerability 
management program to detect and remediate system 
vulnerabilities in software packages used in the 
Company’s infrastructure. System patching is performed 
on a periodic basis by the infrastructure team for proper 
vulnerability mitigation. 
For a selection of months during the period, inspected the 
Probely vulnerability scanning reports to verify whether 
SimpleLegal had implemented a vulnerability management 
program to detect and remediate system vulnerabilities in 
software packages. 
Per inspection of the Probely vulnerability scanning reports, 
noted that there were no vulnerabilities that required 
patching. Therefore, further testing was not applicable. 
No exceptions noted. 
CC4.1.4 
SimpleLegal uses intrusion detection systems that 
continuously monitor for malicious activity and 
unauthorized behavior related to AWS accounts, 
workloads, and data. 
Inspected the GuardDuty and CrowdStrike intrusion 
detection systems to verify whether they were implemented 
to monitor for malicious activity and unauthorized behavior 
related to AWS accounts, workloads

RESPONSE:
[
    {
        "control_id": "CC4.1.1",
        "control_desc": "SimpleLegal conducts ongoing monitoring over internal controls to ensure they are adequately designed and operating effectively, in accordance with baseline requirements.",
        "control_test": "Inspected the results of the below monitoring tools and activities to verify whether they were implemented and monitored by management: Web application penetration testing, Vulnerability scanning, Intrusion detection systems, Phishing campaigns",
        "control_test_results": "No exceptions noted.",
        "control_page_ref": null,
        "control_line_ref": 17
    },
    {
        "control_id": "CC4.1.2",
        "control_desc": "SimpleLegal engages a qualified third-party security firm to conduct penetration tests of its web application at least annually. Results are reviewed by management and high priority findings are remediated in a timely manner.",
        "control_test": "Inspected the web application penetration test results to verify whether it was completed by a qualified third-party security firm. For all high severity findings, inspected the letter of attestation to verify whether SimpleLegal remediated the findings in a timely manner.",
        "control_test_results": "No exceptions noted.",
        "control_page_ref": null,
        "control_line_ref": 39
    },
    {
        "control_id": "CC4.1.3",
        "control_desc": "SimpleLegal has implemented a vulnerability management program to detect and remediate system vulnerabilities in software packages used in the Company’s infrastructure. System patching is performed on a periodic basis by the infrastructure team for proper vulnerability mitigation.",
        "control_test": "For a selection of months during the period, inspected the Probely vulnerability scanning reports to verify whether SimpleLegal had implemented a vulnerability management program to detect and remediate system vulnerabilities in software packages.",
        "control_test_results": "Per inspection of the Probely vulnerability scanning reports, noted that there were no vulnerabilities that required patching. Therefore, further testing was not applicable.",
        "control_page_ref": 31,
        "control_line_ref": 31
    },
    {
        "control_id": "CC4.1.4",
        "control_desc": "SimpleLegal uses intrusion detection systems that continuously monitor for malicious activity and unauthorized behavior related to AWS accounts, workloads, and data.",
        "control_test": "Inspected the GuardDuty and CrowdStrike intrusion detection systems to verify whether they were implemented to monitor for malicious activity and unauthorized behavior related to AWS accounts, workloads",
        "control_test_results": null,
        "control_page_ref": null,
        "control_line_ref": 0
    }
]
---
CHUNK 5 PROMPT:
You are an expert at reading SOC reports. Given the following text, extract all controls tested. Controls may be listed under section headings (such as COSO or TSC sections), and control IDs may appear in many formats: e.g., 'CC9.1', 'CC 9.1', 'CC.9.1', '9.1', or as a section like 'CC9.0' with controls listed as 1, 2, 3, etc. Do your best to distinguish between section IDs and control IDs, and capture the most specific control ID for each control. For each control, extract the following fields as accurately as possible: 
- control_id: (string, the control's unique identifier as shown in the report, or null if not found)
- control_desc: (string, the description of the control—what the company is supposed to comply with)
- control_test: (string, what the auditor tested to determine design and operating effectiveness)
- control_test_results: (string, the results of the test, e.g., 'No exceptions noted', 'No deviations noted', or a description of any exceptions or findings)
- control_page_ref: (int, page number if available, else null)
- control_line_ref: (int, line number in the text where the control was found)
If you cannot find a value, use null. Output a JSON array, one object per control. Do not include any explanation, markdown, or extra text.
Text:
ons. 
Inspected a test submission to the SimpleLegal support 
channel to verify whether it was actively monitored and 
managed by the support team. 
No exceptions noted. 
CC2.3.2 
Objective descriptions of SimpleLegal’s system and its 
boundaries are available to authorized external users 
and customers.  
Inspected the Company website to verify whether objective 
descriptions of SimpleLegal’s system and its boundaries 
were available to authorized external users and customers. 
No exceptions noted. 
CC2.3.3 
SimpleLegal maintains an updated Terms of Service and 
Service Level Agreement on its website that 
communicates the Company's commitment to security, 
availability, and confidentiality to external users. 
Inspected the SimpleLegal Terms of Service and Service 
Level Agreement to verify whether it demonstrated the 
Company's security, availability, and confidentiality 
commitments. 
No exceptions noted. 
Risk Assessment 
CC3.1 COSO Principle 6: The entity specifies objectives with sufficient clarity to enable the identification and assessment of risks relating to objectives. 
CC3.1.1 
SimpleLegal maintains a risk management program that 
describes the processes the Company has in place to 
identify new business and technical risks and how those 
risks are mitigated. 
Inspected the risk management policy to verify whether it 
was up-to-date and documented requirements and 
guidelines to performing a comprehensive risk assessment. 
No exceptions noted. 
CC3.1.2 
On a quarterly basis, SimpleLegal conducts an 
assessment on the risks related to data security, data 
integrity, scalability, and privacy. 
For a selection of quarters, inspected the completed risk 
assessment to verify whether it incorporated risks and 
controls related to data security, data integrity, scalability, 
and privacy. 
No exceptions noted. 
CC3.2 COSO Principle 7: The entity identifies risks to the achievement of its objectives across the entity and analyzes risks as a basis for determining how the risks 
should be managed. 
CC3.2.1 
On a quarterly basis, SimpleLegal performs a risk 
assessment, which includes the identification of relevant 
internal and external threats, an analysis of the 
significance of the risks associated with those threats, a 
determination of appropriate risk mitigation strategies, 
and the development or modification of controls 
consistent with the risk mitigation strategy. 
For a selection of quarters, inspected the completed risk 
assessment to verify whether it incorporated a 
comprehensive threat analysis, including probability and 
impact ratings, mitigating controls, and any action plans to 
further mitigate risks to an acceptable level. 
No exceptions noted. 
=== PAGE 30 ===

30 
Control # 
Control Activity Specified by SimpleLegal 
Boulay’s Test of Controls 
Test Results 
CC3.3 COSO Principle 8: The entity considers the potential for fraud in assessing risks to the achievem

RESPONSE:
[
    {
        "control_id": "CC2.3.2",
        "control_desc": "Objective descriptions of SimpleLegal’s system and its boundaries are available to authorized external users and customers.",
        "control_test": "Inspected the Company website to verify whether objective descriptions of SimpleLegal’s system and its boundaries were available to authorized external users and customers.",
        "control_test_results": "No exceptions noted.",
        "control_page_ref": null,
        "control_line_ref": 7
    },
    {
        "control_id": "CC2.3.3",
        "control_desc": "SimpleLegal maintains an updated Terms of Service and Service Level Agreement on its website that communicates the Company's commitment to security, availability, and confidentiality to external users.",
        "control_test": "Inspected the SimpleLegal Terms of Service and Service Level Agreement to verify whether it demonstrated the Company's security, availability, and confidentiality commitments.",
        "control_test_results": "No exceptions noted.",
        "control_page_ref": null,
        "control_line_ref": 15
    },
    {
        "control_id": "CC3.1.1",
        "control_desc": "SimpleLegal maintains a risk management program that describes the processes the Company has in place to identify new business and technical risks and how those risks are mitigated.",
        "control_test": "Inspected the risk management policy to verify whether it was up-to-date and documented requirements and guidelines to performing a comprehensive risk assessment.",
        "control_test_results": "No exceptions noted.",
        "control_page_ref": null,
        "control_line_ref": 33
    },
    {
        "control_id": "CC3.1.2",
        "control_desc": "On a quarterly basis, SimpleLegal conducts an assessment on the risks related to data security, data integrity, scalability, and privacy.",
        "control_test": "For a selection of quarters, inspected the completed risk assessment to verify whether it incorporated risks and controls related to data security, data integrity, scalability, and privacy.",
        "control_test_results": "No exceptions noted.",
        "control_page_ref": null,
        "control_line_ref": 41
    },
    {
        "control_id": "CC3.2.1",
        "control_desc": "On a quarterly basis, SimpleLegal performs a risk assessment, which includes the identification of relevant internal and external threats, an analysis of the significance of the risks associated with those threats, a determination of appropriate risk mitigation strategies, and the development or modification of controls consistent with the risk mitigation strategy.",
        "control_test": "For a selection of quarters, inspected the completed risk assessment to verify whether it incorporated a comprehensive threat analysis, including probability and impact ratings, mitigating controls, and any action plans to further mitigate risks to an acceptable level.",
        "control_test_results": "No exceptions noted.",
        "control_page_ref": null,
        "control_line_ref": 49
    }
]
---
CHUNK 6 PROMPT:
You are an expert at reading SOC reports. Given the following text, extract all controls tested. Controls may be listed under section headings (such as COSO or TSC sections), and control IDs may appear in many formats: e.g., 'CC9.1', 'CC 9.1', 'CC.9.1', '9.1', or as a section like 'CC9.0' with controls listed as 1, 2, 3, etc. Do your best to distinguish between section IDs and control IDs, and capture the most specific control ID for each control. For each control, extract the following fields as accurately as possible: 
- control_id: (string, the control's unique identifier as shown in the report, or null if not found)
- control_desc: (string, the description of the control—what the company is supposed to comply with)
- control_test: (string, what the auditor tested to determine design and operating effectiveness)
- control_test_results: (string, the results of the test, e.g., 'No exceptions noted', 'No deviations noted', or a description of any exceptions or findings)
- control_page_ref: (int, page number if available, else null)
- control_line_ref: (int, line number in the text where the control was found)
If you cannot find a value, use null. Output a JSON array, one object per control. Do not include any explanation, markdown, or extra text.
Text:
 across the entity and analyzes risks as a basis for determining how the risks 
should be managed. 
CC3.2.1 
On a quarterly basis, SimpleLegal performs a risk 
assessment, which includes the identification of relevant 
internal and external threats, an analysis of the 
significance of the risks associated with those threats, a 
determination of appropriate risk mitigation strategies, 
and the development or modification of controls 
consistent with the risk mitigation strategy. 
For a selection of quarters, inspected the completed risk 
assessment to verify whether it incorporated a 
comprehensive threat analysis, including probability and 
impact ratings, mitigating controls, and any action plans to 
further mitigate risks to an acceptable level. 
No exceptions noted. 
=== PAGE 30 ===

30 
Control # 
Control Activity Specified by SimpleLegal 
Boulay’s Test of Controls 
Test Results 
CC3.3 COSO Principle 8: The entity considers the potential for fraud in assessing risks to the achievement of objectives. 
CC3.3.1 
As part of the risk assessment process, management 
considers various types of fraud exposure, the probability 
and impact of the event occurring, the controls in place 
to mitigate the risk of fraud, and what, if any, additional 
mitigation measures are necessary.  
For a selection of quarters, inspected the completed risk 
assessment to verify whether it incorporated fraud 
considerations, including probability and impact ratings, 
mitigating controls and any action plans to further mitigate 
the risk of fraud to an acceptable level. 
No exceptions noted. 
CC3.4 COSO Principle 9: The entity identifies and assesses changes that could significantly impact the system of internal control. 
CC3.4.1 
As part of the risk assessment process, management 
identifies and assesses changes that could significantly 
impact the system of internal control. The assessment 
includes evaluating changes in data security, data 
integrity, scalability, and privacy. 
For a selection of quarters, inspected the completed risk 
assessment to verify whether it included an evaluation of 
changes pertaining to data security, data integrity, 
scalability, and privacy. 
No exceptions noted. 
Monitoring Activities 
CC4.1 COSO Principle 16: The entity selects, develops, and performs ongoing and/or separate evaluations to ascertain whether the components of internal control 
are present and functioning. 
CC4.1.1 
SimpleLegal conducts ongoing monitoring over internal 
controls to ensure they are adequately designed and 
operating effectively, in accordance with baseline 
requirements. These evaluations are conducted by 
knowledgeable personnel, integrate with business 
processes, consider changes in business processes, and 
vary in frequency based on associated risks. 
Inspected the results of the below monitoring tools and 
activities to verify whether they were implemented and 
monitored by management: 


RESPONSE:
[
    {
        "control_id": "CC3.2.1",
        "control_desc": "On a quarterly basis, SimpleLegal performs a risk assessment, which includes the identification of relevant internal and external threats, an analysis of the significance of the risks associated with those threats, a determination of appropriate risk mitigation strategies, and the development or modification of controls consistent with the risk mitigation strategy.",
        "control_test": "For a selection of quarters, inspected the completed risk assessment to verify whether it incorporated a comprehensive threat analysis, including probability and impact ratings, mitigating controls, and any action plans to further mitigate risks to an acceptable level.",
        "control_test_results": "No exceptions noted.",
        "control_page_ref": 30,
        "control_line_ref": 5
    },
    {
        "control_id": "CC3.3.1",
        "control_desc": "As part of the risk assessment process, management considers various types of fraud exposure, the probability and impact of the event occurring, the controls in place to mitigate the risk of fraud, and what, if any, additional mitigation measures are necessary.",
        "control_test": "For a selection of quarters, inspected the completed risk assessment to verify whether it incorporated fraud considerations, including probability and impact ratings, mitigating controls and any action plans to further mitigate the risk of fraud to an acceptable level.",
        "control_test_results": "No exceptions noted.",
        "control_page_ref": 30,
        "control_line_ref": 23
    },
    {
        "control_id": "CC3.4.1",
        "control_desc": "As part of the risk assessment process, management identifies and assesses changes that could significantly impact the system of internal control. The assessment includes evaluating changes in data security, data integrity, scalability, and privacy.",
        "control_test": "For a selection of quarters, inspected the completed risk assessment to verify whether it included an evaluation of changes pertaining to data security, data integrity, scalability, and privacy.",
        "control_test_results": "No exceptions noted.",
        "control_page_ref": 30,
        "control_line_ref": 41
    },
    {
        "control_id": "CC4.1.1",
        "control_desc": "SimpleLegal conducts ongoing monitoring over internal controls to ensure they are adequately designed and operating effectively, in accordance with baseline requirements. These evaluations are conducted by knowledgeable personnel, integrate with business processes, consider changes in business processes, and vary in frequency based on associated risks.",
        "control_test": "Inspected the results of the below monitoring tools and activities to verify whether they were implemented and monitored by management.",
        "control_test_results": null,
        "control_page_ref": 30,
        "control_line_ref": 67
    }
]
---
CHUNK 12 PROMPT:
You are an expert at reading SOC reports. Given the following text, extract all controls tested. Controls may be listed under section headings (such as COSO or TSC sections), and control IDs may appear in many formats: e.g., 'CC9.1', 'CC 9.1', 'CC.9.1', '9.1', or as a section like 'CC9.0' with controls listed as 1, 2, 3, etc. Do your best to distinguish between section IDs and control IDs, and capture the most specific control ID for each control. For each control, extract the following fields as accurately as possible: 
- control_id: (string, the control's unique identifier as shown in the report, or null if not found)
- control_desc: (string, the description of the control—what the company is supposed to comply with)
- control_test: (string, what the auditor tested to determine design and operating effectiveness)
- control_test_results: (string, the results of the test, e.g., 'No exceptions noted', 'No deviations noted', or a description of any exceptions or findings)
- control_page_ref: (int, page number if available, else null)
- control_line_ref: (int, line number in the text where the control was found)
If you cannot find a value, use null. Output a JSON array, one object per control. Do not include any explanation, markdown, or extra text.
Text:
 production data was encrypted at rest using AES-
256. 
No exceptions noted. 
CC6.1.7 
SimpleLegal maintains active SHA-256 encryption 
certificates for its web application to ensure secure 
connections for its users.  
Inspected SimpleLegal's web application login page to verify 
whether an active SHA-256 encryption certificate was in 
place. 
No exceptions noted. 
CC6.1.8 
SimpleLegal encrypts all employee and contractor 
workstations with full disk encryption. 
Inspected the Jamf Pro dashboard to verify whether all 
employee and contractor workstations had full disk 
encryption enabled. 
No exceptions noted. 
=== PAGE 34 ===

34 
Control # 
Control Activity Specified by SimpleLegal 
Boulay’s Test of Controls 
Test Results 
CC6.1.9 
Administrative and privileged access rights are restricted 
to authorized personnel using a role-based access 
scheme, in accordance with the principle of least 
privilege. 
Inspected administrative access rights for SimpleLegal's 
critical applications and cloud infrastructure to verify whether 
privileged access was limited to authorized personnel using 
a role-based access scheme, in accordance with the 
principle of least privilege. 
No exceptions noted. 
CC6.2: Prior to issuing system credentials and granting system access, the entity registers and authorizes new internal and external users whose access is 
administered by the entity. For those users whose access is administered by the entity, user system credentials are removed when user access is no longer 
authorized. 
CC6.2.1 
An authorized system administrator approves access to 
SimpleLegal systems and applications for newly hired 
personnel as well as access change requests. 
For all new hires during the period, inspected onboarding 
tickets to verify whether access rights to SimpleLegal's 
systems and applications were approved by a system 
administrator and were appropriate based on each of the 
new hires’ roles. 
For a selection of role changes during the period, inspected 
IT tickets to verify whether access rights to SimpleLegal's 
systems and applications were approved by a system 
administrator and were appropriate. 
No exceptions noted. 
CC6.2.2 
System access is removed within 48 hours upon 
employee or contractor termination.  
For a selection of terminated personnel during the period, 
inspected offboarding tickets to verify whether system 
access was removed within 48 hours of termination. 
No exceptions noted. 
CC6.2.3 
On a quarterly basis, management reviews access rights 
for all SimpleLegal personnel to ensure that system 
access is appropriate. Any access rights that are no 
longer needed are removed following this review. 
For a selection of quarters, inspected the account audit 
reports to verify whether comprehensive user access 
reviews were conducted by management during the period 
and that access rights were modified as needed, based on 
the review. 
No exceptions n

RESPONSE:
[
    {
        "control_id": "CC6.1.7",
        "control_desc": "SimpleLegal maintains active SHA-256 encryption certificates for its web application to ensure secure connections for its users.",
        "control_test": "Inspected SimpleLegal's web application login page to verify whether an active SHA-256 encryption certificate was in place.",
        "control_test_results": "No exceptions noted.",
        "control_page_ref": null,
        "control_line_ref": 5
    },
    {
        "control_id": "CC6.1.8",
        "control_desc": "SimpleLegal encrypts all employee and contractor workstations with full disk encryption.",
        "control_test": "Inspected the Jamf Pro dashboard to verify whether all employee and contractor workstations had full disk encryption enabled.",
        "control_test_results": "No exceptions noted.",
        "control_page_ref": null,
        "control_line_ref": 9
    },
    {
        "control_id": "CC6.1.9",
        "control_desc": "Administrative and privileged access rights are restricted to authorized personnel using a role-based access scheme, in accordance with the principle of least privilege.",
        "control_test": "Inspected administrative access rights for SimpleLegal's critical applications and cloud infrastructure to verify whether privileged access was limited to authorized personnel using a role-based access scheme, in accordance with the principle of least privilege.",
        "control_test_results": "No exceptions noted.",
        "control_page_ref": 34,
        "control_line_ref": 3
    },
    {
        "control_id": "CC6.2.1",
        "control_desc": "An authorized system administrator approves access to SimpleLegal systems and applications for newly hired personnel as well as access change requests.",
        "control_test": "For all new hires during the period, inspected onboarding tickets to verify whether access rights to SimpleLegal's systems and applications were approved by a system administrator and were appropriate based on each of the new hires’ roles. For a selection of role changes during the period, inspected IT tickets to verify whether access rights to SimpleLegal's systems and applications were approved by a system administrator and were appropriate.",
        "control_test_results": "No exceptions noted.",
        "control_page_ref": 34,
        "control_line_ref": 18
    },
    {
        "control_id": "CC6.2.2",
        "control_desc": "System access is removed within 48 hours upon employee or contractor termination.",
        "control_test": "For a selection of terminated personnel during the period, inspected offboarding tickets to verify whether system access was removed within 48 hours of termination.",
        "control_test_results": "No exceptions noted.",
        "control_page_ref": null,
        "control_line_ref": 28
    },
    {
        "control_id": "CC6.2.3",
        "control_desc": "On a quarterly basis, management reviews access rights for all SimpleLegal personnel to ensure that system access is appropriate. Any access rights that are no longer needed are removed following this review.",
        "control_test": "For a selection of quarters, inspected the account audit reports to verify whether comprehensive user access reviews were conducted by management during the period and that access rights were modified as needed, based on the review.",
        "control_test_results": "No exceptions noted.",
        "control_page_ref": null,
        "control_line_ref": 38
    }
]
---
CHUNK 10 PROMPT:
You are an expert at reading SOC reports. Given the following text, extract all controls tested. Controls may be listed under section headings (such as COSO or TSC sections), and control IDs may appear in many formats: e.g., 'CC9.1', 'CC 9.1', 'CC.9.1', '9.1', or as a section like 'CC9.0' with controls listed as 1, 2, 3, etc. Do your best to distinguish between section IDs and control IDs, and capture the most specific control ID for each control. For each control, extract the following fields as accurately as possible: 
- control_id: (string, the control's unique identifier as shown in the report, or null if not found)
- control_desc: (string, the description of the control—what the company is supposed to comply with)
- control_test: (string, what the auditor tested to determine design and operating effectiveness)
- control_test_results: (string, the results of the test, e.g., 'No exceptions noted', 'No deviations noted', or a description of any exceptions or findings)
- control_page_ref: (int, page number if available, else null)
- control_line_ref: (int, line number in the text where the control was found)
If you cannot find a value, use null. Output a JSON array, one object per control. Do not include any explanation, markdown, or extra text.
Text:
and 
detective controls, including segregation of duties. 
No exceptions noted. 
CC5.2 COSO Principle 11: The entity also selects and develops general control activities over technology to support the achievement of objectives. 
CC5.2.1 
SimpleLegal maintains a suite of Information Technology 
General Controls (ITGCs) to support the achievement of 
objectives. These ITGCs are identified as part of the 
annual risk assessment completed by management and 
cover areas such as technology infrastructure and 
security management as well as technology acquisition, 
development, and maintenance. 
For a selection of quarters, inspected the completed risk 
assessment and the organizational policies and procedures 
to verify whether a comprehensive suite of ITGCs was 
implemented. 
No exceptions noted. 
CC5.3 COSO Principle 12: The entity deploys control activities through policies that establish what is expected and in procedures that put policies into action. 
CC5.3.1 
SimpleLegal maintains updated policies and procedures 
that incorporate control activities across the organization. 
These policies and procedures establish requirements 
pertaining to timely performance of controls, taking 
corrective action on control deficiencies, and ensuring 
that competent personnel are accountable for control 
execution. 
Inspected the organizational policies and procedures to 
determine whether they incorporated a comprehensive suite 
of internal controls, outlined roles and responsibilities for 
control performance, and established requirements related 
to the timely remediation of control deficiencies. 
No exceptions noted. 
=== PAGE 33 ===

33 
Control # 
Control Activity Specified by SimpleLegal 
Boulay’s Test of Controls 
Test Results 
Logical and Physical Access Controls 
CC6.1: The entity implements logical access security software, infrastructure, and architectures over protected information assets to protect them from security 
events to meet the entity’s objectives. 
CC6.1.1 
SimpleLegal maintains an updated inventory of 
information assets within the organization. 
Inspected SimpleLegal's information asset inventory to 
verify whether a comprehensive inventory of information 
assets was documented. 
No exceptions noted. 
CC6.1.2 
Access to SimpleLegal’s infrastructure and sensitive 
systems/applications requires complex passwords and 
multi-factor authentication (MFA). 
Inspected the OneLogin configuration settings to verify 
whether complex passwords and MFA were required to 
access SimpleLegal’s infrastructure and sensitive 
systems/applications. 
No exceptions noted. 
CC6.1.3 
SimpleLegal utilizes AWS Key Management Service 
(KMS) to securely create and manage keys and control 
the use of encryption across its cloud-based 
environment. 
Inspected the AWS dashboard to verify whether KMS was 
used to create and manage encryption keys across 
SimpleLegal's cloud-based environment. 
No except

RESPONSE:
[
    {
        "control_id": "CC5.2.1",
        "control_desc": "SimpleLegal maintains a suite of Information Technology General Controls (ITGCs) to support the achievement of objectives.",
        "control_test": "Inspected the completed risk assessment and the organizational policies and procedures to verify whether a comprehensive suite of ITGCs was implemented.",
        "control_test_results": "No exceptions noted.",
        "control_page_ref": null,
        "control_line_ref": 13
    },
    {
        "control_id": "CC5.3.1",
        "control_desc": "SimpleLegal maintains updated policies and procedures that incorporate control activities across the organization.",
        "control_test": "Inspected the organizational policies and procedures to determine whether they incorporated a comprehensive suite of internal controls, outlined roles and responsibilities for control performance, and established requirements related to the timely remediation of control deficiencies.",
        "control_test_results": "No exceptions noted.",
        "control_page_ref": null,
        "control_line_ref": 31
    },
    {
        "control_id": "CC6.1.1",
        "control_desc": "SimpleLegal maintains an updated inventory of information assets within the organization.",
        "control_test": "Inspected SimpleLegal's information asset inventory to verify whether a comprehensive inventory of information assets was documented.",
        "control_test_results": "No exceptions noted.",
        "control_page_ref": 33,
        "control_line_ref": 33
    },
    {
        "control_id": "CC6.1.2",
        "control_desc": "Access to SimpleLegal’s infrastructure and sensitive systems/applications requires complex passwords and multi-factor authentication (MFA).",
        "control_test": "Inspected the OneLogin configuration settings to verify whether complex passwords and MFA were required to access SimpleLegal’s infrastructure and sensitive systems/applications.",
        "control_test_results": "No exceptions noted.",
        "control_page_ref": 33,
        "control_line_ref": 41
    },
    {
        "control_id": "CC6.1.3",
        "control_desc": "SimpleLegal utilizes AWS Key Management Service (KMS) to securely create and manage keys and control the use of encryption across its cloud-based environment.",
        "control_test": "Inspected the AWS dashboard to verify whether KMS was used to create and manage encryption keys across SimpleLegal's cloud-based environment.",
        "control_test_results": "No exceptions noted.",
        "control_page_ref": null,
        "control_line_ref": 49
    }
]
---
CHUNK 13 PROMPT:
You are an expert at reading SOC reports. Given the following text, extract all controls tested. Controls may be listed under section headings (such as COSO or TSC sections), and control IDs may appear in many formats: e.g., 'CC9.1', 'CC 9.1', 'CC.9.1', '9.1', or as a section like 'CC9.0' with controls listed as 1, 2, 3, etc. Do your best to distinguish between section IDs and control IDs, and capture the most specific control ID for each control. For each control, extract the following fields as accurately as possible: 
- control_id: (string, the control's unique identifier as shown in the report, or null if not found)
- control_desc: (string, the description of the control—what the company is supposed to comply with)
- control_test: (string, what the auditor tested to determine design and operating effectiveness)
- control_test_results: (string, the results of the test, e.g., 'No exceptions noted', 'No deviations noted', or a description of any exceptions or findings)
- control_page_ref: (int, page number if available, else null)
- control_line_ref: (int, line number in the text where the control was found)
If you cannot find a value, use null. Output a JSON array, one object per control. Do not include any explanation, markdown, or extra text.
Text:
oles. 
For a selection of role changes during the period, inspected 
IT tickets to verify whether access rights to SimpleLegal's 
systems and applications were approved by a system 
administrator and were appropriate. 
No exceptions noted. 
CC6.2.2 
System access is removed within 48 hours upon 
employee or contractor termination.  
For a selection of terminated personnel during the period, 
inspected offboarding tickets to verify whether system 
access was removed within 48 hours of termination. 
No exceptions noted. 
CC6.2.3 
On a quarterly basis, management reviews access rights 
for all SimpleLegal personnel to ensure that system 
access is appropriate. Any access rights that are no 
longer needed are removed following this review. 
For a selection of quarters, inspected the account audit 
reports to verify whether comprehensive user access 
reviews were conducted by management during the period 
and that access rights were modified as needed, based on 
the review. 
No exceptions noted. 
CC6.3: The entity authorizes, modifies, or removes access to data, software, functions, and other protected information assets based on roles, responsibilities, or the 
system design and changes, giving consideration to the concepts of least privilege and segregation of duties, to meet the entity’s objectives. 
CC6.3.1 
An authorized system administrator approves access to 
SimpleLegal systems and applications for newly hired 
personnel as well as access change requests. 
For all new hires during the period, inspected onboarding 
tickets to verify whether access rights to SimpleLegal's 
systems and applications were approved by a system 
administrator and were appropriate based on each of the 
new hires’ roles. 
For a selection of role changes during the period, inspected 
IT tickets to verify whether access rights to SimpleLegal's 
systems and applications were approved by a system 
administrator and were appropriate. 
No exceptions noted. 
=== PAGE 35 ===

35 
Control # 
Control Activity Specified by SimpleLegal 
Boulay’s Test of Controls 
Test Results 
CC6.3.2 
System access is removed within 48 hours upon 
employee or contractor termination.  
For a selection of terminated personnel during the period, 
inspected offboarding tickets to verify whether system 
access was removed within 48 hours of termination. 
No exceptions noted. 
CC6.3.3 
On a quarterly basis, management reviews access rights 
for all SimpleLegal personnel to ensure that system 
access is appropriate. Any access rights that are no 
longer needed are removed following this review. 
For a selection of quarters, inspected the account audit 
reports to verify whether comprehensive user access 
reviews were conducted by management during the period 
and that access rights were modified as needed, based on 
the review. 
No exceptions noted. 
CC6.3.4 
SimpleLegal maintains remote-wipe software on all 
Company workstations. 
Inspect

RESPONSE:
[
    {
        "control_id": "CC6.2.2",
        "control_desc": "System access is removed within 48 hours upon employee or contractor termination.",
        "control_test": "For a selection of terminated personnel during the period, inspected offboarding tickets to verify whether system access was removed within 48 hours of termination.",
        "control_test_results": "No exceptions noted.",
        "control_page_ref": null,
        "control_line_ref": null
    },
    {
        "control_id": "CC6.2.3",
        "control_desc": "On a quarterly basis, management reviews access rights for all SimpleLegal personnel to ensure that system access is appropriate. Any access rights that are no longer needed are removed following this review.",
        "control_test": "For a selection of quarters, inspected the account audit reports to verify whether comprehensive user access reviews were conducted by management during the period and that access rights were modified as needed, based on the review.",
        "control_test_results": "No exceptions noted.",
        "control_page_ref": null,
        "control_line_ref": null
    },
    {
        "control_id": "CC6.3.1",
        "control_desc": "An authorized system administrator approves access to SimpleLegal systems and applications for newly hired personnel as well as access change requests.",
        "control_test": "For all new hires during the period, inspected onboarding tickets to verify whether access rights to SimpleLegal's systems and applications were approved by a system administrator and were appropriate based on each of the new hires’ roles. For a selection of role changes during the period, inspected IT tickets to verify whether access rights to SimpleLegal's systems and applications were approved by a system administrator and were appropriate.",
        "control_test_results": "No exceptions noted.",
        "control_page_ref": null,
        "control_line_ref": null
    },
    {
        "control_id": "CC6.3.2",
        "control_desc": "System access is removed within 48 hours upon employee or contractor termination.",
        "control_test": "For a selection of terminated personnel during the period, inspected offboarding tickets to verify whether system access was removed within 48 hours of termination.",
        "control_test_results": "No exceptions noted.",
        "control_page_ref": 35,
        "control_line_ref": null
    },
    {
        "control_id": "CC6.3.3",
        "control_desc": "On a quarterly basis, management reviews access rights for all SimpleLegal personnel to ensure that system access is appropriate. Any access rights that are no longer needed are removed following this review.",
        "control_test": "For a selection of quarters, inspected the account audit reports to verify whether comprehensive user access reviews were conducted by management during the period and that access rights were modified as needed, based on the review.",
        "control_test_results": "No exceptions noted.",
        "control_page_ref": 35,
        "control_line_ref": null
    },
    {
        "control_id": "CC6.3.4",
        "control_desc": "SimpleLegal maintains remote-wipe software on all Company workstations.",
        "control_test": "Inspect",
        "control_test_results": null,
        "control_page_ref": null,
        "control_line_ref": null
    }
]
---
CHUNK 15 PROMPT:
You are an expert at reading SOC reports. Given the following text, extract all controls tested. Controls may be listed under section headings (such as COSO or TSC sections), and control IDs may appear in many formats: e.g., 'CC9.1', 'CC 9.1', 'CC.9.1', '9.1', or as a section like 'CC9.0' with controls listed as 1, 2, 3, etc. Do your best to distinguish between section IDs and control IDs, and capture the most specific control ID for each control. For each control, extract the following fields as accurately as possible: 
- control_id: (string, the control's unique identifier as shown in the report, or null if not found)
- control_desc: (string, the description of the control—what the company is supposed to comply with)
- control_test: (string, what the auditor tested to determine design and operating effectiveness)
- control_test_results: (string, the results of the test, e.g., 'No exceptions noted', 'No deviations noted', or a description of any exceptions or findings)
- control_page_ref: (int, page number if available, else null)
- control_line_ref: (int, line number in the text where the control was found)
If you cannot find a value, use null. Output a JSON array, one object per control. Do not include any explanation, markdown, or extra text.
Text:
y. 
No exceptions noted. 
CC6.4.3 
Onit utilizes video surveillance cameras that provide 24/7 
video streaming, recoding, and motion detection. 
Inspected images of the Onit office in Houston to verify 
whether Onit utilized cameras to provide 24/7 surveillance of 
the office. 
No exceptions noted. 
CC6.4.4 
Onit maintains an office shred bin for the disposal of 
sensitive hardcopy materials. 
Inspected images of the Onit office in Houston to verify 
whether the Onit office had a shred bin to securely dispose 
of sensitive hardcopy materials. 
No exceptions noted. 
SimpeLegal uses AWS to provide cloud computing and data center hosting services. Please reference Complementary Subservice Organization Controls (CSOCs) in Section III 
for additional controls that are to be implemented by the subservice organization. 
CC6.5: The entity discontinues logical and physical protections over physical assets only after the ability to read and recover data and software from those assets 
has been diminished and is no longer required to meet the entity’s objectives. 
CC6.5.1 
SimpleLegal maintains a Record Retention Policy that 
outlines how long various types of information are to be 
retained by the Company. Obsolete information systems 
and databases, as well as electronic and hard-copy files, 
are disposed of in accordance with this policy. 
Inspected the Record Retention Policy to verify whether it 
outlined the requirements for disposing of various types of 
information at SimpleLegal. 
No exceptions noted. 
=== PAGE 36 ===

36 
Control # 
Control Activity Specified by SimpleLegal 
Boulay’s Test of Controls 
Test Results 
CC6.5.2 
Prior to disposing of obsolete workstations or removable 
media, the SVP, Business Operations & Integrations or 
the Director, Information Technology ensure that all 
physical devices are sanitized to remove any confidential 
information. 
Inspected images of the Onit office in Houston to verify 
whether workstations and removable media were stored in a 
secure location prior to reuse or disposal.  
Per inspection of the asset inventory and inquiry of 
management, noted that there were no disposals of 
obsolete workstations or removable media during the 
period. Therefore, further testing was not applicable. 
No exceptions noted. 
CC6.6: The entity implements logical access security measures to protect against threats from sources outside its system boundaries. 
CC6.6.1 
Firewall rules are configured to restrict network traffic to 
approved ports, protocols, and sources. 
Inspected the AWS security group configurations to verify 
whether network traffic was restricted to approved ports, 
protocols, and sources. 
No exceptions noted. 
CC6.6.2 
SimpleLegal utilizes a Web Application Firewall (WAF) to 
protect the web application from web-based threats. 
Inspected the Cloudflare dashboard to verify whether a 
WAF was utilized to protect the application from web-based

RESPONSE:
[
    {
        "control_id": "CC6.4.3",
        "control_desc": "Onit utilizes video surveillance cameras that provide 24/7 video streaming, recording, and motion detection.",
        "control_test": "Inspected images of the Onit office in Houston to verify whether Onit utilized cameras to provide 24/7 surveillance of the office.",
        "control_test_results": "No exceptions noted.",
        "control_page_ref": null,
        "control_line_ref": null
    },
    {
        "control_id": "CC6.4.4",
        "control_desc": "Onit maintains an office shred bin for the disposal of sensitive hardcopy materials.",
        "control_test": "Inspected images of the Onit office in Houston to verify whether the Onit office had a shred bin to securely dispose of sensitive hardcopy materials.",
        "control_test_results": "No exceptions noted.",
        "control_page_ref": null,
        "control_line_ref": null
    },
    {
        "control_id": "CC6.5.1",
        "control_desc": "SimpleLegal maintains a Record Retention Policy that outlines how long various types of information are to be retained by the Company.",
        "control_test": "Inspected the Record Retention Policy to verify whether it outlined the requirements for disposing of various types of information at SimpleLegal.",
        "control_test_results": "No exceptions noted.",
        "control_page_ref": null,
        "control_line_ref": null
    },
    {
        "control_id": "CC6.5.2",
        "control_desc": "Prior to disposing of obsolete workstations or removable media, the SVP, Business Operations & Integrations or the Director, Information Technology ensure that all physical devices are sanitized to remove any confidential information.",
        "control_test": "Inspected images of the Onit office in Houston to verify whether workstations and removable media were stored in a secure location prior to reuse or disposal.",
        "control_test_results": "No exceptions noted.",
        "control_page_ref": 36,
        "control_line_ref": null
    },
    {
        "control_id": "CC6.6.1",
        "control_desc": "Firewall rules are configured to restrict network traffic to approved ports, protocols, and sources.",
        "control_test": "Inspected the AWS security group configurations to verify whether network traffic was restricted to approved ports, protocols, and sources.",
        "control_test_results": "No exceptions noted.",
        "control_page_ref": null,
        "control_line_ref": null
    },
    {
        "control_id": "CC6.6.2",
        "control_desc": "SimpleLegal utilizes a Web Application Firewall (WAF) to protect the web application from web-based threats.",
        "control_test": "Inspected the Cloudflare dashboard to verify whether a WAF was utilized to protect the application from web-based",
        "control_test_results": null,
        "control_page_ref": null,
        "control_line_ref": null
    }
]
---
CHUNK 14 PROMPT:
You are an expert at reading SOC reports. Given the following text, extract all controls tested. Controls may be listed under section headings (such as COSO or TSC sections), and control IDs may appear in many formats: e.g., 'CC9.1', 'CC 9.1', 'CC.9.1', '9.1', or as a section like 'CC9.0' with controls listed as 1, 2, 3, etc. Do your best to distinguish between section IDs and control IDs, and capture the most specific control ID for each control. For each control, extract the following fields as accurately as possible: 
- control_id: (string, the control's unique identifier as shown in the report, or null if not found)
- control_desc: (string, the description of the control—what the company is supposed to comply with)
- control_test: (string, what the auditor tested to determine design and operating effectiveness)
- control_test_results: (string, the results of the test, e.g., 'No exceptions noted', 'No deviations noted', or a description of any exceptions or findings)
- control_page_ref: (int, page number if available, else null)
- control_line_ref: (int, line number in the text where the control was found)
If you cannot find a value, use null. Output a JSON array, one object per control. Do not include any explanation, markdown, or extra text.
Text:
ate. 
No exceptions noted. 
=== PAGE 35 ===

35 
Control # 
Control Activity Specified by SimpleLegal 
Boulay’s Test of Controls 
Test Results 
CC6.3.2 
System access is removed within 48 hours upon 
employee or contractor termination.  
For a selection of terminated personnel during the period, 
inspected offboarding tickets to verify whether system 
access was removed within 48 hours of termination. 
No exceptions noted. 
CC6.3.3 
On a quarterly basis, management reviews access rights 
for all SimpleLegal personnel to ensure that system 
access is appropriate. Any access rights that are no 
longer needed are removed following this review. 
For a selection of quarters, inspected the account audit 
reports to verify whether comprehensive user access 
reviews were conducted by management during the period 
and that access rights were modified as needed, based on 
the review. 
No exceptions noted. 
CC6.3.4 
SimpleLegal maintains remote-wipe software on all 
Company workstations. 
Inspected the Jamf Pro dashboard to verify whether remote-
wipe software for workstations had been deployed across 
the organization. 
No exceptions noted. 
CC6.4: The entity restricts physical access to facilities and protected information assets (for example, data center facilities, back-up media storage, and other 
sensitive locations) to authorized personnel to meet the entity’s objectives. 
CC6.4.1 
Onit maintains a Physical Security Policy that outlines 
requirements around maintaining security of Onit offices 
and IT equipment. 
Inspected the Physical Security Policy to verify whether it 
outlined requirements around maintaining security of Onit 
offices and IT equipment. 
No exceptions noted. 
CC6.4.2 
The entrance to Onit’s office is locked and a keycard/fob 
is required to gain entry. 
Inspected images of the Onit office in Houston to verify 
whether the entrance was locked, and a keycard/fob was 
required to gain entry. 
No exceptions noted. 
CC6.4.3 
Onit utilizes video surveillance cameras that provide 24/7 
video streaming, recoding, and motion detection. 
Inspected images of the Onit office in Houston to verify 
whether Onit utilized cameras to provide 24/7 surveillance of 
the office. 
No exceptions noted. 
CC6.4.4 
Onit maintains an office shred bin for the disposal of 
sensitive hardcopy materials. 
Inspected images of the Onit office in Houston to verify 
whether the Onit office had a shred bin to securely dispose 
of sensitive hardcopy materials. 
No exceptions noted. 
SimpeLegal uses AWS to provide cloud computing and data center hosting services. Please reference Complementary Subservice Organization Controls (CSOCs) in Section III 
for additional controls that are to be implemented by the subservice organization. 
CC6.5: The entity discontinues logical and physical protections over physical assets only after the ability to read and recover data and software from those assets 
has been d

RESPONSE:
[
    {
        "control_id": "CC6.3.2",
        "control_desc": "System access is removed within 48 hours upon employee or contractor termination.",
        "control_test": "For a selection of terminated personnel during the period, inspected offboarding tickets to verify whether system access was removed within 48 hours of termination.",
        "control_test_results": "No exceptions noted.",
        "control_page_ref": 35,
        "control_line_ref": 7
    },
    {
        "control_id": "CC6.3.3",
        "control_desc": "On a quarterly basis, management reviews access rights for all SimpleLegal personnel to ensure that system access is appropriate. Any access rights that are no longer needed are removed following this review.",
        "control_test": "For a selection of quarters, inspected the account audit reports to verify whether comprehensive user access reviews were conducted by management during the period and that access rights were modified as needed, based on the review.",
        "control_test_results": "No exceptions noted.",
        "control_page_ref": 35,
        "control_line_ref": 17
    },
    {
        "control_id": "CC6.3.4",
        "control_desc": "SimpleLegal maintains remote-wipe software on all Company workstations.",
        "control_test": "Inspected the Jamf Pro dashboard to verify whether remote-wipe software for workstations had been deployed across the organization.",
        "control_test_results": "No exceptions noted.",
        "control_page_ref": 35,
        "control_line_ref": 27
    },
    {
        "control_id": "CC6.4.1",
        "control_desc": "Onit maintains a Physical Security Policy that outlines requirements around maintaining security of Onit offices and IT equipment.",
        "control_test": "Inspected the Physical Security Policy to verify whether it outlined requirements around maintaining security of Onit offices and IT equipment.",
        "control_test_results": "No exceptions noted.",
        "control_page_ref": 35,
        "control_line_ref": 47
    },
    {
        "control_id": "CC6.4.2",
        "control_desc": "The entrance to Onit’s office is locked and a keycard/fob is required to gain entry.",
        "control_test": "Inspected images of the Onit office in Houston to verify whether the entrance was locked, and a keycard/fob was required to gain entry.",
        "control_test_results": "No exceptions noted.",
        "control_page_ref": 35,
        "control_line_ref": 57
    },
    {
        "control_id": "CC6.4.3",
        "control_desc": "Onit utilizes video surveillance cameras that provide 24/7 video streaming, recoding, and motion detection.",
        "control_test": "Inspected images of the Onit office in Houston to verify whether Onit utilized cameras to provide 24/7 surveillance of the office.",
        "control_test_results": "No exceptions noted.",
        "control_page_ref": 35,
        "control_line_ref": 67
    },
    {
        "control_id": "CC6.4.4",
        "control_desc": "Onit maintains an office shred bin for the disposal of sensitive hardcopy materials.",
        "control_test": "Inspected images of the Onit office in Houston to verify whether the Onit office had a shred bin to securely dispose of sensitive hardcopy materials.",
        "control_test_results": "No exceptions noted.",
        "control_page_ref": 35,
        "control_line_ref": 77
    }
]
---
CHUNK 17 PROMPT:
You are an expert at reading SOC reports. Given the following text, extract all controls tested. Controls may be listed under section headings (such as COSO or TSC sections), and control IDs may appear in many formats: e.g., 'CC9.1', 'CC 9.1', 'CC.9.1', '9.1', or as a section like 'CC9.0' with controls listed as 1, 2, 3, etc. Do your best to distinguish between section IDs and control IDs, and capture the most specific control ID for each control. For each control, extract the following fields as accurately as possible: 
- control_id: (string, the control's unique identifier as shown in the report, or null if not found)
- control_desc: (string, the description of the control—what the company is supposed to comply with)
- control_test: (string, what the auditor tested to determine design and operating effectiveness)
- control_test_results: (string, the results of the test, e.g., 'No exceptions noted', 'No deviations noted', or a description of any exceptions or findings)
- control_page_ref: (int, page number if available, else null)
- control_line_ref: (int, line number in the text where the control was found)
If you cannot find a value, use null. Output a JSON array, one object per control. Do not include any explanation, markdown, or extra text.
Text:
owned workstations to 
enforce built-in security controls. 
Inspected the Jamf Pro dashboard to verify whether a 
centralized mobile device management solution had been 
deployed to Company-owned workstations to enforce built-
in security controls. 
No exceptions noted. 
=== PAGE 37 ===

37 
Control # 
Control Activity Specified by SimpleLegal 
Boulay’s Test of Controls 
Test Results 
CC6.8: The entity implements controls to prevent or detect and act upon the introduction of unauthorized or malicious software to meet the entity’s objectives. 
CC6.8.1 
SimpleLegal utilizes an endpoint protection tool to 
monitor employee devices and ensure that endpoint 
protection, including antivirus/anti-malware, is enabled to 
prevent the introduction of unauthorized or malicious 
software. The endpoint protection system has alerts, 
logs, and reporting functionality to analyze and inform 
the Company of potential threats. 
Inspected the Sophos dashboard to verify whether endpoint 
protection software was deployed across the organization to 
prevent and detect unauthorized or malicious software such 
as viruses, malware, and ransomware. 
Inspected the Sophos dashboard to verify whether alerts, 
logs, and reports were generated when potential threats 
were detected by the endpoint protection software. 
No exceptions noted. 
CC6.8.2 
SimpleLegal configures its email security policies to 
protect the organization from phishing, malware, and 
spam. Emails that have been quarantined are accessible 
to administrators for further review. 
Inspected the Mimecast dashboard to verify whether 
SimpleLegal configured its email security policies to protect 
the organization from phishing, malware, and spam and that 
any emails that have been quarantined are only accessible 
to administrators. 
No exceptions noted. 
System Operations 
CC7.1: To meet its objectives, the entity uses detection and monitoring procedures to identify (1) changes to configurations that result in the introduction of new 
vulnerabilities and (2) susceptibilities to newly discovered vulnerabilities.  
CC7.1.1 
SimpleLegal maintains baseline configurations for its 
information systems and system components to reflect 
the current enterprise architecture. 
Inspected the System Hardening Guidelines and the Jamf 
Pro configuration profiles to verify whether SimpleLegal 
maintained baseline configurations for its information 
systems and system components. 
No exceptions noted. 
CC7.1.2 
SimpleLegal has implemented a vulnerability 
management program to detect and remediate system 
vulnerabilities in software packages used in the 
Company’s infrastructure. System patching is performed 
on a periodic basis by the infrastructure team for proper 
vulnerability mitigation. 
For a selection of months during the period, inspected the 
Probely vulnerability scanning reports to verify whether 
SimpleLegal had implemented a vulnerability management 


RESPONSE:
[
    {
        "control_id": "CC6.8.1",
        "control_desc": "SimpleLegal utilizes an endpoint protection tool to monitor employee devices and ensure that endpoint protection, including antivirus/anti-malware, is enabled to prevent the introduction of unauthorized or malicious software. The endpoint protection system has alerts, logs, and reporting functionality to analyze and inform the Company of potential threats.",
        "control_test": "Inspected the Sophos dashboard to verify whether endpoint protection software was deployed across the organization to prevent and detect unauthorized or malicious software such as viruses, malware, and ransomware.",
        "control_test_results": "No exceptions noted.",
        "control_page_ref": 37,
        "control_line_ref": 10
    },
    {
        "control_id": "CC6.8.1",
        "control_desc": "SimpleLegal utilizes an endpoint protection tool to monitor employee devices and ensure that endpoint protection, including antivirus/anti-malware, is enabled to prevent the introduction of unauthorized or malicious software. The endpoint protection system has alerts, logs, and reporting functionality to analyze and inform the Company of potential threats.",
        "control_test": "Inspected the Sophos dashboard to verify whether alerts, logs, and reports were generated when potential threats were detected by the endpoint protection software.",
        "control_test_results": "No exceptions noted.",
        "control_page_ref": 37,
        "control_line_ref": 14
    },
    {
        "control_id": "CC6.8.2",
        "control_desc": "SimpleLegal configures its email security policies to protect the organization from phishing, malware, and spam. Emails that have been quarantined are accessible to administrators for further review.",
        "control_test": "Inspected the Mimecast dashboard to verify whether SimpleLegal configured its email security policies to protect the organization from phishing, malware, and spam and that any emails that have been quarantined are only accessible to administrators.",
        "control_test_results": "No exceptions noted.",
        "control_page_ref": 37,
        "control_line_ref": 26
    },
    {
        "control_id": "CC7.1.1",
        "control_desc": "SimpleLegal maintains baseline configurations for its information systems and system components to reflect the current enterprise architecture.",
        "control_test": "Inspected the System Hardening Guidelines and the Jamf Pro configuration profiles to verify whether SimpleLegal maintained baseline configurations for its information systems and system components.",
        "control_test_results": "No exceptions noted.",
        "control_page_ref": 37,
        "control_line_ref": 46
    },
    {
        "control_id": "CC7.1.2",
        "control_desc": "SimpleLegal has implemented a vulnerability management program to detect and remediate system vulnerabilities in software packages used in the Company’s infrastructure. System patching is performed on a periodic basis by the infrastructure team for proper vulnerability mitigation.",
        "control_test": "For a selection of months during the period, inspected the Probely vulnerability scanning reports to verify whether SimpleLegal had implemented a vulnerability management",
        "control_test_results": null,
        "control_page_ref": null,
        "control_line_ref": null
    }
]
---
CHUNK 11 PROMPT:
You are an expert at reading SOC reports. Given the following text, extract all controls tested. Controls may be listed under section headings (such as COSO or TSC sections), and control IDs may appear in many formats: e.g., 'CC9.1', 'CC 9.1', 'CC.9.1', '9.1', or as a section like 'CC9.0' with controls listed as 1, 2, 3, etc. Do your best to distinguish between section IDs and control IDs, and capture the most specific control ID for each control. For each control, extract the following fields as accurately as possible: 
- control_id: (string, the control's unique identifier as shown in the report, or null if not found)
- control_desc: (string, the description of the control—what the company is supposed to comply with)
- control_test: (string, what the auditor tested to determine design and operating effectiveness)
- control_test_results: (string, the results of the test, e.g., 'No exceptions noted', 'No deviations noted', or a description of any exceptions or findings)
- control_page_ref: (int, page number if available, else null)
- control_line_ref: (int, line number in the text where the control was found)
If you cannot find a value, use null. Output a JSON array, one object per control. Do not include any explanation, markdown, or extra text.
Text:
 from security 
events to meet the entity’s objectives. 
CC6.1.1 
SimpleLegal maintains an updated inventory of 
information assets within the organization. 
Inspected SimpleLegal's information asset inventory to 
verify whether a comprehensive inventory of information 
assets was documented. 
No exceptions noted. 
CC6.1.2 
Access to SimpleLegal’s infrastructure and sensitive 
systems/applications requires complex passwords and 
multi-factor authentication (MFA). 
Inspected the OneLogin configuration settings to verify 
whether complex passwords and MFA were required to 
access SimpleLegal’s infrastructure and sensitive 
systems/applications. 
No exceptions noted. 
CC6.1.3 
SimpleLegal utilizes AWS Key Management Service 
(KMS) to securely create and manage keys and control 
the use of encryption across its cloud-based 
environment. 
Inspected the AWS dashboard to verify whether KMS was 
used to create and manage encryption keys across 
SimpleLegal's cloud-based environment. 
No exceptions noted. 
CC6.1.4 
SimpleLegal utilizes Virtual Private Clouds (VPCs) and 
sub-networks (subnets) to achieve network segmentation 
in its AWS cloud-based environment.  
Inspected the AWS dashboard to verify whether VPCs and 
subnets were utilized to achieve network segmentation 
within the AWS cloud-based environment. 
No exceptions noted. 
CC6.1.5 
SimpleLegal utilizes the AWS Identity and Access 
Management (IAM) console to securely manage access 
to AWS services and resources. IAM enables the 
Company to create and manage AWS users/groups and 
define use permissions that allow and deny access to 
AWS resources.  
Inspected the AWS dashboard to verify whether IAM tools 
were used to securely manage access to services and 
resources in AWS. 
No exceptions noted. 
CC6.1.6 
SimpleLegal encrypts data at rest through server-side 
encryption (SSE) using AES-256. 
Inspected the AWS database configurations to verify 
whether production data was encrypted at rest using AES-
256. 
No exceptions noted. 
CC6.1.7 
SimpleLegal maintains active SHA-256 encryption 
certificates for its web application to ensure secure 
connections for its users.  
Inspected SimpleLegal's web application login page to verify 
whether an active SHA-256 encryption certificate was in 
place. 
No exceptions noted. 
CC6.1.8 
SimpleLegal encrypts all employee and contractor 
workstations with full disk encryption. 
Inspected the Jamf Pro dashboard to verify whether all 
employee and contractor workstations had full disk 
encryption enabled. 
No exceptions noted. 
=== PAGE 34 ===

34 
Control # 
Control Activity Specified by SimpleLegal 
Boulay’s Test of Controls 
Test Results 
CC6.1.9 
Administrative and privileged access rights are restricted 
to authorized personnel using a role-based access 
scheme, in accordance with the principle of least 
privilege. 
Inspected administrative access rights for SimpleLegal's 
critical applications a

RESPONSE:
[
    {
        "control_id": "CC6.1.1",
        "control_desc": "SimpleLegal maintains an updated inventory of information assets within the organization.",
        "control_test": "Inspected SimpleLegal's information asset inventory to verify whether a comprehensive inventory of information assets was documented.",
        "control_test_results": "No exceptions noted.",
        "control_page_ref": null,
        "control_line_ref": 3
    },
    {
        "control_id": "CC6.1.2",
        "control_desc": "Access to SimpleLegal’s infrastructure and sensitive systems/applications requires complex passwords and multi-factor authentication (MFA).",
        "control_test": "Inspected the OneLogin configuration settings to verify whether complex passwords and MFA were required to access SimpleLegal’s infrastructure and sensitive systems/applications.",
        "control_test_results": "No exceptions noted.",
        "control_page_ref": null,
        "control_line_ref": 10
    },
    {
        "control_id": "CC6.1.3",
        "control_desc": "SimpleLegal utilizes AWS Key Management Service (KMS) to securely create and manage keys and control the use of encryption across its cloud-based environment.",
        "control_test": "Inspected the AWS dashboard to verify whether KMS was used to create and manage encryption keys across SimpleLegal's cloud-based environment.",
        "control_test_results": "No exceptions noted.",
        "control_page_ref": null,
        "control_line_ref": 17
    },
    {
        "control_id": "CC6.1.4",
        "control_desc": "SimpleLegal utilizes Virtual Private Clouds (VPCs) and sub-networks (subnets) to achieve network segmentation in its AWS cloud-based environment.",
        "control_test": "Inspected the AWS dashboard to verify whether VPCs and subnets were utilized to achieve network segmentation within the AWS cloud-based environment.",
        "control_test_results": "No exceptions noted.",
        "control_page_ref": null,
        "control_line_ref": 24
    },
    {
        "control_id": "CC6.1.5",
        "control_desc": "SimpleLegal utilizes the AWS Identity and Access Management (IAM) console to securely manage access to AWS services and resources. IAM enables the Company to create and manage AWS users/groups and define use permissions that allow and deny access to AWS resources.",
        "control_test": "Inspected the AWS dashboard to verify whether IAM tools were used to securely manage access to services and resources in AWS.",
        "control_test_results": "No exceptions noted.",
        "control_page_ref": null,
        "control_line_ref": 31
    },
    {
        "control_id": "CC6.1.6",
        "control_desc": "SimpleLegal encrypts data at rest through server-side encryption (SSE) using AES-256.",
        "control_test": "Inspected the AWS database configurations to verify whether production data was encrypted at rest using AES-256.",
        "control_test_results": "No exceptions noted.",
        "control_page_ref": null,
        "control_line_ref": 38
    },
    {
        "control_id": "CC6.1.7",
        "control_desc": "SimpleLegal maintains active SHA-256 encryption certificates for its web application to ensure secure connections for its users.",
        "control_test": "Inspected SimpleLegal's web application login page to verify whether an active SHA-256 encryption certificate was in place.",
        "control_test_results": "No exceptions noted.",
        "control_page_ref": null,
        "control_line_ref": 45
    },
    {
        "control_id": "CC6.1.8",
        "control_desc": "SimpleLegal encrypts all employee and contractor workstations with full disk encryption.",
        "control_test": "Inspected the Jamf Pro dashboard to verify whether all employee and contractor workstations had full disk encryption enabled.",
        "control_test_results": "No exceptions noted.",
        "control_page_ref": null,
        "control_line_ref": 52
    },
    {
        "control_id": "CC6.1.9",
        "control_desc": "Administrative and privileged access rights are restricted to authorized personnel using a role-based access scheme, in accordance with the principle of least privilege.",
        "control_test": "Inspected administrative access rights for SimpleLegal's critical applications",
        "control_test_results": null,
        "control_page_ref": 34,
        "control_line_ref": 3
    }
]
---
CHUNK 19 PROMPT:
You are an expert at reading SOC reports. Given the following text, extract all controls tested. Controls may be listed under section headings (such as COSO or TSC sections), and control IDs may appear in many formats: e.g., 'CC9.1', 'CC 9.1', 'CC.9.1', '9.1', or as a section like 'CC9.0' with controls listed as 1, 2, 3, etc. Do your best to distinguish between section IDs and control IDs, and capture the most specific control ID for each control. For each control, extract the following fields as accurately as possible: 
- control_id: (string, the control's unique identifier as shown in the report, or null if not found)
- control_desc: (string, the description of the control—what the company is supposed to comply with)
- control_test: (string, what the auditor tested to determine design and operating effectiveness)
- control_test_results: (string, the results of the test, e.g., 'No exceptions noted', 'No deviations noted', or a description of any exceptions or findings)
- control_page_ref: (int, page number if available, else null)
- control_line_ref: (int, line number in the text where the control was found)
If you cannot find a value, use null. Output a JSON array, one object per control. Do not include any explanation, markdown, or extra text.
Text:
o 
achieve its security objectives. 
Inspected the Elastic dashboard to verify whether a log 
management tool was utilized to identify trends that may 
have a potential impact on the Company's ability to achieve 
its security objectives. 
No exceptions noted. 
CC7.2: The entity monitors system components and the operation of those components for anomalies that are indicative of malicious acts, natural disasters, and 
errors affecting the entity’s ability to meet its objectives; anomalies are analyzed to determine whether they represent security events. 
CC7.2.1 
SimpleLegal maintains updated detection policies, 
procedures, and tools to identify anomalies or unusual 
activity on information systems. Potential security 
incidents are filtered and analyzed based on established 
detection measures. 
Inspected the Incident Reporting and Response Policy to 
verify whether it adequately documented incident detection 
processes and management of potential incidents. 
Inspected the following monitoring tools to verify whether 
they were adequately leveraged to identify anomalies or 
unusual activity on information systems: 
• 
Web application penetration testing  
• 
Intrusion detection systems 
• 
Vulnerability scanning  
• 
Phishing simulations 
No exceptions noted. 
CC7.2.2 
Detection tools are periodically analyzed by 
management for effectiveness and remedial action is 
taken when necessary. 
For a selection of months, inspected executive leadership 
meeting invitations and agendas to verify whether the 
security team was included as attendees. 
No exceptions noted. 
SimpleLegal uses AWS to provide cloud computing and data center hosting services. Please reference Complementary Subservice Organization Controls (CSOCs) in Section III 
for additional controls that are to be implemented by the subservice organization. 
CC7.3: The entity evaluates security events to determine whether they could or have resulted in a failure of the entity to meet its objectives (security incidents) and, if 
so, takes actions to prevent or address such failures. 
CC7.3.1 
Incidents related to security are logged, tracked, and 
communicated to affected parties. Incidents are resolved 
in a timely manner in accordance with the formal incident 
management process. 
Inspected the incident tracker to verify whether it was 
utilized for logging potential incidents. 
For all incidents that occurred during the period, inspected 
incident tickets to verify whether SimpleLegal followed the 
incident response program. 
No exceptions noted. 
=== PAGE 39 ===

39 
Control # 
Control Activity Specified by SimpleLegal 
Boulay’s Test of Controls 
Test Results 
CC7.4: The entity responds to identified security incidents by executing a defined incident response program to understand, contain, remediate, and communicate 
security incidents, as appropriate. 
CC7.4.1 
SimpleLegal maintains an updated incident response 
program th

RESPONSE:
[
    {
        "control_id": "CC7.2",
        "control_desc": "The entity monitors system components and the operation of those components for anomalies that are indicative of malicious acts, natural disasters, and errors affecting the entity’s ability to meet its objectives; anomalies are analyzed to determine whether they represent security events.",
        "control_test": "Inspected the Incident Reporting and Response Policy to verify whether it adequately documented incident detection processes and management of potential incidents.",
        "control_test_results": "No exceptions noted.",
        "control_page_ref": null,
        "control_line_ref": null
    },
    {
        "control_id": "CC7.2.1",
        "control_desc": "SimpleLegal maintains updated detection policies, procedures, and tools to identify anomalies or unusual activity on information systems. Potential security incidents are filtered and analyzed based on established detection measures.",
        "control_test": "Inspected the Incident Reporting and Response Policy to verify whether it adequately documented incident detection processes and management of potential incidents.",
        "control_test_results": "No exceptions noted.",
        "control_page_ref": null,
        "control_line_ref": null
    },
    {
        "control_id": "CC7.2.2",
        "control_desc": "Detection tools are periodically analyzed by management for effectiveness and remedial action is taken when necessary.",
        "control_test": "For a selection of months, inspected executive leadership meeting invitations and agendas to verify whether the security team was included as attendees.",
        "control_test_results": "No exceptions noted.",
        "control_page_ref": null,
        "control_line_ref": null
    },
    {
        "control_id": "CC7.3",
        "control_desc": "The entity evaluates security events to determine whether they could or have resulted in a failure of the entity to meet its objectives (security incidents) and, if so, takes actions to prevent or address such failures.",
        "control_test": "Inspected the incident tracker to verify whether it was utilized for logging potential incidents.",
        "control_test_results": "No exceptions noted.",
        "control_page_ref": null,
        "control_line_ref": null
    },
    {
        "control_id": "CC7.3.1",
        "control_desc": "Incidents related to security are logged, tracked, and communicated to affected parties. Incidents are resolved in a timely manner in accordance with the formal incident management process.",
        "control_test": "For all incidents that occurred during the period, inspected incident tickets to verify whether SimpleLegal followed the incident response program.",
        "control_test_results": "No exceptions noted.",
        "control_page_ref": null,
        "control_line_ref": null
    },
    {
        "control_id": "CC7.4",
        "control_desc": "The entity responds to identified security incidents by executing a defined incident response program to understand, contain, remediate, and communicate security incidents, as appropriate.",
        "control_test": null,
        "control_test_results": null,
        "control_page_ref": 39,
        "control_line_ref": null
    },
    {
        "control_id": "CC7.4.1",
        "control_desc": "SimpleLegal maintains an updated incident response program",
        "control_test": null,
        "control_test_results": null,
        "control_page_ref": 39,
        "control_line_ref": null
    }
]
---
CHUNK 16 PROMPT:
You are an expert at reading SOC reports. Given the following text, extract all controls tested. Controls may be listed under section headings (such as COSO or TSC sections), and control IDs may appear in many formats: e.g., 'CC9.1', 'CC 9.1', 'CC.9.1', '9.1', or as a section like 'CC9.0' with controls listed as 1, 2, 3, etc. Do your best to distinguish between section IDs and control IDs, and capture the most specific control ID for each control. For each control, extract the following fields as accurately as possible: 
- control_id: (string, the control's unique identifier as shown in the report, or null if not found)
- control_desc: (string, the description of the control—what the company is supposed to comply with)
- control_test: (string, what the auditor tested to determine design and operating effectiveness)
- control_test_results: (string, the results of the test, e.g., 'No exceptions noted', 'No deviations noted', or a description of any exceptions or findings)
- control_page_ref: (int, page number if available, else null)
- control_line_ref: (int, line number in the text where the control was found)
If you cannot find a value, use null. Output a JSON array, one object per control. Do not include any explanation, markdown, or extra text.
Text:
on to verify 
whether workstations and removable media were stored in a 
secure location prior to reuse or disposal.  
Per inspection of the asset inventory and inquiry of 
management, noted that there were no disposals of 
obsolete workstations or removable media during the 
period. Therefore, further testing was not applicable. 
No exceptions noted. 
CC6.6: The entity implements logical access security measures to protect against threats from sources outside its system boundaries. 
CC6.6.1 
Firewall rules are configured to restrict network traffic to 
approved ports, protocols, and sources. 
Inspected the AWS security group configurations to verify 
whether network traffic was restricted to approved ports, 
protocols, and sources. 
No exceptions noted. 
CC6.6.2 
SimpleLegal utilizes a Web Application Firewall (WAF) to 
protect the web application from web-based threats. 
Inspected the Cloudflare dashboard to verify whether a 
WAF was utilized to protect the application from web-based 
threats. 
No exceptions noted. 
CC6.7: The entity restricts the transmission, movement, and removal of information to authorized internal and external users and processes and protects it during 
transmission, movement, or removal to meet the entity’s objectives. 
CC6.7.1 
SimpleLegal utilizes AWS Systems Manager to enable 
secure remote access to cloud resources for its 
employees and contractors.  
Inspected the AWS dashboard to verify whether Systems 
Manager was enabled to ensure secure remote access to 
cloud resources for SimpleLegal's employees and 
contractors. 
No exceptions noted. 
CC6.7.2 
Data in transit is encrypted using Transport Layer 
Security (TLS) 1.2 or higher.  
Inspected the server configuration for the web application to 
verify whether it only accepted connections using TLS 1.2 or 
above. 
No exceptions noted. 
CC6.7.3 
A centralized mobile device management solution has 
been deployed to Company-owned workstations to 
enforce built-in security controls. 
Inspected the Jamf Pro dashboard to verify whether a 
centralized mobile device management solution had been 
deployed to Company-owned workstations to enforce built-
in security controls. 
No exceptions noted. 
=== PAGE 37 ===

37 
Control # 
Control Activity Specified by SimpleLegal 
Boulay’s Test of Controls 
Test Results 
CC6.8: The entity implements controls to prevent or detect and act upon the introduction of unauthorized or malicious software to meet the entity’s objectives. 
CC6.8.1 
SimpleLegal utilizes an endpoint protection tool to 
monitor employee devices and ensure that endpoint 
protection, including antivirus/anti-malware, is enabled to 
prevent the introduction of unauthorized or malicious 
software. The endpoint protection system has alerts, 
logs, and reporting functionality to analyze and inform 
the Company of potential threats. 
Inspected the Sophos dashboard to verify whether endpoint 
protection softwa

RESPONSE:
[
    {
        "control_id": "CC6.6.1",
        "control_desc": "Firewall rules are configured to restrict network traffic to approved ports, protocols, and sources.",
        "control_test": "Inspected the AWS security group configurations to verify whether network traffic was restricted to approved ports, protocols, and sources.",
        "control_test_results": "No exceptions noted.",
        "control_page_ref": null,
        "control_line_ref": 13
    },
    {
        "control_id": "CC6.6.2",
        "control_desc": "SimpleLegal utilizes a Web Application Firewall (WAF) to protect the web application from web-based threats.",
        "control_test": "Inspected the Cloudflare dashboard to verify whether a WAF was utilized to protect the application from web-based threats.",
        "control_test_results": "No exceptions noted.",
        "control_page_ref": null,
        "control_line_ref": 21
    },
    {
        "control_id": "CC6.7.1",
        "control_desc": "SimpleLegal utilizes AWS Systems Manager to enable secure remote access to cloud resources for its employees and contractors.",
        "control_test": "Inspected the AWS dashboard to verify whether Systems Manager was enabled to ensure secure remote access to cloud resources for SimpleLegal's employees and contractors.",
        "control_test_results": "No exceptions noted.",
        "control_page_ref": null,
        "control_line_ref": 33
    },
    {
        "control_id": "CC6.7.2",
        "control_desc": "Data in transit is encrypted using Transport Layer Security (TLS) 1.2 or higher.",
        "control_test": "Inspected the server configuration for the web application to verify whether it only accepted connections using TLS 1.2 or above.",
        "control_test_results": "No exceptions noted.",
        "control_page_ref": null,
        "control_line_ref": 41
    },
    {
        "control_id": "CC6.7.3",
        "control_desc": "A centralized mobile device management solution has been deployed to Company-owned workstations to enforce built-in security controls.",
        "control_test": "Inspected the Jamf Pro dashboard to verify whether a centralized mobile device management solution had been deployed to Company-owned workstations to enforce built-in security controls.",
        "control_test_results": "No exceptions noted.",
        "control_page_ref": null,
        "control_line_ref": 49
    },
    {
        "control_id": "CC6.8.1",
        "control_desc": "SimpleLegal utilizes an endpoint protection tool to monitor employee devices and ensure that endpoint protection, including antivirus/anti-malware, is enabled to prevent the introduction of unauthorized or malicious software.",
        "control_test": "Inspected the Sophos dashboard to verify whether endpoint protection software",
        "control_test_results": null,
        "control_page_ref": null,
        "control_line_ref": 63
    }
]
---
CHUNK 20 PROMPT:
You are an expert at reading SOC reports. Given the following text, extract all controls tested. Controls may be listed under section headings (such as COSO or TSC sections), and control IDs may appear in many formats: e.g., 'CC9.1', 'CC 9.1', 'CC.9.1', '9.1', or as a section like 'CC9.0' with controls listed as 1, 2, 3, etc. Do your best to distinguish between section IDs and control IDs, and capture the most specific control ID for each control. For each control, extract the following fields as accurately as possible: 
- control_id: (string, the control's unique identifier as shown in the report, or null if not found)
- control_desc: (string, the description of the control—what the company is supposed to comply with)
- control_test: (string, what the auditor tested to determine design and operating effectiveness)
- control_test_results: (string, the results of the test, e.g., 'No exceptions noted', 'No deviations noted', or a description of any exceptions or findings)
- control_page_ref: (int, page number if available, else null)
- control_line_ref: (int, line number in the text where the control was found)
If you cannot find a value, use null. Output a JSON array, one object per control. Do not include any explanation, markdown, or extra text.
Text:
ed in a failure of the entity to meet its objectives (security incidents) and, if 
so, takes actions to prevent or address such failures. 
CC7.3.1 
Incidents related to security are logged, tracked, and 
communicated to affected parties. Incidents are resolved 
in a timely manner in accordance with the formal incident 
management process. 
Inspected the incident tracker to verify whether it was 
utilized for logging potential incidents. 
For all incidents that occurred during the period, inspected 
incident tickets to verify whether SimpleLegal followed the 
incident response program. 
No exceptions noted. 
=== PAGE 39 ===

39 
Control # 
Control Activity Specified by SimpleLegal 
Boulay’s Test of Controls 
Test Results 
CC7.4: The entity responds to identified security incidents by executing a defined incident response program to understand, contain, remediate, and communicate 
security incidents, as appropriate. 
CC7.4.1 
SimpleLegal maintains an updated incident response 
program that defines procedures for containing, 
mitigating, and ending the threats posed by security 
incidents, as well as restoring operations and 
communicating security incidents and actions taken to 
affected parties. 
Inspected the Incident Reporting and Response Policy to 
verify whether it provided comprehensive requirements and 
guidelines on how to effectively respond to potential security 
incidents and make necessary changes to mitigate the risk 
of future events. 
No exceptions noted. 
CC7.4.2 
SimpleLegal follows the incident response program by 
understanding the nature of the incident, determining a 
containment strategy, remediating identified 
vulnerabilities, and communicating remediation activities 
to appropriate internal and external parties. 
Inspected the Incident Reporting and Response Policy to 
verify whether it outlined requirements for understanding the 
nature of the incident, determining a containment strategy, 
remediating identified vulnerabilities, and communicating 
remediation activities. 
For all incidents that occurred during the period, inspected 
the incident tickets to verify whether SimpleLegal followed 
the incident response program. 
No exceptions noted. 
CC7.5: The entity identifies, develops, and implements activities to recover from identified security incidents. 
CC7.5.1 
SimpleLegal follows the Incident Response Plan to 
restore the affected environment to full operation by 
rebuilding systems, updating software, installing patches, 
and/or changing configurations, as needed. 
Inspected the Incident Reporting and Response Policy to 
verify whether it outlined processes for restoring the affected 
environment. 
For all incidents that occurred during the period, inspected 
the incident tickets to verify whether SimpleLegal restored 
the affected environments as applicable. 
No exceptions noted. 
CC7.5.2 
Information about the nature of the incident, recovery 
actio

RESPONSE:
[
    {
        "control_id": "CC7.3.1",
        "control_desc": "Incidents related to security are logged, tracked, and communicated to affected parties. Incidents are resolved in a timely manner in accordance with the formal incident management process.",
        "control_test": "Inspected the incident tracker to verify whether it was utilized for logging potential incidents.",
        "control_test_results": "No exceptions noted.",
        "control_page_ref": 39,
        "control_line_ref": 0
    },
    {
        "control_id": "CC7.4.1",
        "control_desc": "SimpleLegal maintains an updated incident response program that defines procedures for containing, mitigating, and ending the threats posed by security incidents, as well as restoring operations and communicating security incidents and actions taken to affected parties.",
        "control_test": "Inspected the Incident Reporting and Response Policy to verify whether it provided comprehensive requirements and guidelines on how to effectively respond to potential security incidents and make necessary changes to mitigate the risk of future events.",
        "control_test_results": "No exceptions noted.",
        "control_page_ref": 39,
        "control_line_ref": 0
    },
    {
        "control_id": "CC7.4.2",
        "control_desc": "SimpleLegal follows the incident response program by understanding the nature of the incident, determining a containment strategy, remediating identified vulnerabilities, and communicating remediation activities to appropriate internal and external parties.",
        "control_test": "Inspected the Incident Reporting and Response Policy to verify whether it outlined requirements for understanding the nature of the incident, determining a containment strategy, remediating identified vulnerabilities, and communicating remediation activities.",
        "control_test_results": "No exceptions noted.",
        "control_page_ref": 39,
        "control_line_ref": 0
    },
    {
        "control_id": "CC7.5.1",
        "control_desc": "SimpleLegal follows the Incident Response Plan to restore the affected environment to full operation by rebuilding systems, updating software, installing patches, and/or changing configurations, as needed.",
        "control_test": "Inspected the Incident Reporting and Response Policy to verify whether it outlined processes for restoring the affected environment.",
        "control_test_results": "No exceptions noted.",
        "control_page_ref": 39,
        "control_line_ref": 0
    }
]
---
CHUNK 18 PROMPT:
You are an expert at reading SOC reports. Given the following text, extract all controls tested. Controls may be listed under section headings (such as COSO or TSC sections), and control IDs may appear in many formats: e.g., 'CC9.1', 'CC 9.1', 'CC.9.1', '9.1', or as a section like 'CC9.0' with controls listed as 1, 2, 3, etc. Do your best to distinguish between section IDs and control IDs, and capture the most specific control ID for each control. For each control, extract the following fields as accurately as possible: 
- control_id: (string, the control's unique identifier as shown in the report, or null if not found)
- control_desc: (string, the description of the control—what the company is supposed to comply with)
- control_test: (string, what the auditor tested to determine design and operating effectiveness)
- control_test_results: (string, the results of the test, e.g., 'No exceptions noted', 'No deviations noted', or a description of any exceptions or findings)
- control_page_ref: (int, page number if available, else null)
- control_line_ref: (int, line number in the text where the control was found)
If you cannot find a value, use null. Output a JSON array, one object per control. Do not include any explanation, markdown, or extra text.
Text:
1) changes to configurations that result in the introduction of new 
vulnerabilities and (2) susceptibilities to newly discovered vulnerabilities.  
CC7.1.1 
SimpleLegal maintains baseline configurations for its 
information systems and system components to reflect 
the current enterprise architecture. 
Inspected the System Hardening Guidelines and the Jamf 
Pro configuration profiles to verify whether SimpleLegal 
maintained baseline configurations for its information 
systems and system components. 
No exceptions noted. 
CC7.1.2 
SimpleLegal has implemented a vulnerability 
management program to detect and remediate system 
vulnerabilities in software packages used in the 
Company’s infrastructure. System patching is performed 
on a periodic basis by the infrastructure team for proper 
vulnerability mitigation. 
For a selection of months during the period, inspected the 
Probely vulnerability scanning reports to verify whether 
SimpleLegal had implemented a vulnerability management 
program to detect and remediate system vulnerabilities in 
software packages. 
Per inspection of the Probely vulnerability scanning reports, 
noted that there were no vulnerabilities that required 
patching. Therefore, further testing was not applicable. 
No exceptions noted. 
CC7.1.3 
SimpleLegal uses intrusion detection systems that 
continuously monitor for malicious activity and 
unauthorized behavior related to AWS accounts, 
workloads, and data. 
Inspected the GuardDuty and CrowdStrike intrusion 
detection systems to verify whether they were implemented 
to monitor for malicious activity and unauthorized behavior 
related to AWS accounts, workloads, and data. 
No exceptions noted. 
=== PAGE 38 ===

38 
Control # 
Control Activity Specified by SimpleLegal 
Boulay’s Test of Controls 
Test Results 
CC7.1.4 
A log management tool is utilized to identify trends that 
may have a potential impact on the Company's ability to 
achieve its security objectives. 
Inspected the Elastic dashboard to verify whether a log 
management tool was utilized to identify trends that may 
have a potential impact on the Company's ability to achieve 
its security objectives. 
No exceptions noted. 
CC7.2: The entity monitors system components and the operation of those components for anomalies that are indicative of malicious acts, natural disasters, and 
errors affecting the entity’s ability to meet its objectives; anomalies are analyzed to determine whether they represent security events. 
CC7.2.1 
SimpleLegal maintains updated detection policies, 
procedures, and tools to identify anomalies or unusual 
activity on information systems. Potential security 
incidents are filtered and analyzed based on established 
detection measures. 
Inspected the Incident Reporting and Response Policy to 
verify whether it adequately documented incident detection 
processes and management of potential incidents. 
Inspected the following m

RESPONSE:
[
    {
        "control_id": "CC7.1.1",
        "control_desc": "SimpleLegal maintains baseline configurations for its information systems and system components to reflect the current enterprise architecture.",
        "control_test": "Inspected the System Hardening Guidelines and the Jamf Pro configuration profiles to verify whether SimpleLegal maintained baseline configurations for its information systems and system components.",
        "control_test_results": "No exceptions noted.",
        "control_page_ref": null,
        "control_line_ref": 5
    },
    {
        "control_id": "CC7.1.2",
        "control_desc": "SimpleLegal has implemented a vulnerability management program to detect and remediate system vulnerabilities in software packages used in the Company’s infrastructure. System patching is performed on a periodic basis by the infrastructure team for proper vulnerability mitigation.",
        "control_test": "For a selection of months during the period, inspected the Probely vulnerability scanning reports to verify whether SimpleLegal had implemented a vulnerability management program to detect and remediate system vulnerabilities in software packages.",
        "control_test_results": "Per inspection of the Probely vulnerability scanning reports, noted that there were no vulnerabilities that required patching. Therefore, further testing was not applicable. No exceptions noted.",
        "control_page_ref": null,
        "control_line_ref": 17
    },
    {
        "control_id": "CC7.1.3",
        "control_desc": "SimpleLegal uses intrusion detection systems that continuously monitor for malicious activity and unauthorized behavior related to AWS accounts, workloads, and data.",
        "control_test": "Inspected the GuardDuty and CrowdStrike intrusion detection systems to verify whether they were implemented to monitor for malicious activity and unauthorized behavior related to AWS accounts, workloads, and data.",
        "control_test_results": "No exceptions noted.",
        "control_page_ref": null,
        "control_line_ref": 29
    },
    {
        "control_id": "CC7.1.4",
        "control_desc": "A log management tool is utilized to identify trends that may have a potential impact on the Company's ability to achieve its security objectives.",
        "control_test": "Inspected the Elastic dashboard to verify whether a log management tool was utilized to identify trends that may have a potential impact on the Company's ability to achieve its security objectives.",
        "control_test_results": "No exceptions noted.",
        "control_page_ref": 38,
        "control_line_ref": 2
    },
    {
        "control_id": "CC7.2.1",
        "control_desc": "SimpleLegal maintains updated detection policies, procedures, and tools to identify anomalies or unusual activity on information systems. Potential security incidents are filtered and analyzed based on established detection measures.",
        "control_test": "Inspected the Incident Reporting and Response Policy to verify whether it adequately documented incident detection processes and management of potential incidents.",
        "control_test_results": null,
        "control_page_ref": null,
        "control_line_ref": 52
    }
]
---
CHUNK 23 PROMPT:
You are an expert at reading SOC reports. Given the following text, extract all controls tested. Controls may be listed under section headings (such as COSO or TSC sections), and control IDs may appear in many formats: e.g., 'CC9.1', 'CC 9.1', 'CC.9.1', '9.1', or as a section like 'CC9.0' with controls listed as 1, 2, 3, etc. Do your best to distinguish between section IDs and control IDs, and capture the most specific control ID for each control. For each control, extract the following fields as accurately as possible: 
- control_id: (string, the control's unique identifier as shown in the report, or null if not found)
- control_desc: (string, the description of the control—what the company is supposed to comply with)
- control_test: (string, what the auditor tested to determine design and operating effectiveness)
- control_test_results: (string, the results of the test, e.g., 'No exceptions noted', 'No deviations noted', or a description of any exceptions or findings)
- control_page_ref: (int, page number if available, else null)
- control_line_ref: (int, line number in the text where the control was found)
If you cannot find a value, use null. Output a JSON array, one object per control. Do not include any explanation, markdown, or extra text.
Text:
elease labeling, and other 
change management tasks. 
For all new hires during the period, inspected onboarding 
tickets to verify whether access rights to SimpleLegal’s 
systems and applications were approved by a system 
administrator and were appropriate based on each of the 
new hires’ roles. 
No exceptions noted. 
CC8.1.3 
Developers are unable to deploy changes to production 
without independent code review and approval. All 
deployments are logged, including who deployed the 
change and at what time it was deployed. 
Inspected the GitLab configurations to verify whether merge 
requests required at least one independent code review and 
approval prior to deployment to the production environment. 
No exceptions noted. 
=== PAGE 41 ===

41 
Control # 
Control Activity Specified by SimpleLegal 
Boulay’s Test of Controls 
Test Results 
CC8.1.4 
SimpleLegal maintains separate test and production 
environments for software development. 
Inspected the AWS dashboard to verify whether 
SimpleLegal maintained separate test and production 
environments for software development. 
No exceptions noted. 
CC8.1.5 
Changes to the production environment are 
communicated to affected internal and external 
stakeholders. 
Inspected external release notes and internal product 
change communications to verify whether changes to the 
production environment were communicated to internal and 
external users. 
No exceptions noted. 
Risk Mitigation 
CC9.1: The entity identifies, selects, and develops risk mitigation activities for risks arising from potential business disruptions. 
CC9.1.1 
SimpleLegal maintains insurance to mitigate the financial 
impact of business disruptions, including cyber incidents. 
Inspected the insurance policies for SimpleLegal to verify 
whether they included coverage against major financial risks 
to the business, including cyber incidents. 
No exceptions noted. 
CC9.1.2 
SimpleLegal maintains updated business continuity and 
disaster recovery plans that guide the organization in 
how to respond to and recover from disruptions in 
networks, systems, and internal operations. The plans 
are tested on an annual basis.  
Inspected the Business Continuity and Disaster Recovery 
Plans to verify whether they provided comprehensive 
instructions on how to respond and recover from disruptions 
in networks, systems, and internal operations. 
Inspected the disaster recovery exercise report to verify 
whether a test of the Business Continuity and Disaster 
Recovery plans had been conducted during the period. 
No exceptions noted. 
CC9.2: The entity assesses and manages risks associated with vendors and business partners. 
CC9.2.1 
SimpleLegal maintains an updated Vendor Management 
Policy to monitor and ensure service levels and ongoing 
compliance of existing vendors. The policy outlines roles, 
responsibilities, and communication protocols around 
managing vendor relationships and ex

RESPONSE:
[
    {
        "control_id": "CC8.1.3",
        "control_desc": "Developers are unable to deploy changes to production without independent code review and approval. All deployments are logged, including who deployed the change and at what time it was deployed.",
        "control_test": "Inspected the GitLab configurations to verify whether merge requests required at least one independent code review and approval prior to deployment to the production environment.",
        "control_test_results": "No exceptions noted.",
        "control_page_ref": 41,
        "control_line_ref": 7
    },
    {
        "control_id": "CC8.1.4",
        "control_desc": "SimpleLegal maintains separate test and production environments for software development.",
        "control_test": "Inspected the AWS dashboard to verify whether SimpleLegal maintained separate test and production environments for software development.",
        "control_test_results": "No exceptions noted.",
        "control_page_ref": 41,
        "control_line_ref": 19
    },
    {
        "control_id": "CC8.1.5",
        "control_desc": "Changes to the production environment are communicated to affected internal and external stakeholders.",
        "control_test": "Inspected external release notes and internal product change communications to verify whether changes to the production environment were communicated to internal and external users.",
        "control_test_results": "No exceptions noted.",
        "control_page_ref": 41,
        "control_line_ref": 29
    },
    {
        "control_id": "CC9.1.1",
        "control_desc": "SimpleLegal maintains insurance to mitigate the financial impact of business disruptions, including cyber incidents.",
        "control_test": "Inspected the insurance policies for SimpleLegal to verify whether they included coverage against major financial risks to the business, including cyber incidents.",
        "control_test_results": "No exceptions noted.",
        "control_page_ref": 41,
        "control_line_ref": 53
    },
    {
        "control_id": "CC9.1.2",
        "control_desc": "SimpleLegal maintains updated business continuity and disaster recovery plans that guide the organization in how to respond to and recover from disruptions in networks, systems, and internal operations. The plans are tested on an annual basis.",
        "control_test": "Inspected the Business Continuity and Disaster Recovery Plans to verify whether they provided comprehensive instructions on how to respond and recover from disruptions in networks, systems, and internal operations. Inspected the disaster recovery exercise report to verify whether a test of the Business Continuity and Disaster Recovery plans had been conducted during the period.",
        "control_test_results": "No exceptions noted.",
        "control_page_ref": 41,
        "control_line_ref": 65
    }
]
---
CHUNK 22 PROMPT:
You are an expert at reading SOC reports. Given the following text, extract all controls tested. Controls may be listed under section headings (such as COSO or TSC sections), and control IDs may appear in many formats: e.g., 'CC9.1', 'CC 9.1', 'CC.9.1', '9.1', or as a section like 'CC9.0' with controls listed as 1, 2, 3, etc. Do your best to distinguish between section IDs and control IDs, and capture the most specific control ID for each control. For each control, extract the following fields as accurately as possible: 
- control_id: (string, the control's unique identifier as shown in the report, or null if not found)
- control_desc: (string, the description of the control—what the company is supposed to comply with)
- control_test: (string, what the auditor tested to determine design and operating effectiveness)
- control_test_results: (string, the results of the test, e.g., 'No exceptions noted', 'No deviations noted', or a description of any exceptions or findings)
- control_page_ref: (int, page number if available, else null)
- control_line_ref: (int, line number in the text where the control was found)
If you cannot find a value, use null. Output a JSON array, one object per control. Do not include any explanation, markdown, or extra text.
Text:
ssible, to prevent and detect 
recurrences of similar incidents. This includes conducting 
additional training to educate personnel on how to 
prevent future incidents. 
Inspected the Incident Reporting and Response Policy to 
verify whether it outlined processes for performing an 
incident postmortem. 
For all incidents that occurred during the period, inspected 
the incident tickets to verify whether the appropriate parties 
had been notified, a postmortem with a root cause analysis 
was performed, and a lessons learned evaluation was 
completed. 
No exceptions noted. 
Change Management 
CC8.1: The entity authorizes, designs, develops or acquires, configures, documents, tests, approves, and implements changes to infrastructure, data, software, and 
procedures to meet its objectives. 
CC8.1.1 
SimpleLegal maintains updated change management 
and software development policies that govern the 
systems development lifecycle (SDLC), including 
(1) authorizing system changes prior to development; 
(2) designing and developing system changes; 
(3) documenting and tracking changes prior to 
implementation; (4) testing and approving system 
changes; (5) deploying changes to production; 
(6) evaluating the changes against their objectives; and 
(7) modifying infrastructure, data, software, and 
procedures to remediate identified incidents. 
Inspected the Change Management Policies to verify 
whether they adequately documented SDLC processes and 
controls, including requirements around maintaining 
information security during software development. 
No exceptions noted. 
CC8.1.2 
SimpleLegal uses a version control system to manage 
source code, documentation, release labeling, and other 
change management tasks. Access to the system must 
be approved by a system administrator. 
Inspected the GitLab dashboard to verify whether 
SimpleLegal utilized a version control system to manage 
source code, documentation, release labeling, and other 
change management tasks. 
For all new hires during the period, inspected onboarding 
tickets to verify whether access rights to SimpleLegal’s 
systems and applications were approved by a system 
administrator and were appropriate based on each of the 
new hires’ roles. 
No exceptions noted. 
CC8.1.3 
Developers are unable to deploy changes to production 
without independent code review and approval. All 
deployments are logged, including who deployed the 
change and at what time it was deployed. 
Inspected the GitLab configurations to verify whether merge 
requests required at least one independent code review and 
approval prior to deployment to the production environment. 
No exceptions noted. 
=== PAGE 41 ===

41 
Control # 
Control Activity Specified by SimpleLegal 
Boulay’s Test of Controls 
Test Results 
CC8.1.4 
SimpleLegal maintains separate test and production 
environments for software development. 
Inspected the AWS dashboard to verify whether 
Si

RESPONSE:
[
    {
        "control_id": "CC8.1",
        "control_desc": "The entity authorizes, designs, develops or acquires, configures, documents, tests, approves, and implements changes to infrastructure, data, software, and procedures to meet its objectives.",
        "control_test": "Inspected the Change Management Policies to verify whether they adequately documented SDLC processes and controls, including requirements around maintaining information security during software development.",
        "control_test_results": "No exceptions noted.",
        "control_page_ref": 41,
        "control_line_ref": 13
    },
    {
        "control_id": "CC8.1.1",
        "control_desc": "SimpleLegal maintains updated change management and software development policies that govern the systems development lifecycle (SDLC), including (1) authorizing system changes prior to development; (2) designing and developing system changes; (3) documenting and tracking changes prior to implementation; (4) testing and approving system changes; (5) deploying changes to production; (6) evaluating the changes against their objectives; and (7) modifying infrastructure, data, software, and procedures to remediate identified incidents.",
        "control_test": "Inspected the Change Management Policies to verify whether they adequately documented SDLC processes and controls, including requirements around maintaining information security during software development.",
        "control_test_results": "No exceptions noted.",
        "control_page_ref": 41,
        "control_line_ref": 33
    },
    {
        "control_id": "CC8.1.2",
        "control_desc": "SimpleLegal uses a version control system to manage source code, documentation, release labeling, and other change management tasks. Access to the system must be approved by a system administrator.",
        "control_test": "Inspected the GitLab dashboard to verify whether SimpleLegal utilized a version control system to manage source code, documentation, release labeling, and other change management tasks.",
        "control_test_results": "No exceptions noted.",
        "control_page_ref": 41,
        "control_line_ref": 53
    },
    {
        "control_id": "CC8.1.3",
        "control_desc": "Developers are unable to deploy changes to production without independent code review and approval. All deployments are logged, including who deployed the change and at what time it was deployed.",
        "control_test": "Inspected the GitLab configurations to verify whether merge requests required at least one independent code review and approval prior to deployment to the production environment.",
        "control_test_results": "No exceptions noted.",
        "control_page_ref": null,
        "control_line_ref": null
    },
    {
        "control_id": "CC8.1.4",
        "control_desc": "SimpleLegal maintains separate test and production environments for software development.",
        "control_test": "Inspected the AWS dashboard to verify whether",
        "control_test_results": null,
        "control_page_ref": 41,
        "control_line_ref": 71
    }
]
---
CHUNK 25 PROMPT:
You are an expert at reading SOC reports. Given the following text, extract all controls tested. Controls may be listed under section headings (such as COSO or TSC sections), and control IDs may appear in many formats: e.g., 'CC9.1', 'CC 9.1', 'CC.9.1', '9.1', or as a section like 'CC9.0' with controls listed as 1, 2, 3, etc. Do your best to distinguish between section IDs and control IDs, and capture the most specific control ID for each control. For each control, extract the following fields as accurately as possible: 
- control_id: (string, the control's unique identifier as shown in the report, or null if not found)
- control_desc: (string, the description of the control—what the company is supposed to comply with)
- control_test: (string, what the auditor tested to determine design and operating effectiveness)
- control_test_results: (string, the results of the test, e.g., 'No exceptions noted', 'No deviations noted', or a description of any exceptions or findings)
- control_page_ref: (int, page number if available, else null)
- control_line_ref: (int, line number in the text where the control was found)
If you cannot find a value, use null. Output a JSON array, one object per control. Do not include any explanation, markdown, or extra text.
Text:
sponses to information security questionnaires 
prior to onboarding. 
For all existing high-risk vendors, inspected the completed 
security review documentation and collected reports to 
verify whether SimpleLegal had reviewed SOC 2 reports, 
SOC 3 reports, ISO 27001 certifications, and/or responses 
to information security questionnaires. 
No exceptions noted. 
=== PAGE 43 ===

43 

Control # 
Control Activity Specified by SimpleLegal 
Boulay’s Test of Controls 
Test Results 
A1.1: The entity maintains, monitors, and evaluates current processing capacity and use of system components (infrastructure, data, and software) to manage 
capacity demand and to enable the implementation of additional capacity to help meet its objectives. 
A1.1.1 
SimpleLegal measures current usage of its system 
components to establish a baseline for capacity 
management and to identify peak use times. The risk of 
impaired availability due to capacity constraints is 
analyzed and mitigated on an ongoing basis. 
Inspected the AWS dashboard to verify whether 
SimpleLegal measures current usage of its system 
components to establish a baseline for capacity 
management and to identify peak use times. 
No exceptions noted. 
A1.1.2 
Load Balancers are utilized in AWS to automatically 
distribute network traffic and improve application 
scalability. 
Inspected the AWS dashboard to verify whether Load 
Balancers were utilized to automatically distribute network 
traffic and improve application scalability. 
No exceptions noted. 
A1.1.3 
AWS is configured to automatically scale system 
capacity to maintain steady, predictable performance. 
Inspected the AWS dashboard to verify whether Auto-
Scaling groups were established to maintain steady, 
predictable performance. 
No exceptions noted. 
A1.1.4 
SimpleLegal automatically distributes incoming 
application traffic across multiple targets and virtual 
appliances in multiple availability zones. 
Inspected the AWS dashboard to verify whether multiple 
availability zones were established to distribute application 
traffic. 
No exceptions noted. 
A1.2: The entity authorizes, designs, develops or acquires, implements, operates, approves, maintains, and monitors environmental protections, software, data back-
up processes, and recovery infrastructure to meet its objectives.  
A1.2.1 
AWS S3 buckets containing user data have versioning 
enabled.  
Inspected the AWS dashboard to verify whether buckets 
containing user data had versioning enabled. 
No exceptions noted. 
A1.2.2 
Data backups are performed daily and retained for a 
period of at least 30 days across multiple availability 
zones. 
Inspected the AWS backup configurations to verify whether 
SimpleLegal performed data backups daily and retained 
them for at least 30 days across multiple availability zones. 
No exceptions noted. 
SimpleLegal uses AWS to provide cloud computing and data center hosting services. Pleas

RESPONSE:
[
    {
        "control_id": null,
        "control_desc": "For all existing high-risk vendors, inspected the completed security review documentation and collected reports to verify whether SimpleLegal had reviewed SOC 2 reports, SOC 3 reports, ISO 27001 certifications, and/or responses to information security questionnaires.",
        "control_test": "Inspected the completed security review documentation and collected reports to verify compliance with SOC 2 reports, SOC 3 reports, ISO 27001 certifications, and/or responses to information security questionnaires.",
        "control_test_results": "No exceptions noted.",
        "control_page_ref": 43,
        "control_line_ref": null
    },
    {
        "control_id": "A1.1.1",
        "control_desc": "SimpleLegal measures current usage of its system components to establish a baseline for capacity management and to identify peak use times. The risk of impaired availability due to capacity constraints is analyzed and mitigated on an ongoing basis.",
        "control_test": "Inspected the AWS dashboard to verify whether SimpleLegal measures current usage of its system components to establish a baseline for capacity management and to identify peak use times.",
        "control_test_results": "No exceptions noted.",
        "control_page_ref": 43,
        "control_line_ref": null
    },
    {
        "control_id": "A1.1.2",
        "control_desc": "Load Balancers are utilized in AWS to automatically distribute network traffic and improve application scalability.",
        "control_test": "Inspected the AWS dashboard to verify whether Load Balancers were utilized to automatically distribute network traffic and improve application scalability.",
        "control_test_results": "No exceptions noted.",
        "control_page_ref": 43,
        "control_line_ref": null
    },
    {
        "control_id": "A1.1.3",
        "control_desc": "AWS is configured to automatically scale system capacity to maintain steady, predictable performance.",
        "control_test": "Inspected the AWS dashboard to verify whether Auto-Scaling groups were established to maintain steady, predictable performance.",
        "control_test_results": "No exceptions noted.",
        "control_page_ref": 43,
        "control_line_ref": null
    },
    {
        "control_id": "A1.1.4",
        "control_desc": "SimpleLegal automatically distributes incoming application traffic across multiple targets and virtual appliances in multiple availability zones.",
        "control_test": "Inspected the AWS dashboard to verify whether multiple availability zones were established to distribute application traffic.",
        "control_test_results": "No exceptions noted.",
        "control_page_ref": 43,
        "control_line_ref": null
    },
    {
        "control_id": "A1.2.1",
        "control_desc": "AWS S3 buckets containing user data have versioning enabled.",
        "control_test": "Inspected the AWS dashboard to verify whether buckets containing user data had versioning enabled.",
        "control_test_results": "No exceptions noted.",
        "control_page_ref": 43,
        "control_line_ref": null
    },
    {
        "control_id": "A1.2.2",
        "control_desc": "Data backups are performed daily and retained for a period of at least 30 days across multiple availability zones.",
        "control_test": "Inspected the AWS backup configurations to verify whether SimpleLegal performed data backups daily and retained them for at least 30 days across multiple availability zones.",
        "control_test_results": "No exceptions noted.",
        "control_page_ref": 43,
        "control_line_ref": null
    }
]
---
CHUNK 27 PROMPT:
You are an expert at reading SOC reports. Given the following text, extract all controls tested. Controls may be listed under section headings (such as COSO or TSC sections), and control IDs may appear in many formats: e.g., 'CC9.1', 'CC 9.1', 'CC.9.1', '9.1', or as a section like 'CC9.0' with controls listed as 1, 2, 3, etc. Do your best to distinguish between section IDs and control IDs, and capture the most specific control ID for each control. For each control, extract the following fields as accurately as possible: 
- control_id: (string, the control's unique identifier as shown in the report, or null if not found)
- control_desc: (string, the description of the control—what the company is supposed to comply with)
- control_test: (string, what the auditor tested to determine design and operating effectiveness)
- control_test_results: (string, the results of the test, e.g., 'No exceptions noted', 'No deviations noted', or a description of any exceptions or findings)
- control_page_ref: (int, page number if available, else null)
- control_line_ref: (int, line number in the text where the control was found)
If you cannot find a value, use null. Output a JSON array, one object per control. Do not include any explanation, markdown, or extra text.
Text:
hether a test of the Business Continuity and Disaster 
Recovery plans had been conducted during the period. 
No exceptions noted. 
A1.3.2 
SimpleLegal tests the integrity and completeness of 
backups on at least an annual basis. 
Inspected the continuity plan checklist to verify whether 
SimpleLegal tested the integrity and completeness of 
backups on at least an annual basis. 
No exceptions noted. 
 
=== PAGE 45 ===

45 

Control # 
Control Activity Specified by SimpleLegal 
Boulay’s Test of Controls 
Test Results 
C1.1: The entity identifies and maintains confidential information to meet the entity’s objectives related to confidentiality. 
C1.1.1 
SimpleLegal has policies and procedures in place that 
govern how confidential data is secured and restricted to 
authorized personnel. 
Inspected the Information Classification and Information 
Disposal policies to verify whether SimpleLegal had policies 
and procedures that governed how confidential data is 
secured and restricted to authorized personnel. 
No exceptions noted. 
C1.1.2 
Prior to joining SimpleLegal, all employees and 
contractors are required to sign confidentiality 
agreements. 
For all new hires during the period, inspected the signed 
contract to verify whether each individual was required to 
sign a confidentiality agreement prior to joining the 
Company. 
For 1 of 4 selected new hires, the 
confidentiality agreement was signed 
after joining SimpleLegal. Exception 
noted. 
C1.1.3 
Business Associate Agreements are signed by 
SimpleLegal’s business partners prior to establishing a 
formalized relationship. 
Per inspection of the Business Associate Agreement dashboard, there were no new business partners 
onboarded during the period. Therefore, testing was not applicable. 
C1.1.4 
SimpleLegal has Terms of Service in place with 
customers which demonstrates the Company's security 
commitments related to confidential information. 
Inspected the SimpleLegal Terms of Service to verify 
whether it demonstrated the Company's security and 
confidentiality commitments. 
No exceptions noted. 
C1.2: The entity disposes of confidential information to meet the entity’s objectives related to confidentiality. 
C1.2.1 
SimpleLegal has policies and procedures in place that 
govern how confidential information is securely deleted. 
Inspected the Information Disposal Policy to verify whether it 
outlined the requirements for disposing of various types of 
information at SimpleLegal. 
No exceptions noted. 
C1.2.2 
Customer information is deleted in a timely manner, in 
accordance with contractual requirements. 
For a selection of churned customers during the period, 
inspected offboarding tickets to verify whether SimpleLegal 
deleted customer information in a timely manner, in 
accordance with contractual requirements. 
No exceptions noted. 
CONFIDENTIALITY 
=== PAGE 46 ===

46 

Control # 
Control Activity Specified by SimpleLegal 
B

RESPONSE:
[
    {
        "control_id": "A1.3.2",
        "control_desc": "SimpleLegal tests the integrity and completeness of backups on at least an annual basis.",
        "control_test": "Inspected the continuity plan checklist to verify whether SimpleLegal tested the integrity and completeness of backups on at least an annual basis.",
        "control_test_results": "No exceptions noted.",
        "control_page_ref": 1,
        "control_line_ref": 7
    },
    {
        "control_id": "C1.1.1",
        "control_desc": "SimpleLegal has policies and procedures in place that govern how confidential data is secured and restricted to authorized personnel.",
        "control_test": "Inspected the Information Classification and Information Disposal policies to verify whether SimpleLegal had policies and procedures that governed how confidential data is secured and restricted to authorized personnel.",
        "control_test_results": "No exceptions noted.",
        "control_page_ref": 45,
        "control_line_ref": 10
    },
    {
        "control_id": "C1.1.2",
        "control_desc": "Prior to joining SimpleLegal, all employees and contractors are required to sign confidentiality agreements.",
        "control_test": "For all new hires during the period, inspected the signed contract to verify whether each individual was required to sign a confidentiality agreement prior to joining the Company.",
        "control_test_results": "For 1 of 4 selected new hires, the confidentiality agreement was signed after joining SimpleLegal. Exception noted.",
        "control_page_ref": 45,
        "control_line_ref": 24
    },
    {
        "control_id": "C1.1.4",
        "control_desc": "SimpleLegal has Terms of Service in place with customers which demonstrates the Company's security commitments related to confidential information.",
        "control_test": "Inspected the SimpleLegal Terms of Service to verify whether it demonstrated the Company's security and confidentiality commitments.",
        "control_test_results": "No exceptions noted.",
        "control_page_ref": 45,
        "control_line_ref": 52
    },
    {
        "control_id": "C1.2.1",
        "control_desc": "SimpleLegal has policies and procedures in place that govern how confidential information is securely deleted.",
        "control_test": "Inspected the Information Disposal Policy to verify whether it outlined the requirements for disposing of various types of information at SimpleLegal.",
        "control_test_results": "No exceptions noted.",
        "control_page_ref": 46,
        "control_line_ref": 10
    },
    {
        "control_id": "C1.2.2",
        "control_desc": "Customer information is deleted in a timely manner, in accordance with contractual requirements.",
        "control_test": "For a selection of churned customers during the period, inspected offboarding tickets to verify whether SimpleLegal deleted customer information in a timely manner, in accordance with contractual requirements.",
        "control_test_results": "No exceptions noted.",
        "control_page_ref": 46,
        "control_line_ref": 22
    }
]
---
CHUNK 28 PROMPT:
You are an expert at reading SOC reports. Given the following text, extract all controls tested. Controls may be listed under section headings (such as COSO or TSC sections), and control IDs may appear in many formats: e.g., 'CC9.1', 'CC 9.1', 'CC.9.1', '9.1', or as a section like 'CC9.0' with controls listed as 1, 2, 3, etc. Do your best to distinguish between section IDs and control IDs, and capture the most specific control ID for each control. For each control, extract the following fields as accurately as possible: 
- control_id: (string, the control's unique identifier as shown in the report, or null if not found)
- control_desc: (string, the description of the control—what the company is supposed to comply with)
- control_test: (string, what the auditor tested to determine design and operating effectiveness)
- control_test_results: (string, the results of the test, e.g., 'No exceptions noted', 'No deviations noted', or a description of any exceptions or findings)
- control_page_ref: (int, page number if available, else null)
- control_line_ref: (int, line number in the text where the control was found)
If you cannot find a value, use null. Output a JSON array, one object per control. Do not include any explanation, markdown, or extra text.
Text:
ed the SimpleLegal Terms of Service to verify 
whether it demonstrated the Company's security and 
confidentiality commitments. 
No exceptions noted. 
C1.2: The entity disposes of confidential information to meet the entity’s objectives related to confidentiality. 
C1.2.1 
SimpleLegal has policies and procedures in place that 
govern how confidential information is securely deleted. 
Inspected the Information Disposal Policy to verify whether it 
outlined the requirements for disposing of various types of 
information at SimpleLegal. 
No exceptions noted. 
C1.2.2 
Customer information is deleted in a timely manner, in 
accordance with contractual requirements. 
For a selection of churned customers during the period, 
inspected offboarding tickets to verify whether SimpleLegal 
deleted customer information in a timely manner, in 
accordance with contractual requirements. 
No exceptions noted. 
CONFIDENTIALITY 
=== PAGE 46 ===

46 

Control # 
Control Activity Specified by SimpleLegal 
Boulay’s Test of Controls 
Test Results 
Privacy Criteria Related to Notice and Communication of Objectives Related to Privacy 
P1.1: The entity provides notice to data subjects about its privacy practices to meet the entity’s objectives related to privacy. The notice is updated and 
communicated to data subjects in a timely manner for changes to the entity’s privacy practices, including changes in the use of personal information, to meet the 
entity’s objectives related to privacy. 
This criterion is not applicable to data processors. 
Privacy Criteria Related to Choice and Consent 
P2.1: The entity communicates choices available regarding the collection, use, retention, disclosure, and disposal of personal information to the data subjects and 
the consequences, if any, of each choice. Explicit consent for the collection, use, retention, disclosure, and disposal of personal information is obtained from data 
subjects or other authorized persons, if required. Such consent is obtained only for the intended purpose of the information to meet the entity’s objectives related to 
privacy. The entity’s basis for determining implicit consent for the collection, use, retention, disclosure, and disposal of personal information is documented. 
This criterion is not applicable to data processors. 
Privacy Criteria Related to Collection 
P3.1: Personal information is collected consistent with the entity’s objectives related to privacy. 
P3.1.1 
SimpleLegal limits the collection of personal information 
only to what is necessary, in accordance with the 
Privacy Policy. 
Inspected the SimpleLegal Terms of Service and Privacy 
Policy to verify whether personal information collected as 
part of SimpleLegal's services was consistent with the 
terms of the agreement. 
No exceptions noted. 
P3.1.2 
SimpleLegal reviews the methods of collecting 
information before they are implemented to confirm that 
personal information 

RESPONSE:
[
    {
        "control_id": "C1.2.1",
        "control_desc": "SimpleLegal has policies and procedures in place that govern how confidential information is securely deleted.",
        "control_test": "Inspected the Information Disposal Policy to verify whether it outlined the requirements for disposing of various types of information at SimpleLegal.",
        "control_test_results": "No exceptions noted.",
        "control_page_ref": null,
        "control_line_ref": 12
    },
    {
        "control_id": "C1.2.2",
        "control_desc": "Customer information is deleted in a timely manner, in accordance with contractual requirements.",
        "control_test": "For a selection of churned customers during the period, inspected offboarding tickets to verify whether SimpleLegal deleted customer information in a timely manner, in accordance with contractual requirements.",
        "control_test_results": "No exceptions noted.",
        "control_page_ref": null,
        "control_line_ref": 22
    },
    {
        "control_id": "P3.1.1",
        "control_desc": "SimpleLegal limits the collection of personal information only to what is necessary, in accordance with the Privacy Policy.",
        "control_test": "Inspected the SimpleLegal Terms of Service and Privacy Policy to verify whether personal information collected as part of SimpleLegal's services was consistent with the terms of the agreement.",
        "control_test_results": "No exceptions noted.",
        "control_page_ref": null,
        "control_line_ref": 58
    }
]
---
CHUNK 21 PROMPT:
You are an expert at reading SOC reports. Given the following text, extract all controls tested. Controls may be listed under section headings (such as COSO or TSC sections), and control IDs may appear in many formats: e.g., 'CC9.1', 'CC 9.1', 'CC.9.1', '9.1', or as a section like 'CC9.0' with controls listed as 1, 2, 3, etc. Do your best to distinguish between section IDs and control IDs, and capture the most specific control ID for each control. For each control, extract the following fields as accurately as possible: 
- control_id: (string, the control's unique identifier as shown in the report, or null if not found)
- control_desc: (string, the description of the control—what the company is supposed to comply with)
- control_test: (string, what the auditor tested to determine design and operating effectiveness)
- control_test_results: (string, the results of the test, e.g., 'No exceptions noted', 'No deviations noted', or a description of any exceptions or findings)
- control_page_ref: (int, page number if available, else null)
- control_line_ref: (int, line number in the text where the control was found)
If you cannot find a value, use null. Output a JSON array, one object per control. Do not include any explanation, markdown, or extra text.
Text:
t strategy, 
remediating identified vulnerabilities, and communicating 
remediation activities. 
For all incidents that occurred during the period, inspected 
the incident tickets to verify whether SimpleLegal followed 
the incident response program. 
No exceptions noted. 
CC7.5: The entity identifies, develops, and implements activities to recover from identified security incidents. 
CC7.5.1 
SimpleLegal follows the Incident Response Plan to 
restore the affected environment to full operation by 
rebuilding systems, updating software, installing patches, 
and/or changing configurations, as needed. 
Inspected the Incident Reporting and Response Policy to 
verify whether it outlined processes for restoring the affected 
environment. 
For all incidents that occurred during the period, inspected 
the incident tickets to verify whether SimpleLegal restored 
the affected environments as applicable. 
No exceptions noted. 
CC7.5.2 
Information about the nature of the incident, recovery 
actions taken, and activities required for the prevention 
of future security events are communicated to 
appropriate internal and external parties. 
Inspected the Incident Reporting and Response Policy to 
verify whether it outlined processes for communicating 
information to relevant parties. 
For all incidents that occurred during the period, inspected 
the incident tickets to verify whether the log included 
information about the nature of the incident, recovery 
actions taken, and activities implemented for the prevention 
of future security events. 
No exceptions noted. 
=== PAGE 40 ===

40 
Control # 
Control Activity Specified by SimpleLegal 
Boulay’s Test of Controls 
Test Results 
CC7.5.3 
After an incident has been resolved and appropriate 
parties have been notified, a postmortem that includes a 
root cause analysis and lessons learned is completed. 
Architectural and/or procedural changes are 
implemented, when possible, to prevent and detect 
recurrences of similar incidents. This includes conducting 
additional training to educate personnel on how to 
prevent future incidents. 
Inspected the Incident Reporting and Response Policy to 
verify whether it outlined processes for performing an 
incident postmortem. 
For all incidents that occurred during the period, inspected 
the incident tickets to verify whether the appropriate parties 
had been notified, a postmortem with a root cause analysis 
was performed, and a lessons learned evaluation was 
completed. 
No exceptions noted. 
Change Management 
CC8.1: The entity authorizes, designs, develops or acquires, configures, documents, tests, approves, and implements changes to infrastructure, data, software, and 
procedures to meet its objectives. 
CC8.1.1 
SimpleLegal maintains updated change management 
and software development policies that govern the 
systems development lifecycle (SDLC), including 
(1) authorizing system changes prior to devel

RESPONSE:
[
    {
        "control_id": "CC7.5",
        "control_desc": "The entity identifies, develops, and implements activities to recover from identified security incidents.",
        "control_test": "Inspected the Incident Reporting and Response Policy to verify whether it outlined processes for restoring the affected environment. For all incidents that occurred during the period, inspected the incident tickets to verify whether SimpleLegal restored the affected environments as applicable.",
        "control_test_results": "No exceptions noted.",
        "control_page_ref": 40,
        "control_line_ref": 6
    },
    {
        "control_id": "CC7.5.1",
        "control_desc": "SimpleLegal follows the Incident Response Plan to restore the affected environment to full operation by rebuilding systems, updating software, installing patches, and/or changing configurations, as needed.",
        "control_test": "Inspected the Incident Reporting and Response Policy to verify whether it outlined processes for restoring the affected environment. For all incidents that occurred during the period, inspected the incident tickets to verify whether SimpleLegal restored the affected environments as applicable.",
        "control_test_results": "No exceptions noted.",
        "control_page_ref": 40,
        "control_line_ref": 20
    },
    {
        "control_id": "CC7.5.2",
        "control_desc": "Information about the nature of the incident, recovery actions taken, and activities required for the prevention of future security events are communicated to appropriate internal and external parties.",
        "control_test": "Inspected the Incident Reporting and Response Policy to verify whether it outlined processes for communicating information to relevant parties. For all incidents that occurred during the period, inspected the incident tickets to verify whether the log included information about the nature of the incident, recovery actions taken, and activities implemented for the prevention of future security events.",
        "control_test_results": "No exceptions noted.",
        "control_page_ref": 40,
        "control_line_ref": 38
    },
    {
        "control_id": "CC7.5.3",
        "control_desc": "After an incident has been resolved and appropriate parties have been notified, a postmortem that includes a root cause analysis and lessons learned is completed. Architectural and/or procedural changes are implemented, when possible, to prevent and detect recurrences of similar incidents. This includes conducting additional training to educate personnel on how to prevent future incidents.",
        "control_test": "Inspected the Incident Reporting and Response Policy to verify whether it outlined processes for performing an incident postmortem. For all incidents that occurred during the period, inspected the incident tickets to verify whether the appropriate parties had been notified, a postmortem with a root cause analysis was performed, and a lessons learned evaluation was completed.",
        "control_test_results": "No exceptions noted.",
        "control_page_ref": 40,
        "control_line_ref": 56
    },
    {
        "control_id": "CC8.1",
        "control_desc": "The entity authorizes, designs, develops or acquires, configures, documents, tests, approves, and implements changes to infrastructure, data, software, and procedures to meet its objectives.",
        "control_test": null,
        "control_test_results": null,
        "control_page_ref": 40,
        "control_line_ref": 80
    }
]
---
CHUNK 26 PROMPT:
You are an expert at reading SOC reports. Given the following text, extract all controls tested. Controls may be listed under section headings (such as COSO or TSC sections), and control IDs may appear in many formats: e.g., 'CC9.1', 'CC 9.1', 'CC.9.1', '9.1', or as a section like 'CC9.0' with controls listed as 1, 2, 3, etc. Do your best to distinguish between section IDs and control IDs, and capture the most specific control ID for each control. For each control, extract the following fields as accurately as possible: 
- control_id: (string, the control's unique identifier as shown in the report, or null if not found)
- control_desc: (string, the description of the control—what the company is supposed to comply with)
- control_test: (string, what the auditor tested to determine design and operating effectiveness)
- control_test_results: (string, the results of the test, e.g., 'No exceptions noted', 'No deviations noted', or a description of any exceptions or findings)
- control_page_ref: (int, page number if available, else null)
- control_line_ref: (int, line number in the text where the control was found)
If you cannot find a value, use null. Output a JSON array, one object per control. Do not include any explanation, markdown, or extra text.
Text:
y zones. 
Inspected the AWS dashboard to verify whether multiple 
availability zones were established to distribute application 
traffic. 
No exceptions noted. 
A1.2: The entity authorizes, designs, develops or acquires, implements, operates, approves, maintains, and monitors environmental protections, software, data back-
up processes, and recovery infrastructure to meet its objectives.  
A1.2.1 
AWS S3 buckets containing user data have versioning 
enabled.  
Inspected the AWS dashboard to verify whether buckets 
containing user data had versioning enabled. 
No exceptions noted. 
A1.2.2 
Data backups are performed daily and retained for a 
period of at least 30 days across multiple availability 
zones. 
Inspected the AWS backup configurations to verify whether 
SimpleLegal performed data backups daily and retained 
them for at least 30 days across multiple availability zones. 
No exceptions noted. 
SimpleLegal uses AWS to provide cloud computing and data center hosting services. Please reference Complementary Subservice Organization Controls (CSOCs) in Section III 
for additional controls that are to be implemented by the subservice organization. 
AVAILABILITY 
=== PAGE 44 ===

44 
Control # 
Control Activity Specified by SimpleLegal 
Boulay’s Test of Controls 
Test Results 
A1.3: The entity tests recovery plan procedures supporting system recovery to meet its objectives.  
A1.3.1 
SimpleLegal maintains updated business continuity and 
disaster recovery plans that guide the organization in 
how to respond to and recover from disruptions in 
networks, systems, and internal operations. The plans 
are tested on an annual basis.  
Inspected the Business Continuity and Disaster Recovery 
Plans to verify whether they provided comprehensive 
instructions on how to respond and recover from 
disruptions in networks, systems, and internal operations. 
Inspected the disaster recovery exercise report to verify 
whether a test of the Business Continuity and Disaster 
Recovery plans had been conducted during the period. 
No exceptions noted. 
A1.3.2 
SimpleLegal tests the integrity and completeness of 
backups on at least an annual basis. 
Inspected the continuity plan checklist to verify whether 
SimpleLegal tested the integrity and completeness of 
backups on at least an annual basis. 
No exceptions noted. 
 
=== PAGE 45 ===

45 

Control # 
Control Activity Specified by SimpleLegal 
Boulay’s Test of Controls 
Test Results 
C1.1: The entity identifies and maintains confidential information to meet the entity’s objectives related to confidentiality. 
C1.1.1 
SimpleLegal has policies and procedures in place that 
govern how confidential data is secured and restricted to 
authorized personnel. 
Inspected the Information Classification and Information 
Disposal policies to verify whether SimpleLegal had policies 
and procedures that governed how confidential data is 
secured and restricted to auth

RESPONSE:
[
    {
        "control_id": "A1.2.1",
        "control_desc": "AWS S3 buckets containing user data have versioning enabled.",
        "control_test": "Inspected the AWS dashboard to verify whether buckets containing user data had versioning enabled.",
        "control_test_results": "No exceptions noted.",
        "control_page_ref": null,
        "control_line_ref": 13
    },
    {
        "control_id": "A1.2.2",
        "control_desc": "Data backups are performed daily and retained for a period of at least 30 days across multiple availability zones.",
        "control_test": "Inspected the AWS backup configurations to verify whether SimpleLegal performed data backups daily and retained them for at least 30 days across multiple availability zones.",
        "control_test_results": "No exceptions noted.",
        "control_page_ref": null,
        "control_line_ref": 21
    },
    {
        "control_id": "A1.3.1",
        "control_desc": "SimpleLegal maintains updated business continuity and disaster recovery plans that guide the organization in how to respond to and recover from disruptions in networks, systems, and internal operations. The plans are tested on an annual basis.",
        "control_test": "Inspected the Business Continuity and Disaster Recovery Plans to verify whether they provided comprehensive instructions on how to respond and recover from disruptions in networks, systems, and internal operations. Inspected the disaster recovery exercise report to verify whether a test of the Business Continuity and Disaster Recovery plans had been conducted during the period.",
        "control_test_results": "No exceptions noted.",
        "control_page_ref": 44,
        "control_line_ref": 6
    },
    {
        "control_id": "A1.3.2",
        "control_desc": "SimpleLegal tests the integrity and completeness of backups on at least an annual basis.",
        "control_test": "Inspected the continuity plan checklist to verify whether SimpleLegal tested the integrity and completeness of backups on at least an annual basis.",
        "control_test_results": "No exceptions noted.",
        "control_page_ref": 45,
        "control_line_ref": 6
    },
    {
        "control_id": "C1.1.1",
        "control_desc": "SimpleLegal has policies and procedures in place that govern how confidential data is secured and restricted to authorized personnel.",
        "control_test": "Inspected the Information Classification and Information Disposal policies to verify whether SimpleLegal had policies and procedures that governed how confidential data is secured and restricted to auth",
        "control_test_results": null,
        "control_page_ref": 45,
        "control_line_ref": 6
    }
]
---
CHUNK 24 PROMPT:
You are an expert at reading SOC reports. Given the following text, extract all controls tested. Controls may be listed under section headings (such as COSO or TSC sections), and control IDs may appear in many formats: e.g., 'CC9.1', 'CC 9.1', 'CC.9.1', '9.1', or as a section like 'CC9.0' with controls listed as 1, 2, 3, etc. Do your best to distinguish between section IDs and control IDs, and capture the most specific control ID for each control. For each control, extract the following fields as accurately as possible: 
- control_id: (string, the control's unique identifier as shown in the report, or null if not found)
- control_desc: (string, the description of the control—what the company is supposed to comply with)
- control_test: (string, what the auditor tested to determine design and operating effectiveness)
- control_test_results: (string, the results of the test, e.g., 'No exceptions noted', 'No deviations noted', or a description of any exceptions or findings)
- control_page_ref: (int, page number if available, else null)
- control_line_ref: (int, line number in the text where the control was found)
If you cannot find a value, use null. Output a JSON array, one object per control. Do not include any explanation, markdown, or extra text.
Text:
 updated business continuity and 
disaster recovery plans that guide the organization in 
how to respond to and recover from disruptions in 
networks, systems, and internal operations. The plans 
are tested on an annual basis.  
Inspected the Business Continuity and Disaster Recovery 
Plans to verify whether they provided comprehensive 
instructions on how to respond and recover from disruptions 
in networks, systems, and internal operations. 
Inspected the disaster recovery exercise report to verify 
whether a test of the Business Continuity and Disaster 
Recovery plans had been conducted during the period. 
No exceptions noted. 
CC9.2: The entity assesses and manages risks associated with vendors and business partners. 
CC9.2.1 
SimpleLegal maintains an updated Vendor Management 
Policy to monitor and ensure service levels and ongoing 
compliance of existing vendors. The policy outlines roles, 
responsibilities, and communication protocols around 
managing vendor relationships and exception handling.  
Inspected the Vendor Management Policy to verify whether 
it adequately documented requirements and guidelines for 
conducting vendor due diligence reviews and risk 
assessments. 
No exceptions noted. 
=== PAGE 42 ===

42 
Control # 
Control Activity Specified by SimpleLegal 
Boulay’s Test of Controls 
Test Results 
CC9.2.2 
SimpleLegal conducts comprehensive vendor due 
diligence prior to onboarding new high-risk vendors, as 
well as on an annual basis for existing high-risk vendors. 
This includes performing a vendor risk assessment and 
reviewing the SOC 2 reports, SOC 3 reports, ISO 27001 
certifications and/or responses to information security 
questionnaires.  
For the one new vendor onboarded during the period, 
inspected the completed security review documentation and 
collected report to verify whether SimpleLegal had reviewed 
SOC 2 reports, SOC 3 reports, ISO 27001 certifications, 
and/or responses to information security questionnaires 
prior to onboarding. 
For all existing high-risk vendors, inspected the completed 
security review documentation and collected reports to 
verify whether SimpleLegal had reviewed SOC 2 reports, 
SOC 3 reports, ISO 27001 certifications, and/or responses 
to information security questionnaires. 
No exceptions noted. 
=== PAGE 43 ===

43 

Control # 
Control Activity Specified by SimpleLegal 
Boulay’s Test of Controls 
Test Results 
A1.1: The entity maintains, monitors, and evaluates current processing capacity and use of system components (infrastructure, data, and software) to manage 
capacity demand and to enable the implementation of additional capacity to help meet its objectives. 
A1.1.1 
SimpleLegal measures current usage of its system 
components to establish a baseline for capacity 
management and to identify peak use times. The risk of 
impaired availability due to capacity constraints is 
analyzed and mitigated on an ongoing basis

RESPONSE:
[
    {
        "control_id": null,
        "control_desc": "updated business continuity and disaster recovery plans that guide the organization in how to respond to and recover from disruptions in networks, systems, and internal operations. The plans are tested on an annual basis.",
        "control_test": "Inspected the Business Continuity and Disaster Recovery Plans to verify whether they provided comprehensive instructions on how to respond and recover from disruptions in networks, systems, and internal operations.",
        "control_test_results": "No exceptions noted.",
        "control_page_ref": null,
        "control_line_ref": null
    },
    {
        "control_id": "CC9.2.1",
        "control_desc": "SimpleLegal maintains an updated Vendor Management Policy to monitor and ensure service levels and ongoing compliance of existing vendors. The policy outlines roles, responsibilities, and communication protocols around managing vendor relationships and exception handling.",
        "control_test": "Inspected the Vendor Management Policy to verify whether it adequately documented requirements and guidelines for conducting vendor due diligence reviews and risk assessments.",
        "control_test_results": "No exceptions noted.",
        "control_page_ref": 42,
        "control_line_ref": null
    },
    {
        "control_id": "CC9.2.2",
        "control_desc": "SimpleLegal conducts comprehensive vendor due diligence prior to onboarding new high-risk vendors, as well as on an annual basis for existing high-risk vendors. This includes performing a vendor risk assessment and reviewing the SOC 2 reports, SOC 3 reports, ISO 27001 certifications and/or responses to information security questionnaires.",
        "control_test": "For the one new vendor onboarded during the period, inspected the completed security review documentation and collected report to verify whether SimpleLegal had reviewed SOC 2 reports, SOC 3 reports, ISO 27001 certifications, and/or responses to information security questionnaires prior to onboarding. For all existing high-risk vendors, inspected the completed security review documentation and collected reports to verify whether SimpleLegal had reviewed SOC 2 reports, SOC 3 reports, ISO 27001 certifications, and/or responses to information security questionnaires.",
        "control_test_results": "No exceptions noted.",
        "control_page_ref": 43,
        "control_line_ref": null
    },
    {
        "control_id": "A1.1.1",
        "control_desc": "SimpleLegal measures current usage of its system components to establish a baseline for capacity management and to identify peak use times. The risk of impaired availability due to capacity constraints is analyzed and mitigated on an ongoing basis",
        "control_test": null,
        "control_test_results": null,
        "control_page_ref": 43,
        "control_line_ref": null
    }
]
---
CHUNK 30 PROMPT:
You are an expert at reading SOC reports. Given the following text, extract all controls tested. Controls may be listed under section headings (such as COSO or TSC sections), and control IDs may appear in many formats: e.g., 'CC9.1', 'CC 9.1', 'CC.9.1', '9.1', or as a section like 'CC9.0' with controls listed as 1, 2, 3, etc. Do your best to distinguish between section IDs and control IDs, and capture the most specific control ID for each control. For each control, extract the following fields as accurately as possible: 
- control_id: (string, the control's unique identifier as shown in the report, or null if not found)
- control_desc: (string, the description of the control—what the company is supposed to comply with)
- control_test: (string, what the auditor tested to determine design and operating effectiveness)
- control_test_results: (string, the results of the test, e.g., 'No exceptions noted', 'No deviations noted', or a description of any exceptions or findings)
- control_page_ref: (int, page number if available, else null)
- control_line_ref: (int, line number in the text where the control was found)
If you cannot find a value, use null. Output a JSON array, one object per control. Do not include any explanation, markdown, or extra text.
Text:
hey collect information 
fairly and lawfully. 
No exceptions noted. 
P3.1.4 
Data subjects are informed if SimpleLegal develops or 
acquires additional information about them for its use.  
Inspected the Privacy Policy to verify whether it provided 
an objective description of the personal information that 
SimpleLegal collects. 
No exceptions noted. 
P3.2: For information requiring explicit consent, the entity communicates the need for such consent, as well as the consequences of a failure to provide consent for 
the request for personal information, and obtains the consent prior to the collection of the information to meet the entity’s objectives related to privacy. 
This criterion is not applicable to data processors. 
Privacy Criteria Related to Use, Retention, and Disposal 
P4.1: The entity limits the use of personal information to the purposes identified in the entity’s objectives related to privacy. 
P4.1.1 
SimpleLegal limits the use of personal information only 
for the intended purposes for which it was collected and 
only when it has lawful basis to collect and process such 
data. 
Inspected the SimpleLegal website to verify whether the 
defined limitations on the use and retention of personal 
information were in line with the Privacy Policy. 
Inspected the organizational chart and inquired of the 
General Counsel to verify whether a legal and 
compliance team is in place to evaluate the methods by 
which personal information is collected. 
No exceptions noted. 
P4.2: The entity retains personal information consistent with the entity’s objectives related to privacy. 
P4.2.1 
SimpleLegal retains personal information for no longer 
than necessary to fulfill the stated purposes unless a law 
or regulation specifically requires otherwise. 
Inspected the SimpleLegal Privacy Policy to verify 
whether it documented data subjects’ right to the erasure 
of personal information. 
Per inspection of the Legal Services Request dashboard, 
noted there were no data subject requests during the 
period. Therefore, further testing was not applicable. 
No exceptions noted. 
P4.2.2 
SimpleLegal maintains policies and procedures to 
protect personal information from erasure during the 
specified retention period of the information. 
Inspected the Records Retention and Information 
Disposal policies to verify whether they outlined how data 
was to be protected from erasure during the specified 
retention period. 
No exceptions noted. 
=== PAGE 48 ===

48 
Control # 
Control Activity Specified by SimpleLegal 
Boulay’s Test of Controls 
Test Results 
P4.3: The entity securely disposes of personal information to meet the entity’s objectives related to privacy. 
P4.3.1 
SimpleLegal captures requests for the deletion of 
personal information and identifies and flags the 
information for destruction to support the achievement of 
its objectives related to privacy. 
Inspected the SimpleLegal Privacy

RESPONSE:
[
    {
        "control_id": "P3.1.4",
        "control_desc": "Data subjects are informed if SimpleLegal develops or acquires additional information about them for its use.",
        "control_test": "Inspected the Privacy Policy to verify whether it provided an objective description of the personal information that SimpleLegal collects.",
        "control_test_results": "No exceptions noted.",
        "control_page_ref": null,
        "control_line_ref": null
    },
    {
        "control_id": "P3.2",
        "control_desc": "For information requiring explicit consent, the entity communicates the need for such consent, as well as the consequences of a failure to provide consent for the request for personal information, and obtains the consent prior to the collection of the information to meet the entity’s objectives related to privacy.",
        "control_test": null,
        "control_test_results": "This criterion is not applicable to data processors.",
        "control_page_ref": null,
        "control_line_ref": null
    },
    {
        "control_id": "P4.1.1",
        "control_desc": "SimpleLegal limits the use of personal information only for the intended purposes for which it was collected and only when it has lawful basis to collect and process such data.",
        "control_test": "Inspected the SimpleLegal website to verify whether the defined limitations on the use and retention of personal information were in line with the Privacy Policy. Inspected the organizational chart and inquired of the General Counsel to verify whether a legal and compliance team is in place to evaluate the methods by which personal information is collected.",
        "control_test_results": "No exceptions noted.",
        "control_page_ref": null,
        "control_line_ref": null
    },
    {
        "control_id": "P4.2.1",
        "control_desc": "SimpleLegal retains personal information for no longer than necessary to fulfill the stated purposes unless a law or regulation specifically requires otherwise.",
        "control_test": "Inspected the SimpleLegal Privacy Policy to verify whether it documented data subjects’ right to the erasure of personal information. Per inspection of the Legal Services Request dashboard, noted there were no data subject requests during the period. Therefore, further testing was not applicable.",
        "control_test_results": "No exceptions noted.",
        "control_page_ref": null,
        "control_line_ref": null
    },
    {
        "control_id": "P4.2.2",
        "control_desc": "SimpleLegal maintains policies and procedures to protect personal information from erasure during the specified retention period of the information.",
        "control_test": "Inspected the Records Retention and Information Disposal policies to verify whether they outlined how data was to be protected from erasure during the specified retention period.",
        "control_test_results": "No exceptions noted.",
        "control_page_ref": null,
        "control_line_ref": null
    },
    {
        "control_id": "P4.3.1",
        "control_desc": "SimpleLegal captures requests for the deletion of personal information and identifies and flags the information for destruction to support the achievement of its objectives related to privacy.",
        "control_test": "Inspected the SimpleLegal Privacy",
        "control_test_results": null,
        "control_page_ref": null,
        "control_line_ref": null
    }
]
---
CHUNK 33 PROMPT:
You are an expert at reading SOC reports. Given the following text, extract all controls tested. Controls may be listed under section headings (such as COSO or TSC sections), and control IDs may appear in many formats: e.g., 'CC9.1', 'CC 9.1', 'CC.9.1', '9.1', or as a section like 'CC9.0' with controls listed as 1, 2, 3, etc. Do your best to distinguish between section IDs and control IDs, and capture the most specific control ID for each control. For each control, extract the following fields as accurately as possible: 
- control_id: (string, the control's unique identifier as shown in the report, or null if not found)
- control_desc: (string, the description of the control—what the company is supposed to comply with)
- control_test: (string, what the auditor tested to determine design and operating effectiveness)
- control_test_results: (string, the results of the test, e.g., 'No exceptions noted', 'No deviations noted', or a description of any exceptions or findings)
- control_page_ref: (int, page number if available, else null)
- control_line_ref: (int, line number in the text where the control was found)
If you cannot find a value, use null. Output a JSON array, one object per control. Do not include any explanation, markdown, or extra text.
Text:
 no data subject requests during the 
period. Therefore, further testing was not applicable. 
No exceptions noted. 
P5.1.3 
SimpleLegal authenticates the identify of data subjects 
who request access to their personal information before 
giving them access to that information. 
Inspected procedure documentation for processing 
privacy requests to verify whether it included a 
requirement to authenticate the identity of the data 
subject making the request. 
Per inspection of the Legal Services Request dashboard, 
noted there were no data subject requests during the 
period. Therefore, further testing was not applicable. 
No exceptions noted. 
P5.1.4 
SimpleLegal provides personal information to data 
subjects in an understandable form, in a reasonable 
timeframe, and at a reasonable cost, if any.  
Inspected procedure documentation for processing 
privacy requests to verify whether it included 
requirements to provide personal information to data 
subjects in an understandable form, in a reasonable 
timeframe, and at a reasonable cost, if necessary.  
Per inspection of the Legal Services Request dashboard, 
noted there were no data subject requests during the 
period. Therefore, further testing was not applicable. 
No exceptions noted. 
P5.2: The entity corrects, amends, or appends personal information based on information provided by data subjects and communicates such information to third 
parties, as committed or required, to meet the entity’s objectives related to privacy. If a request for correction is denied, data subjects are informed of the denial and 
reason for such denial to meet the entity’s objectives related to privacy. 
P5.2.1 
SimpleLegal has a process to respond to data subjects’ 
update requests, including enabling them to correct their 
personal information, in accordance with SimpleLegal’s 
objectives related to privacy. 
Inspected procedure documentation for processing 
privacy requests to verify whether it included 
requirements to provide personal information to data 
subjects in an understandable form, in a reasonable 
timeframe, and at a reasonable cost, if necessary.  
Per inspection of the Legal Services Request dashboard, 
noted there were no data subject requests during the 
period. Therefore, further testing was not applicable. 
No exceptions noted. 
=== PAGE 50 ===

50 
Control # 
Control Activity Specified by SimpleLegal 
Boulay’s Test of Controls 
Test Results 
Privacy Criteria Related to Disclosure and Notification 
P6.1: The entity discloses personal information to third parties with the explicit consent of data subjects, and such consent is obtained prior to disclosure to meet 
the entity’s objectives related to privacy. 
P6.1.1 
SimpleLegal discloses personal information only to 
clients and third parties who have agreements in place 
to protect personal information in a manner consistent 
with the relevant aspects of SimpleLegal’s privacy 
polic

RESPONSE:
[
    {
        "control_id": "P5.1.3",
        "control_desc": "SimpleLegal authenticates the identify of data subjects who request access to their personal information before giving them access to that information.",
        "control_test": "Inspected procedure documentation for processing privacy requests to verify whether it included a requirement to authenticate the identity of the data subject making the request.",
        "control_test_results": "No exceptions noted.",
        "control_page_ref": null,
        "control_line_ref": 7
    },
    {
        "control_id": "P5.1.4",
        "control_desc": "SimpleLegal provides personal information to data subjects in an understandable form, in a reasonable timeframe, and at a reasonable cost, if any.",
        "control_test": "Inspected procedure documentation for processing privacy requests to verify whether it included requirements to provide personal information to data subjects in an understandable form, in a reasonable timeframe, and at a reasonable cost, if necessary.",
        "control_test_results": "No exceptions noted.",
        "control_page_ref": null,
        "control_line_ref": 19
    },
    {
        "control_id": "P5.2.1",
        "control_desc": "SimpleLegal has a process to respond to data subjects’ update requests, including enabling them to correct their personal information, in accordance with SimpleLegal’s objectives related to privacy.",
        "control_test": "Inspected procedure documentation for processing privacy requests to verify whether it included requirements to provide personal information to data subjects in an understandable form, in a reasonable timeframe, and at a reasonable cost, if necessary.",
        "control_test_results": "No exceptions noted.",
        "control_page_ref": null,
        "control_line_ref": 39
    },
    {
        "control_id": "P6.1.1",
        "control_desc": "SimpleLegal discloses personal information only to clients and third parties who have agreements in place to protect personal information in a manner consistent with the relevant aspects of SimpleLegal’s privacy policy.",
        "control_test": null,
        "control_test_results": null,
        "control_page_ref": 50,
        "control_line_ref": 6
    }
]
---
CHUNK 29 PROMPT:
You are an expert at reading SOC reports. Given the following text, extract all controls tested. Controls may be listed under section headings (such as COSO or TSC sections), and control IDs may appear in many formats: e.g., 'CC9.1', 'CC 9.1', 'CC.9.1', '9.1', or as a section like 'CC9.0' with controls listed as 1, 2, 3, etc. Do your best to distinguish between section IDs and control IDs, and capture the most specific control ID for each control. For each control, extract the following fields as accurately as possible: 
- control_id: (string, the control's unique identifier as shown in the report, or null if not found)
- control_desc: (string, the description of the control—what the company is supposed to comply with)
- control_test: (string, what the auditor tested to determine design and operating effectiveness)
- control_test_results: (string, the results of the test, e.g., 'No exceptions noted', 'No deviations noted', or a description of any exceptions or findings)
- control_page_ref: (int, page number if available, else null)
- control_line_ref: (int, line number in the text where the control was found)
If you cannot find a value, use null. Output a JSON array, one object per control. Do not include any explanation, markdown, or extra text.
Text:
ther authorized persons, if required. Such consent is obtained only for the intended purpose of the information to meet the entity’s objectives related to 
privacy. The entity’s basis for determining implicit consent for the collection, use, retention, disclosure, and disposal of personal information is documented. 
This criterion is not applicable to data processors. 
Privacy Criteria Related to Collection 
P3.1: Personal information is collected consistent with the entity’s objectives related to privacy. 
P3.1.1 
SimpleLegal limits the collection of personal information 
only to what is necessary, in accordance with the 
Privacy Policy. 
Inspected the SimpleLegal Terms of Service and Privacy 
Policy to verify whether personal information collected as 
part of SimpleLegal's services was consistent with the 
terms of the agreement. 
No exceptions noted. 
P3.1.2 
SimpleLegal reviews the methods of collecting 
information before they are implemented to confirm that 
personal information is obtained (a) fairly, without 
intimidation or deception, and (b) lawfully, adhering to all 
relevant rules or law, whether derived from statute or 
common law, relating to the collection of personal 
information.  
Inspected the organizational chart and inquired of the 
General Counsel to verify whether a legal and 
compliance team is in place to evaluate the methods by 
which personal information is collected. 
No exceptions noted. 
PRIVACY 
=== PAGE 47 ===

47 
Control # 
Control Activity Specified by SimpleLegal 
Boulay’s Test of Controls 
Test Results 
P3.1.3 
SimpleLegal confirms that third parties from whom 
personal information is collected are reliable sources 
that collect information fairly and lawfully.  
For all third-party sub-processors, inspected the signed 
agreements to verify whether SimpleLegal confirmed that 
third parties from whom personal information is collected 
were reliable sources and that they collect information 
fairly and lawfully. 
No exceptions noted. 
P3.1.4 
Data subjects are informed if SimpleLegal develops or 
acquires additional information about them for its use.  
Inspected the Privacy Policy to verify whether it provided 
an objective description of the personal information that 
SimpleLegal collects. 
No exceptions noted. 
P3.2: For information requiring explicit consent, the entity communicates the need for such consent, as well as the consequences of a failure to provide consent for 
the request for personal information, and obtains the consent prior to the collection of the information to meet the entity’s objectives related to privacy. 
This criterion is not applicable to data processors. 
Privacy Criteria Related to Use, Retention, and Disposal 
P4.1: The entity limits the use of personal information to the purposes identified in the entity’s objectives related to privacy. 
P4.1.1 
SimpleLegal limits the use of personal information only 
for the intend

RESPONSE:
[
    {
        "control_id": "P3.1.1",
        "control_desc": "SimpleLegal limits the collection of personal information only to what is necessary, in accordance with the Privacy Policy.",
        "control_test": "Inspected the SimpleLegal Terms of Service and Privacy Policy to verify whether personal information collected as part of SimpleLegal's services was consistent with the terms of the agreement.",
        "control_test_results": "No exceptions noted.",
        "control_page_ref": 47,
        "control_line_ref": 15
    },
    {
        "control_id": "P3.1.2",
        "control_desc": "SimpleLegal reviews the methods of collecting information before they are implemented to confirm that personal information is obtained (a) fairly, without intimidation or deception, and (b) lawfully, adhering to all relevant rules or law, whether derived from statute or common law, relating to the collection of personal information.",
        "control_test": "Inspected the organizational chart and inquired of the General Counsel to verify whether a legal and compliance team is in place to evaluate the methods by which personal information is collected.",
        "control_test_results": "No exceptions noted.",
        "control_page_ref": 47,
        "control_line_ref": 31
    },
    {
        "control_id": "P3.1.3",
        "control_desc": "SimpleLegal confirms that third parties from whom personal information is collected are reliable sources that collect information fairly and lawfully.",
        "control_test": "For all third-party sub-processors, inspected the signed agreements to verify whether SimpleLegal confirmed that third parties from whom personal information is collected were reliable sources and that they collect information fairly and lawfully.",
        "control_test_results": "No exceptions noted.",
        "control_page_ref": 47,
        "control_line_ref": 47
    },
    {
        "control_id": "P3.1.4",
        "control_desc": "Data subjects are informed if SimpleLegal develops or acquires additional information about them for its use.",
        "control_test": "Inspected the Privacy Policy to verify whether it provided an objective description of the personal information that SimpleLegal collects.",
        "control_test_results": "No exceptions noted.",
        "control_page_ref": 47,
        "control_line_ref": 63
    }
]
---
CHUNK 31 PROMPT:
You are an expert at reading SOC reports. Given the following text, extract all controls tested. Controls may be listed under section headings (such as COSO or TSC sections), and control IDs may appear in many formats: e.g., 'CC9.1', 'CC 9.1', 'CC.9.1', '9.1', or as a section like 'CC9.0' with controls listed as 1, 2, 3, etc. Do your best to distinguish between section IDs and control IDs, and capture the most specific control ID for each control. For each control, extract the following fields as accurately as possible: 
- control_id: (string, the control's unique identifier as shown in the report, or null if not found)
- control_desc: (string, the description of the control—what the company is supposed to comply with)
- control_test: (string, what the auditor tested to determine design and operating effectiveness)
- control_test_results: (string, the results of the test, e.g., 'No exceptions noted', 'No deviations noted', or a description of any exceptions or findings)
- control_page_ref: (int, page number if available, else null)
- control_line_ref: (int, line number in the text where the control was found)
If you cannot find a value, use null. Output a JSON array, one object per control. Do not include any explanation, markdown, or extra text.
Text:
e Legal Services Request dashboard, 
noted there were no data subject requests during the 
period. Therefore, further testing was not applicable. 
No exceptions noted. 
P4.2.2 
SimpleLegal maintains policies and procedures to 
protect personal information from erasure during the 
specified retention period of the information. 
Inspected the Records Retention and Information 
Disposal policies to verify whether they outlined how data 
was to be protected from erasure during the specified 
retention period. 
No exceptions noted. 
=== PAGE 48 ===

48 
Control # 
Control Activity Specified by SimpleLegal 
Boulay’s Test of Controls 
Test Results 
P4.3: The entity securely disposes of personal information to meet the entity’s objectives related to privacy. 
P4.3.1 
SimpleLegal captures requests for the deletion of 
personal information and identifies and flags the 
information for destruction to support the achievement of 
its objectives related to privacy. 
Inspected the SimpleLegal Privacy Policy to verify 
whether it documented data subjects’ right to the erasure 
of personal information.  
Inspected procedure documentation for processing 
privacy requests to verify whether specific data and data 
locations were defined for processing deletion requests. 
Per inspection of the Legal Services Request dashboard, 
noted there were no data subject requests during the 
period. Therefore, further testing was not applicable. 
No exceptions noted. 
P4.3.2 
Personal information no longer retained is disposed of 
by SimpleLegal in a manner that prevents loss, theft, 
misuse, or unauthorized access.  
Inspected the Records Retention and Information 
Disposal policies to verify whether they documented 
requirements pertaining to the secure disposal of 
personal information identified for destruction. 
Per inspection of the Legal Services Request dashboard, 
noted there were no data subject requests during the 
period. Therefore, further testing was not applicable. 
No exceptions noted. 
P4.3.3 
SimpleLegal maintains policies and procedures to erase 
or otherwise destroy personal information that has been 
identified for destruction.  
Inspected the Records Retention and Information 
Disposal policies to verify whether they documented 
requirements pertaining to the secure disposal of 
personal information identified for destruction. 
No exceptions noted. 
Privacy Criteria Related to Access 
P5.1: The entity grants identified and authenticated data subjects the ability to access their stored personal information for review and, upon request, provides 
physical or electronic copies of that information to data subjects to meet the entity’s objectives related to privacy. If access is denied, data subjects are informed of 
the denial and reason for such denial, as required, to meet the entity’s objectives related to privacy. 
P5.1.1 
SimpleLegal maintains a process to respond to data 
subject requests r

RESPONSE:
[
    {
        "control_id": "P4.3.1",
        "control_desc": "SimpleLegal captures requests for the deletion of personal information and identifies and flags the information for destruction to support the achievement of its objectives related to privacy.",
        "control_test": "Inspected the SimpleLegal Privacy Policy to verify whether it documented data subjects’ right to the erasure of personal information. Inspected procedure documentation for processing privacy requests to verify whether specific data and data locations were defined for processing deletion requests.",
        "control_test_results": "No exceptions noted.",
        "control_page_ref": 48,
        "control_line_ref": 16
    },
    {
        "control_id": "P4.3.2",
        "control_desc": "Personal information no longer retained is disposed of by SimpleLegal in a manner that prevents loss, theft, misuse, or unauthorized access.",
        "control_test": "Inspected the Records Retention and Information Disposal policies to verify whether they documented requirements pertaining to the secure disposal of personal information identified for destruction.",
        "control_test_results": "No exceptions noted.",
        "control_page_ref": 48,
        "control_line_ref": 38
    },
    {
        "control_id": "P4.3.3",
        "control_desc": "SimpleLegal maintains policies and procedures to erase or otherwise destroy personal information that has been identified for destruction.",
        "control_test": "Inspected the Records Retention and Information Disposal policies to verify whether they documented requirements pertaining to the secure disposal of personal information identified for destruction.",
        "control_test_results": "No exceptions noted.",
        "control_page_ref": null,
        "control_line_ref": 64
    },
    {
        "control_id": "P5.1.1",
        "control_desc": "SimpleLegal maintains a process to respond to data subject requests",
        "control_test": null,
        "control_test_results": null,
        "control_page_ref": null,
        "control_line_ref": null
    }
]
---
CHUNK 35 PROMPT:
You are an expert at reading SOC reports. Given the following text, extract all controls tested. Controls may be listed under section headings (such as COSO or TSC sections), and control IDs may appear in many formats: e.g., 'CC9.1', 'CC 9.1', 'CC.9.1', '9.1', or as a section like 'CC9.0' with controls listed as 1, 2, 3, etc. Do your best to distinguish between section IDs and control IDs, and capture the most specific control ID for each control. For each control, extract the following fields as accurately as possible: 
- control_id: (string, the control's unique identifier as shown in the report, or null if not found)
- control_desc: (string, the description of the control—what the company is supposed to comply with)
- control_test: (string, what the auditor tested to determine design and operating effectiveness)
- control_test_results: (string, the results of the test, e.g., 'No exceptions noted', 'No deviations noted', or a description of any exceptions or findings)
- control_page_ref: (int, page number if available, else null)
- control_line_ref: (int, line number in the text where the control was found)
If you cannot find a value, use null. Output a JSON array, one object per control. Do not include any explanation, markdown, or extra text.
Text:
reates and retains a complete, accurate, and timely record of authorized disclosures of personal information to meet the entity’s objectives related 
to privacy. 
P6.2.1 
SimpleLegal creates and maintains a record of 
authorized disclosures of personal information that is 
complete, accurate, and timely. 
Inspected the SimpleLegal Privacy Policy to verify 
whether data subjects were informed about how 
SimpleLegal shares their information. 
Inspected the sub-processor inventory to verify whether it 
defined a list of approved vendors with whom personal 
information is shared. 
No exceptions noted. 
P6.3: The entity creates and retains a complete, accurate, and timely record of detected or reported unauthorized disclosures (including breaches) of personal 
information to meet the entity’s objectives related to privacy. 
P6.3.1 
SimpleLegal creates and maintains a record of detected 
or reported unauthorized disclosures of personal 
information that is complete, accurate, and timely. 
For all incidents that occurred during the period, 
inspected the incident ticket to verify whether 
SimpleLegal created and maintained a record of detected 
or reported unauthorized disclosures of personal 
information that is complete, accurate, and timely. 
No exceptions noted. 
=== PAGE 51 ===

51 
Control # 
Control Activity Specified by SimpleLegal 
Boulay’s Test of Controls 
Test Results 
P6.4: The entity obtains privacy commitments from vendors and other third parties who have access to personal information to meet the entity’s objectives related to 
privacy. The entity assesses those parties’ compliance on a periodic and as-needed basis and takes corrective action, if necessary. 
P6.4.1 
SimpleLegal maintains a process for obtaining 
commitments from vendors and other third parties to 
report to SimpleLegal actual or suspected unauthorized 
disclosures of personal information. 
For all third-party sub-processors, inspected signed 
agreements to verify whether SimpleLegal obtained 
commitments from third parties to report unauthorized 
disclosures of personal information. 
No exceptions noted. 
P6.4.2 
SimpleLegal takes remedial action in response to 
misuse of personal information by a third party to whom 
SimpleLegal has transferred such information.  
For all incidents that occurred during the period, 
inspected the incident ticket to verify whether 
SimpleLegal took remedial action in response to misuse 
of personal information by a third party to whom 
SimpleLegal has transferred such information. 
No exceptions noted. 
P6.4.3 
SimpleLegal has procedures in place to evaluate 
whether third parties have effective controls to meet the 
terms of privacy agreements, instructions, or 
requirements. 
For all existing high-risk vendors, inspected the 
completed security review documentation and collected 
reports to verify whether SimpleLegal had reviewed SOC 
2 reports, SOC 3 reports, ISO 27001 ce

RESPONSE:
[
    {
        "control_id": "P6.2.1",
        "control_desc": "SimpleLegal creates and maintains a record of authorized disclosures of personal information that is complete, accurate, and timely.",
        "control_test": "Inspected the SimpleLegal Privacy Policy to verify whether data subjects were informed about how SimpleLegal shares their information. Inspected the sub-processor inventory to verify whether it defined a list of approved vendors with whom personal information is shared.",
        "control_test_results": "No exceptions noted.",
        "control_page_ref": null,
        "control_line_ref": null
    },
    {
        "control_id": "P6.3.1",
        "control_desc": "SimpleLegal creates and maintains a record of detected or reported unauthorized disclosures of personal information that is complete, accurate, and timely.",
        "control_test": "For all incidents that occurred during the period, inspected the incident ticket to verify whether SimpleLegal created and maintained a record of detected or reported unauthorized disclosures of personal information that is complete, accurate, and timely.",
        "control_test_results": "No exceptions noted.",
        "control_page_ref": null,
        "control_line_ref": null
    },
    {
        "control_id": "P6.4.1",
        "control_desc": "SimpleLegal maintains a process for obtaining commitments from vendors and other third parties to report to SimpleLegal actual or suspected unauthorized disclosures of personal information.",
        "control_test": "For all third-party sub-processors, inspected signed agreements to verify whether SimpleLegal obtained commitments from third parties to report unauthorized disclosures of personal information.",
        "control_test_results": "No exceptions noted.",
        "control_page_ref": 51,
        "control_line_ref": null
    },
    {
        "control_id": "P6.4.2",
        "control_desc": "SimpleLegal takes remedial action in response to misuse of personal information by a third party to whom SimpleLegal has transferred such information.",
        "control_test": "For all incidents that occurred during the period, inspected the incident ticket to verify whether SimpleLegal took remedial action in response to misuse of personal information by a third party to whom SimpleLegal has transferred such information.",
        "control_test_results": "No exceptions noted.",
        "control_page_ref": 51,
        "control_line_ref": null
    },
    {
        "control_id": "P6.4.3",
        "control_desc": "SimpleLegal has procedures in place to evaluate whether third parties have effective controls to meet the terms of privacy agreements, instructions, or requirements.",
        "control_test": "For all existing high-risk vendors, inspected the completed security review documentation and collected reports to verify whether SimpleLegal had reviewed SOC 2 reports, SOC 3 reports, ISO 27001 ce",
        "control_test_results": null,
        "control_page_ref": null,
        "control_line_ref": null
    }
]
---
CHUNK 34 PROMPT:
You are an expert at reading SOC reports. Given the following text, extract all controls tested. Controls may be listed under section headings (such as COSO or TSC sections), and control IDs may appear in many formats: e.g., 'CC9.1', 'CC 9.1', 'CC.9.1', '9.1', or as a section like 'CC9.0' with controls listed as 1, 2, 3, etc. Do your best to distinguish between section IDs and control IDs, and capture the most specific control ID for each control. For each control, extract the following fields as accurately as possible: 
- control_id: (string, the control's unique identifier as shown in the report, or null if not found)
- control_desc: (string, the description of the control—what the company is supposed to comply with)
- control_test: (string, what the auditor tested to determine design and operating effectiveness)
- control_test_results: (string, the results of the test, e.g., 'No exceptions noted', 'No deviations noted', or a description of any exceptions or findings)
- control_page_ref: (int, page number if available, else null)
- control_line_ref: (int, line number in the text where the control was found)
If you cannot find a value, use null. Output a JSON array, one object per control. Do not include any explanation, markdown, or extra text.
Text:
uests to verify whether it included 
requirements to provide personal information to data 
subjects in an understandable form, in a reasonable 
timeframe, and at a reasonable cost, if necessary.  
Per inspection of the Legal Services Request dashboard, 
noted there were no data subject requests during the 
period. Therefore, further testing was not applicable. 
No exceptions noted. 
=== PAGE 50 ===

50 
Control # 
Control Activity Specified by SimpleLegal 
Boulay’s Test of Controls 
Test Results 
Privacy Criteria Related to Disclosure and Notification 
P6.1: The entity discloses personal information to third parties with the explicit consent of data subjects, and such consent is obtained prior to disclosure to meet 
the entity’s objectives related to privacy. 
P6.1.1 
SimpleLegal discloses personal information only to 
clients and third parties who have agreements in place 
to protect personal information in a manner consistent 
with the relevant aspects of SimpleLegal’s privacy 
policy. 
Inspected the SimpleLegal Terms of Service to verify 
whether terms for third party disclosure of personal 
information were defined. 
For all third-party sub-processors that have access to 
personal information, inspected contractual agreements 
to verify whether they limited the disclosure of personal 
information with third parties. 
No exceptions noted. 
P6.1.2 
SimpleLegal discloses personal information to clients 
and third parties only for the purposes for which it was 
collected unless a law or regulation specifically requires 
otherwise.  
Inspected the SimpleLegal Privacy Policy to verify 
whether it defined limitations on the use and retention of 
personal information. 
Inspected the organizational chart and inquired of the 
General Counsel to verify whether a legal and 
compliance team is in place to evaluate the methods by 
which personal information is collected. 
No exceptions noted. 
P6.2: The entity creates and retains a complete, accurate, and timely record of authorized disclosures of personal information to meet the entity’s objectives related 
to privacy. 
P6.2.1 
SimpleLegal creates and maintains a record of 
authorized disclosures of personal information that is 
complete, accurate, and timely. 
Inspected the SimpleLegal Privacy Policy to verify 
whether data subjects were informed about how 
SimpleLegal shares their information. 
Inspected the sub-processor inventory to verify whether it 
defined a list of approved vendors with whom personal 
information is shared. 
No exceptions noted. 
P6.3: The entity creates and retains a complete, accurate, and timely record of detected or reported unauthorized disclosures (including breaches) of personal 
information to meet the entity’s objectives related to privacy. 
P6.3.1 
SimpleLegal creates and maintains a record of detected 
or reported unauthorized disclosures of personal 
information that is complete, accurate, and timely. 
Fo

RESPONSE:
[
    {
        "control_id": "P6.1",
        "control_desc": "The entity discloses personal information to third parties with the explicit consent of data subjects, and such consent is obtained prior to disclosure to meet the entity’s objectives related to privacy.",
        "control_test": "Inspected the SimpleLegal Terms of Service to verify whether terms for third party disclosure of personal information were defined.",
        "control_test_results": "No exceptions noted.",
        "control_page_ref": 50,
        "control_line_ref": 50
    },
    {
        "control_id": "P6.1.1",
        "control_desc": "SimpleLegal discloses personal information only to clients and third parties who have agreements in place to protect personal information in a manner consistent with the relevant aspects of SimpleLegal’s privacy policy.",
        "control_test": "Inspected the SimpleLegal Terms of Service to verify whether terms for third party disclosure of personal information were defined. For all third-party sub-processors that have access to personal information, inspected contractual agreements to verify whether they limited the disclosure of personal information with third parties.",
        "control_test_results": "No exceptions noted.",
        "control_page_ref": 50,
        "control_line_ref": 50
    },
    {
        "control_id": "P6.1.2",
        "control_desc": "SimpleLegal discloses personal information to clients and third parties only for the purposes for which it was collected unless a law or regulation specifically requires otherwise.",
        "control_test": "Inspected the SimpleLegal Privacy Policy to verify whether it defined limitations on the use and retention of personal information. Inspected the organizational chart and inquired of the General Counsel to verify whether a legal and compliance team is in place to evaluate the methods by which personal information is collected.",
        "control_test_results": "No exceptions noted.",
        "control_page_ref": 50,
        "control_line_ref": 50
    },
    {
        "control_id": "P6.2",
        "control_desc": "The entity creates and retains a complete, accurate, and timely record of authorized disclosures of personal information to meet the entity’s objectives related to privacy.",
        "control_test": "Inspected the SimpleLegal Privacy Policy to verify whether data subjects were informed about how SimpleLegal shares their information. Inspected the sub-processor inventory to verify whether it defined a list of approved vendors with whom personal information is shared.",
        "control_test_results": "No exceptions noted.",
        "control_page_ref": 50,
        "control_line_ref": 50
    },
    {
        "control_id": "P6.3",
        "control_desc": "The entity creates and retains a complete, accurate, and timely record of detected or reported unauthorized disclosures (including breaches) of personal information to meet the entity’s objectives related to privacy.",
        "control_test": "null",
        "control_test_results": "null",
        "control_page_ref": null,
        "control_line_ref": null
    },
    {
        "control_id": "P6.3.1",
        "control_desc": "SimpleLegal creates and maintains a record of detected or reported unauthorized disclosures of personal information that is complete, accurate, and timely.",
        "control_test": "null",
        "control_test_results": "null",
        "control_page_ref": null,
        "control_line_ref": null
    }
]
---
CHUNK 32 PROMPT:
You are an expert at reading SOC reports. Given the following text, extract all controls tested. Controls may be listed under section headings (such as COSO or TSC sections), and control IDs may appear in many formats: e.g., 'CC9.1', 'CC 9.1', 'CC.9.1', '9.1', or as a section like 'CC9.0' with controls listed as 1, 2, 3, etc. Do your best to distinguish between section IDs and control IDs, and capture the most specific control ID for each control. For each control, extract the following fields as accurately as possible: 
- control_id: (string, the control's unique identifier as shown in the report, or null if not found)
- control_desc: (string, the description of the control—what the company is supposed to comply with)
- control_test: (string, what the auditor tested to determine design and operating effectiveness)
- control_test_results: (string, the results of the test, e.g., 'No exceptions noted', 'No deviations noted', or a description of any exceptions or findings)
- control_page_ref: (int, page number if available, else null)
- control_line_ref: (int, line number in the text where the control was found)
If you cannot find a value, use null. Output a JSON array, one object per control. Do not include any explanation, markdown, or extra text.
Text:
 Therefore, further testing was not applicable. 
No exceptions noted. 
P4.3.3 
SimpleLegal maintains policies and procedures to erase 
or otherwise destroy personal information that has been 
identified for destruction.  
Inspected the Records Retention and Information 
Disposal policies to verify whether they documented 
requirements pertaining to the secure disposal of 
personal information identified for destruction. 
No exceptions noted. 
Privacy Criteria Related to Access 
P5.1: The entity grants identified and authenticated data subjects the ability to access their stored personal information for review and, upon request, provides 
physical or electronic copies of that information to data subjects to meet the entity’s objectives related to privacy. If access is denied, data subjects are informed of 
the denial and reason for such denial, as required, to meet the entity’s objectives related to privacy. 
P5.1.1 
SimpleLegal maintains a process to respond to data 
subject requests received from data controllers in 
accordance with privacy objectives. This process 
includes authentication of the request and responding 
within a reasonable time.  
Inspected the Privacy Policy to verify whether it included 
contact information for data subject requests. 
Inspected procedure documentation for processing 
privacy requests to verify whether it included 
requirements to authenticate the identity of the data 
subject making the request and respond within a 
reasonable time period. 
No exceptions noted. 
=== PAGE 49 ===

49 
Control # 
Control Activity Specified by SimpleLegal 
Boulay’s Test of Controls 
Test Results 
P5.1.2 
SimpleLegal enables data subjects to determine 
whether personal information about them is maintained.  
Inspected the Privacy Policy to verify whether it included 
contact information for data subject requests.  
Per inspection of the Legal Services Request dashboard, 
noted there were no data subject requests during the 
period. Therefore, further testing was not applicable. 
No exceptions noted. 
P5.1.3 
SimpleLegal authenticates the identify of data subjects 
who request access to their personal information before 
giving them access to that information. 
Inspected procedure documentation for processing 
privacy requests to verify whether it included a 
requirement to authenticate the identity of the data 
subject making the request. 
Per inspection of the Legal Services Request dashboard, 
noted there were no data subject requests during the 
period. Therefore, further testing was not applicable. 
No exceptions noted. 
P5.1.4 
SimpleLegal provides personal information to data 
subjects in an understandable form, in a reasonable 
timeframe, and at a reasonable cost, if any.  
Inspected procedure documentation for processing 
privacy requests to verify whether it included 
requirements to provide personal information to data 
subjects in an understandable form, in

RESPONSE:
[
    {
        "control_id": "P4.3.3",
        "control_desc": "SimpleLegal maintains policies and procedures to erase or otherwise destroy personal information that has been identified for destruction.",
        "control_test": "Inspected the Records Retention and Information Disposal policies to verify whether they documented requirements pertaining to the secure disposal of personal information identified for destruction.",
        "control_test_results": "No exceptions noted.",
        "control_page_ref": null,
        "control_line_ref": 5
    },
    {
        "control_id": "P5.1.1",
        "control_desc": "SimpleLegal maintains a process to respond to data subject requests received from data controllers in accordance with privacy objectives. This process includes authentication of the request and responding within a reasonable time.",
        "control_test": "Inspected the Privacy Policy to verify whether it included contact information for data subject requests. Inspected procedure documentation for processing privacy requests to verify whether it included requirements to authenticate the identity of the data subject making the request and respond within a reasonable time period.",
        "control_test_results": "No exceptions noted.",
        "control_page_ref": null,
        "control_line_ref": 20
    },
    {
        "control_id": "P5.1.2",
        "control_desc": "SimpleLegal enables data subjects to determine whether personal information about them is maintained.",
        "control_test": "Inspected the Privacy Policy to verify whether it included contact information for data subject requests. Per inspection of the Legal Services Request dashboard, noted there were no data subject requests during the period. Therefore, further testing was not applicable.",
        "control_test_results": "No exceptions noted.",
        "control_page_ref": 49,
        "control_line_ref": 49
    },
    {
        "control_id": "P5.1.3",
        "control_desc": "SimpleLegal authenticates the identify of data subjects who request access to their personal information before giving them access to that information.",
        "control_test": "Inspected procedure documentation for processing privacy requests to verify whether it included a requirement to authenticate the identity of the data subject making the request. Per inspection of the Legal Services Request dashboard, noted there were no data subject requests during the period. Therefore, further testing was not applicable.",
        "control_test_results": "No exceptions noted.",
        "control_page_ref": null,
        "control_line_ref": 67
    },
    {
        "control_id": "P5.1.4",
        "control_desc": "SimpleLegal provides personal information to data subjects in an understandable form, in a reasonable timeframe, and at a reasonable cost, if any.",
        "control_test": "Inspected procedure documentation for processing privacy requests to verify whether it included requirements to provide personal information to data subjects in an understandable form, in",
        "control_test_results": null,
        "control_page_ref": null,
        "control_line_ref": 89
    }
]
---
CHUNK 36 PROMPT:
You are an expert at reading SOC reports. Given the following text, extract all controls tested. Controls may be listed under section headings (such as COSO or TSC sections), and control IDs may appear in many formats: e.g., 'CC9.1', 'CC 9.1', 'CC.9.1', '9.1', or as a section like 'CC9.0' with controls listed as 1, 2, 3, etc. Do your best to distinguish between section IDs and control IDs, and capture the most specific control ID for each control. For each control, extract the following fields as accurately as possible: 
- control_id: (string, the control's unique identifier as shown in the report, or null if not found)
- control_desc: (string, the description of the control—what the company is supposed to comply with)
- control_test: (string, what the auditor tested to determine design and operating effectiveness)
- control_test_results: (string, the results of the test, e.g., 'No exceptions noted', 'No deviations noted', or a description of any exceptions or findings)
- control_page_ref: (int, page number if available, else null)
- control_line_ref: (int, line number in the text where the control was found)
If you cannot find a value, use null. Output a JSON array, one object per control. Do not include any explanation, markdown, or extra text.
Text:
nspected signed 
agreements to verify whether SimpleLegal obtained 
commitments from third parties to report unauthorized 
disclosures of personal information. 
No exceptions noted. 
P6.4.2 
SimpleLegal takes remedial action in response to 
misuse of personal information by a third party to whom 
SimpleLegal has transferred such information.  
For all incidents that occurred during the period, 
inspected the incident ticket to verify whether 
SimpleLegal took remedial action in response to misuse 
of personal information by a third party to whom 
SimpleLegal has transferred such information. 
No exceptions noted. 
P6.4.3 
SimpleLegal has procedures in place to evaluate 
whether third parties have effective controls to meet the 
terms of privacy agreements, instructions, or 
requirements. 
For all existing high-risk vendors, inspected the 
completed security review documentation and collected 
reports to verify whether SimpleLegal had reviewed SOC 
2 reports, SOC 3 reports, ISO 27001 certifications, and/or 
responses to information security questionnaires. 
Per inspection of the vendor list and inquiry of 
management, noted there were no new vendors 
onboarded during the period. Therefore, further testing 
was not applicable. 
No exceptions noted. 
P6.5: The entity obtains commitments from vendors and other third parties with access to personal information to notify the entity in the event of actual or suspected 
unauthorized disclosures of personal information. Such notifications are reported to appropriate personnel and acted on in accordance with established incident 
response procedures to meet the entity’s objectives related to privacy. 
P6.5.1 
SimpleLegal maintains a process for obtaining 
commitments from vendors and other third parties to 
report to SimpleLegal actual or suspected unauthorized 
disclosures of personal information. 
For all third-party sub-processors, inspected the signed 
agreements to verify whether they included commitments 
to inform SimpleLegal of actual or suspected 
unauthorized disclosures. 
No exceptions noted. 
P6.5.2 
SimpleLegal takes remedial action in response to 
misuse of personal information by a third party to whom 
SimpleLegal has transferred such information. 
For all third-party sub-processors, inspected the 
contractual agreements to verify whether they included 
commitments to inform SimpleLegal of actual or 
suspected unauthorized disclosures.  
For all incidents that occurred during the period, 
inspected the incident ticket to verify whether 
SimpleLegal took remedial action in response to misuse 
of personal information by a third party to whom 
SimpleLegal has transferred such information. 
No exceptions noted. 
=== PAGE 52 ===

52 
Control # 
Control Activity Specified by SimpleLegal 
Boulay’s Test of Controls 
Test Results 
P6.6: The entity provides notification of breaches and incidents to affected data subjects, regulators, and

RESPONSE:
[
    {
        "control_id": "P6.4.2",
        "control_desc": "SimpleLegal takes remedial action in response to misuse of personal information by a third party to whom SimpleLegal has transferred such information.",
        "control_test": "For all incidents that occurred during the period, inspected the incident ticket to verify whether SimpleLegal took remedial action in response to misuse of personal information by a third party to whom SimpleLegal has transferred such information.",
        "control_test_results": "No exceptions noted.",
        "control_page_ref": null,
        "control_line_ref": null
    },
    {
        "control_id": "P6.4.3",
        "control_desc": "SimpleLegal has procedures in place to evaluate whether third parties have effective controls to meet the terms of privacy agreements, instructions, or requirements.",
        "control_test": "For all existing high-risk vendors, inspected the completed security review documentation and collected reports to verify whether SimpleLegal had reviewed SOC 2 reports, SOC 3 reports, ISO 27001 certifications, and/or responses to information security questionnaires.",
        "control_test_results": "Per inspection of the vendor list and inquiry of management, noted there were no new vendors onboarded during the period. Therefore, further testing was not applicable. No exceptions noted.",
        "control_page_ref": null,
        "control_line_ref": null
    },
    {
        "control_id": "P6.5.1",
        "control_desc": "SimpleLegal maintains a process for obtaining commitments from vendors and other third parties to report to SimpleLegal actual or suspected unauthorized disclosures of personal information.",
        "control_test": "For all third-party sub-processors, inspected the signed agreements to verify whether they included commitments to inform SimpleLegal of actual or suspected unauthorized disclosures.",
        "control_test_results": "No exceptions noted.",
        "control_page_ref": null,
        "control_line_ref": null
    },
    {
        "control_id": "P6.5.2",
        "control_desc": "SimpleLegal takes remedial action in response to misuse of personal information by a third party to whom SimpleLegal has transferred such information.",
        "control_test": "For all third-party sub-processors, inspected the contractual agreements to verify whether they included commitments to inform SimpleLegal of actual or suspected unauthorized disclosures. For all incidents that occurred during the period, inspected the incident ticket to verify whether SimpleLegal took remedial action in response to misuse of personal information by a third party to whom SimpleLegal has transferred such information.",
        "control_test_results": "No exceptions noted.",
        "control_page_ref": null,
        "control_line_ref": null
    }
]
---
CHUNK 37 PROMPT:
You are an expert at reading SOC reports. Given the following text, extract all controls tested. Controls may be listed under section headings (such as COSO or TSC sections), and control IDs may appear in many formats: e.g., 'CC9.1', 'CC 9.1', 'CC.9.1', '9.1', or as a section like 'CC9.0' with controls listed as 1, 2, 3, etc. Do your best to distinguish between section IDs and control IDs, and capture the most specific control ID for each control. For each control, extract the following fields as accurately as possible: 
- control_id: (string, the control's unique identifier as shown in the report, or null if not found)
- control_desc: (string, the description of the control—what the company is supposed to comply with)
- control_test: (string, what the auditor tested to determine design and operating effectiveness)
- control_test_results: (string, the results of the test, e.g., 'No exceptions noted', 'No deviations noted', or a description of any exceptions or findings)
- control_page_ref: (int, page number if available, else null)
- control_line_ref: (int, line number in the text where the control was found)
If you cannot find a value, use null. Output a JSON array, one object per control. Do not include any explanation, markdown, or extra text.
Text:
ments to verify whether they included commitments 
to inform SimpleLegal of actual or suspected 
unauthorized disclosures. 
No exceptions noted. 
P6.5.2 
SimpleLegal takes remedial action in response to 
misuse of personal information by a third party to whom 
SimpleLegal has transferred such information. 
For all third-party sub-processors, inspected the 
contractual agreements to verify whether they included 
commitments to inform SimpleLegal of actual or 
suspected unauthorized disclosures.  
For all incidents that occurred during the period, 
inspected the incident ticket to verify whether 
SimpleLegal took remedial action in response to misuse 
of personal information by a third party to whom 
SimpleLegal has transferred such information. 
No exceptions noted. 
=== PAGE 52 ===

52 
Control # 
Control Activity Specified by SimpleLegal 
Boulay’s Test of Controls 
Test Results 
P6.6: The entity provides notification of breaches and incidents to affected data subjects, regulators, and others to meet the entity’s objectives related to privacy. 
P6.6.1 
SimpleLegal maintains a process for determining 
whether notification of a privacy breach is required, 
including the method to be used, the timeline, and the 
identification of the recipients of such notifications.  
Inspected the SimpleLegal Privacy Policy and Breach 
Notification Policy to verify whether the Company 
maintained a process for determining whether privacy 
breach notifications were required. 
No exceptions noted. 
P6.6.2 
SimpleLegal maintains a process for providing notice of 
breaches and incidents to affected data subjects, 
regulators, and others to support the achievement of its 
objectives related to privacy.  
Inspected the SimpleLegal Privacy Policy and Breach 
Notification Policy to verify whether the Company 
maintained a process for providing breach notifications 
and incidents to affected parties. 
No exceptions noted. 
P6.7: The entity provides data subjects with an accounting of the personal information held and disclosure of the data subjects’ personal information, upon the data 
subjects’ request, to meet the entity’s objectives related to privacy. 
P6.7.1 
SimpleLegal identifies the types of personal information 
and the related processes, systems, and third parties 
involved in the handling of such information.  
For all third-party sub-processors, inspected the 
contractual agreements to verify whether commitments 
were obtained to notify SimpleLegal in the event of an 
actual or suspected unauthorized disclosure of personal 
information.  
Inspected the SimpleLegal Privacy Policy to verify 
whether it provided an objective description of the 
personal information that SimpleLegal has collected. 
No exceptions noted. 
P6.7.2 
Requests for an accounting of personal information held 
and disclosures of the data subjects’ personal 
information are captured by SimpleLegal, and 
information related to th

RESPONSE:
[
    {
        "control_id": "P6.5.2",
        "control_desc": "SimpleLegal takes remedial action in response to misuse of personal information by a third party to whom SimpleLegal has transferred such information.",
        "control_test": "For all third-party sub-processors, inspected the contractual agreements to verify whether they included commitments to inform SimpleLegal of actual or suspected unauthorized disclosures. For all incidents that occurred during the period, inspected the incident ticket to verify whether SimpleLegal took remedial action in response to misuse of personal information by a third party to whom SimpleLegal has transferred such information.",
        "control_test_results": "No exceptions noted.",
        "control_page_ref": 52,
        "control_line_ref": 6
    },
    {
        "control_id": "P6.6.1",
        "control_desc": "SimpleLegal maintains a process for determining whether notification of a privacy breach is required, including the method to be used, the timeline, and the identification of the recipients of such notifications.",
        "control_test": "Inspected the SimpleLegal Privacy Policy and Breach Notification Policy to verify whether the Company maintained a process for determining whether privacy breach notifications were required.",
        "control_test_results": "No exceptions noted.",
        "control_page_ref": null,
        "control_line_ref": null
    },
    {
        "control_id": "P6.6.2",
        "control_desc": "SimpleLegal maintains a process for providing notice of breaches and incidents to affected data subjects, regulators, and others to support the achievement of its objectives related to privacy.",
        "control_test": "Inspected the SimpleLegal Privacy Policy and Breach Notification Policy to verify whether the Company maintained a process for providing breach notifications and incidents to affected parties.",
        "control_test_results": "No exceptions noted.",
        "control_page_ref": null,
        "control_line_ref": null
    },
    {
        "control_id": "P6.7.1",
        "control_desc": "SimpleLegal identifies the types of personal information and the related processes, systems, and third parties involved in the handling of such information.",
        "control_test": "For all third-party sub-processors, inspected the contractual agreements to verify whether commitments were obtained to notify SimpleLegal in the event of an actual or suspected unauthorized disclosure of personal information. Inspected the SimpleLegal Privacy Policy to verify whether it provided an objective description of the personal information that SimpleLegal has collected.",
        "control_test_results": "No exceptions noted.",
        "control_page_ref": null,
        "control_line_ref": null
    }
]
---
CHUNK 38 PROMPT:
You are an expert at reading SOC reports. Given the following text, extract all controls tested. Controls may be listed under section headings (such as COSO or TSC sections), and control IDs may appear in many formats: e.g., 'CC9.1', 'CC 9.1', 'CC.9.1', '9.1', or as a section like 'CC9.0' with controls listed as 1, 2, 3, etc. Do your best to distinguish between section IDs and control IDs, and capture the most specific control ID for each control. For each control, extract the following fields as accurately as possible: 
- control_id: (string, the control's unique identifier as shown in the report, or null if not found)
- control_desc: (string, the description of the control—what the company is supposed to comply with)
- control_test: (string, what the auditor tested to determine design and operating effectiveness)
- control_test_results: (string, the results of the test, e.g., 'No exceptions noted', 'No deviations noted', or a description of any exceptions or findings)
- control_page_ref: (int, page number if available, else null)
- control_line_ref: (int, line number in the text where the control was found)
If you cannot find a value, use null. Output a JSON array, one object per control. Do not include any explanation, markdown, or extra text.
Text:
 The entity provides data subjects with an accounting of the personal information held and disclosure of the data subjects’ personal information, upon the data 
subjects’ request, to meet the entity’s objectives related to privacy. 
P6.7.1 
SimpleLegal identifies the types of personal information 
and the related processes, systems, and third parties 
involved in the handling of such information.  
For all third-party sub-processors, inspected the 
contractual agreements to verify whether commitments 
were obtained to notify SimpleLegal in the event of an 
actual or suspected unauthorized disclosure of personal 
information.  
Inspected the SimpleLegal Privacy Policy to verify 
whether it provided an objective description of the 
personal information that SimpleLegal has collected. 
No exceptions noted. 
P6.7.2 
Requests for an accounting of personal information held 
and disclosures of the data subjects’ personal 
information are captured by SimpleLegal, and 
information related to the requests is identified and 
communicated to data subjects to support the 
achievement of SimpleLegal’s privacy objectives.  
Inspected procedure documentation for processing 
privacy requests to verify whether specific data and data 
locations were defined for processing data subject 
requests. 
Per inspection of the Legal Services Request dashboard, 
noted there were no data subject requests during the 
period. Therefore, further testing was not applicable. 
No exceptions noted. 
=== PAGE 53 ===

53 
Control # 
Control Activity Specified by SimpleLegal 
Boulay’s Test of Controls 
Test Results 
Privacy Criteria Related to Quality 
P7.1: The entity collects and maintains accurate, up-to-date, complete, and relevant personal information to meet the entity’s objectives related to privacy. 
P7.1.1 
SimpleLegal ensures that personal information is 
accurate and complete for the purposes for which it is to 
be used. 
Inspected the SimpleLegal Privacy Policy to verify 
whether it defined limitations on the use and retention of 
personal information. 
Inspected the organizational chart and inquired of the 
General Counsel to verify whether a legal and 
compliance team is in place to evaluate the methods by 
which personal information is collected. 
No exceptions noted. 
P7.1.2 
SimpleLegal ensures that personal information is 
relevant to the purposes for which it is to be used.  
Inspected the SimpleLegal Privacy Policy to verify 
whether it defined limitations on the use and retention of 
personal information. 
Inspected the organizational chart and inquired of the 
General Counsel to verify whether a legal and 
compliance team is in place to evaluate the methods by 
which personal information is collected. 
No exceptions noted. 
Privacy Criteria Related to Monitoring and Enforcement 
P8.1: The entity implements a process for receiving, addressing, resolving, and communicating the resolution of inquiries, 

RESPONSE:
[
    {
        "control_id": "P6.7.1",
        "control_desc": "SimpleLegal identifies the types of personal information and the related processes, systems, and third parties involved in the handling of such information.",
        "control_test": "Inspected the contractual agreements to verify whether commitments were obtained to notify SimpleLegal in the event of an actual or suspected unauthorized disclosure of personal information. Inspected the SimpleLegal Privacy Policy to verify whether it provided an objective description of the personal information that SimpleLegal has collected.",
        "control_test_results": "No exceptions noted.",
        "control_page_ref": 53,
        "control_line_ref": 7
    },
    {
        "control_id": "P6.7.2",
        "control_desc": "Requests for an accounting of personal information held and disclosures of the data subjects’ personal information are captured by SimpleLegal, and information related to the requests is identified and communicated to data subjects to support the achievement of SimpleLegal’s privacy objectives.",
        "control_test": "Inspected procedure documentation for processing privacy requests to verify whether specific data and data locations were defined for processing data subject requests.",
        "control_test_results": "No exceptions noted.",
        "control_page_ref": 53,
        "control_line_ref": 23
    },
    {
        "control_id": "P7.1.1",
        "control_desc": "SimpleLegal ensures that personal information is accurate and complete for the purposes for which it is to be used.",
        "control_test": "Inspected the SimpleLegal Privacy Policy to verify whether it defined limitations on the use and retention of personal information. Inspected the organizational chart and inquired of the General Counsel to verify whether a legal and compliance team is in place to evaluate the methods by which personal information is collected.",
        "control_test_results": "No exceptions noted.",
        "control_page_ref": 53,
        "control_line_ref": 53
    },
    {
        "control_id": "P7.1.2",
        "control_desc": "SimpleLegal ensures that personal information is relevant to the purposes for which it is to be used.",
        "control_test": "Inspected the SimpleLegal Privacy Policy to verify whether it defined limitations on the use and retention of personal information. Inspected the organizational chart and inquired of the General Counsel to verify whether a legal and compliance team is in place to evaluate the methods by which personal information is collected.",
        "control_test_results": "No exceptions noted.",
        "control_page_ref": 53,
        "control_line_ref": 71
    }
]
---
CHUNK 39 PROMPT:
You are an expert at reading SOC reports. Given the following text, extract all controls tested. Controls may be listed under section headings (such as COSO or TSC sections), and control IDs may appear in many formats: e.g., 'CC9.1', 'CC 9.1', 'CC.9.1', '9.1', or as a section like 'CC9.0' with controls listed as 1, 2, 3, etc. Do your best to distinguish between section IDs and control IDs, and capture the most specific control ID for each control. For each control, extract the following fields as accurately as possible: 
- control_id: (string, the control's unique identifier as shown in the report, or null if not found)
- control_desc: (string, the description of the control—what the company is supposed to comply with)
- control_test: (string, what the auditor tested to determine design and operating effectiveness)
- control_test_results: (string, the results of the test, e.g., 'No exceptions noted', 'No deviations noted', or a description of any exceptions or findings)
- control_page_ref: (int, page number if available, else null)
- control_line_ref: (int, line number in the text where the control was found)
If you cannot find a value, use null. Output a JSON array, one object per control. Do not include any explanation, markdown, or extra text.
Text:
d the SimpleLegal Privacy Policy to verify 
whether it defined limitations on the use and retention of 
personal information. 
Inspected the organizational chart and inquired of the 
General Counsel to verify whether a legal and 
compliance team is in place to evaluate the methods by 
which personal information is collected. 
No exceptions noted. 
P7.1.2 
SimpleLegal ensures that personal information is 
relevant to the purposes for which it is to be used.  
Inspected the SimpleLegal Privacy Policy to verify 
whether it defined limitations on the use and retention of 
personal information. 
Inspected the organizational chart and inquired of the 
General Counsel to verify whether a legal and 
compliance team is in place to evaluate the methods by 
which personal information is collected. 
No exceptions noted. 
Privacy Criteria Related to Monitoring and Enforcement 
P8.1: The entity implements a process for receiving, addressing, resolving, and communicating the resolution of inquiries, complaints, and disputes from data 
subjects and others and periodically monitors compliance to meet the entity’s objectives related to privacy. Corrections and other necessary actions related to 
identified deficiencies are made or taken in a timely manner. 
P8.1.1 
SimpleLegal informs data subjects about how to contact 
them with inquiries, complaints, and disputes.  
Inspected the SimpleLegal website to verify whether 
contact information was available for general inquiries, 
customer support, partnerships, and public relations. 
Inspected a test submission to the SimpleLegal support 
channel to verify whether it was actively monitored and 
managed by the support team.  
No exceptions noted. 
P8.1.2 
SimpleLegal maintains a process to address inquiries, 
complaints, and disputes. 
Inspected procedure documentation for processing 
privacy requests to verify whether SimpleLegal had a 
process in place to address inquiries, complaints, and 
disputes. 
No exceptions noted. 
=== PAGE 54 ===

54 
Control # 
Control Activity Specified by SimpleLegal 
Boulay’s Test of Controls 
Test Results 
P8.1.3 
SimpleLegal addresses each complaint, and the 
resolution is documented and communicated to the 
individual.  
Inspected procedure documentation for processing 
privacy requests to verify whether specific data and data 
locations were defined for processing data subject 
requests. 
Per inspection of the Legal Services Request dashboard, 
noted there were no data subject requests during the 
period. Therefore, further testing was not applicable. 
No exceptions noted. 
=== PAGE 55 ===



RESPONSE:
[
    {
        "control_id": "P7.1.2",
        "control_desc": "SimpleLegal ensures that personal information is relevant to the purposes for which it is to be used.",
        "control_test": "Inspected the SimpleLegal Privacy Policy to verify whether it defined limitations on the use and retention of personal information.",
        "control_test_results": "No exceptions noted.",
        "control_page_ref": null,
        "control_line_ref": null
    },
    {
        "control_id": "P8.1.1",
        "control_desc": "SimpleLegal informs data subjects about how to contact them with inquiries, complaints, and disputes.",
        "control_test": "Inspected the SimpleLegal website to verify whether contact information was available for general inquiries, customer support, partnerships, and public relations.",
        "control_test_results": "No exceptions noted.",
        "control_page_ref": null,
        "control_line_ref": null
    },
    {
        "control_id": "P8.1.2",
        "control_desc": "SimpleLegal maintains a process to address inquiries, complaints, and disputes.",
        "control_test": "Inspected procedure documentation for processing privacy requests to verify whether SimpleLegal had a process in place to address inquiries, complaints, and disputes.",
        "control_test_results": "No exceptions noted.",
        "control_page_ref": null,
        "control_line_ref": null
    },
    {
        "control_id": "P8.1.3",
        "control_desc": "SimpleLegal addresses each complaint, and the resolution is documented and communicated to the individual.",
        "control_test": "Inspected procedure documentation for processing privacy requests to verify whether specific data and data locations were defined for processing data subject requests.",
        "control_test_results": "No exceptions noted.",
        "control_page_ref": 54,
        "control_line_ref": null
    }
]
---
