[DEBUG-NORM] TOC: 'SECTION II. MANAGEMENT’S ASSERTION' | heading_core: 'managementsassertion' | candidate: '' | candidate_core: ''
[DEBUG] Topic: Management_Assertion | i: 197 | n: 1 | candidate: '' | candidate_core: '' | heading_core: 'managementsassertion' | fuzzy_score: 0.0
[DEBUG-NORM] TOC: 'SECTION II. MANAGEMENT’S ASSERTION' | heading_core: 'managementsassertion' | candidate: ' MANAGEMENT’S ASSERTION' | candidate_core: 'managementsassertion'
[DEBUG] Topic: Management_Assertion | i: 197 | n: 2 | candidate: ' MANAGEMENT’S ASSERTION' | candidate_core: 'managementsassertion' | heading_core: 'managementsassertion' | fuzzy_score: 100.0
[DEBUG-NORM] TOC: 'SECTION II. MANAGEMENT’S ASSERTION' | heading_core: 'managementsassertion' | candidate: ' MANAGEMENT’S ASSERTION We have prepared the accompanying description of SimpleLegal, Inc.’s (“SimpleLegal”) Legal Spend and Matter' | candidate_core: 'managementsassertionwehavepreparedtheaccompanyingdescriptionofsimplelegalincssimplelegallegalspendandmatter'
[DEBUG] Topic: Management_Assertion | i: 197 | n: 3 | candidate: ' MANAGEMENT’S ASSERTION We have prepared the accompanying description of SimpleLegal, Inc.’s (“SimpleLegal”) Legal Spend and Matter' | candidate_core: 'managementsassertionwehavepreparedtheaccompanyingdescriptionofsimplelegalincssimplelegallegalspendandmatter' | heading_core: 'managementsassertion' | fuzzy_score: 31.496062992125985
[DEBUG-NORM] TOC: 'SECTION I. INDEPENDENT SERVICE AUDITOR’S REPORT' | heading_core: 'independentserviceauditorsreport' | candidate: '' | candidate_core: ''
[DEBUG] Topic: Service_Auditor_Report | i: 42 | n: 1 | candidate: '' | candidate_core: '' | heading_core: 'independentserviceauditorsreport' | fuzzy_score: 0.0
[DEBUG-NORM] TOC: 'SECTION I. INDEPENDENT SERVICE AUDITOR’S REPORT' | heading_core: 'independentserviceauditorsreport' | candidate: ' INDEPENDENT SERVICE AUDITOR’S REPORT' | candidate_core: 'independentserviceauditorsreport'
[DEBUG] Topic: Service_Auditor_Report | i: 42 | n: 2 | candidate: ' INDEPENDENT SERVICE AUDITOR’S REPORT' | candidate_core: 'independentserviceauditorsreport' | heading_core: 'independentserviceauditorsreport' | fuzzy_score: 100.0
[DEBUG-NORM] TOC: 'SECTION I. INDEPENDENT SERVICE AUDITOR’S REPORT' | heading_core: 'independentserviceauditorsreport' | candidate: ' INDEPENDENT SERVICE AUDITOR’S REPORT To the Management of SimpleLegal, Inc.:' | candidate_core: 'independentserviceauditorsreporttothemanagementofsimplelegalinc'
[DEBUG] Topic: Service_Auditor_Report | i: 42 | n: 3 | candidate: ' INDEPENDENT SERVICE AUDITOR’S REPORT To the Management of SimpleLegal, Inc.:' | candidate_core: 'independentserviceauditorsreporttothemanagementofsimplelegalinc' | heading_core: 'independentserviceauditorsreport' | fuzzy_score: 67.36842105263158
[DEBUG-NORM] TOC: 'SECTION III. DESCRIPTION OF THE LEGAL SPEND AND MATTER MANAGEMENT SOFTWARE SYSTEM' | heading_core: 'descriptionofthelegalspendandmattermanagementsoftwaresystem' | candidate: '' | candidate_core: ''
[DEBUG] Topic: Description_of_System | i: 255 | n: 1 | candidate: '' | candidate_core: '' | heading_core: 'descriptionofthelegalspendandmattermanagementsoftwaresystem' | fuzzy_score: 0.0
[DEBUG-NORM] TOC: 'SECTION III. DESCRIPTION OF THE LEGAL SPEND AND MATTER MANAGEMENT SOFTWARE SYSTEM' | heading_core: 'descriptionofthelegalspendandmattermanagementsoftwaresystem' | candidate: ' DESCRIPTION OF THE LEGAL SPEND AND' | candidate_core: 'descriptionofthelegalspendand'
[DEBUG] Topic: Description_of_System | i: 255 | n: 2 | candidate: ' DESCRIPTION OF THE LEGAL SPEND AND' | candidate_core: 'descriptionofthelegalspendand' | heading_core: 'descriptionofthelegalspendandmattermanagementsoftwaresystem' | fuzzy_score: 65.90909090909092
[DEBUG-NORM] TOC: 'SECTION III. DESCRIPTION OF THE LEGAL SPEND AND MATTER MANAGEMENT SOFTWARE SYSTEM' | heading_core: 'descriptionofthelegalspendandmattermanagementsoftwaresystem' | candidate: ' DESCRIPTION OF THE LEGAL SPEND AND MATTER MANAGEMENT SOFTWARE SYSTEM' | candidate_core: 'descriptionofthelegalspendandmattermanagementsoftwaresystem'
[DEBUG] Topic: Description_of_System | i: 255 | n: 3 | candidate: ' DESCRIPTION OF THE LEGAL SPEND AND MATTER MANAGEMENT SOFTWARE SYSTEM' | candidate_core: 'descriptionofthelegalspendandmattermanagementsoftwaresystem' | heading_core: 'descriptionofthelegalspendandmattermanagementsoftwaresystem' | fuzzy_score: 100.0
[DEBUG-NORM] TOC: 'SECTION IV. TESTING MATRICES' | heading_core: 'testingmatrices' | candidate: '' | candidate_core: ''
[DEBUG] Topic: Control_Descriptions | i: 1178 | n: 1 | candidate: '' | candidate_core: '' | heading_core: 'testingmatrices' | fuzzy_score: 0.0
[DEBUG-NORM] TOC: 'SECTION IV. TESTING MATRICES' | heading_core: 'testingmatrices' | candidate: ' ' | candidate_core: ''
[DEBUG] Topic: Control_Descriptions | i: 1178 | n: 2 | candidate: ' ' | candidate_core: '' | heading_core: 'testingmatrices' | fuzzy_score: 0.0
[DEBUG-NORM] TOC: 'SECTION IV. TESTING MATRICES' | heading_core: 'testingmatrices' | candidate: '  Control #' | candidate_core: 'control'
[DEBUG] Topic: Control_Descriptions | i: 1178 | n: 3 | candidate: '  Control #' | candidate_core: 'control' | heading_core: 'testingmatrices' | fuzzy_score: 27.27272727272727
[DEBUG-NORM] TOC: 'SECTION IV. TESTING MATRICES' | heading_core: 'testingmatrices' | candidate: '' | candidate_core: ''
[DEBUG] Topic: Control_Descriptions | i: 1179 | n: 1 | candidate: '' | candidate_core: '' | heading_core: 'testingmatrices' | fuzzy_score: 0.0
[DEBUG-NORM] TOC: 'SECTION IV. TESTING MATRICES' | heading_core: 'testingmatrices' | candidate: ' Control #' | candidate_core: 'control'
[DEBUG] Topic: Control_Descriptions | i: 1179 | n: 2 | candidate: ' Control #' | candidate_core: 'control' | heading_core: 'testingmatrices' | fuzzy_score: 27.27272727272727
[DEBUG-NORM] TOC: 'SECTION IV. TESTING MATRICES' | heading_core: 'testingmatrices' | candidate: ' Control # Control Activity Specified by SimpleLegal' | candidate_core: 'controlcontrolactivityspecifiedbysimplelegal'
[DEBUG] Topic: Control_Descriptions | i: 1179 | n: 3 | candidate: ' Control # Control Activity Specified by SimpleLegal' | candidate_core: 'controlcontrolactivityspecifiedbysimplelegal' | heading_core: 'testingmatrices' | fuzzy_score: 27.118644067796616
[DEBUG-NORM] TOC: 'SECTION IV. TESTING MATRICES' | heading_core: 'testingmatrices' | candidate: '' | candidate_core: ''
[DEBUG] Topic: Control_Descriptions | i: 1180 | n: 1 | candidate: '' | candidate_core: '' | heading_core: 'testingmatrices' | fuzzy_score: 0.0
[DEBUG-NORM] TOC: 'SECTION IV. TESTING MATRICES' | heading_core: 'testingmatrices' | candidate: ' Control #' | candidate_core: 'control'
[DEBUG] Topic: Control_Descriptions | i: 1180 | n: 2 | candidate: ' Control #' | candidate_core: 'control' | heading_core: 'testingmatrices' | fuzzy_score: 27.27272727272727
[DEBUG-NORM] TOC: 'SECTION IV. TESTING MATRICES' | heading_core: 'testingmatrices' | candidate: ' Control # Control Activity Specified by SimpleLegal' | candidate_core: 'controlcontrolactivityspecifiedbysimplelegal'
[DEBUG] Topic: Control_Descriptions | i: 1180 | n: 3 | candidate: ' Control # Control Activity Specified by SimpleLegal' | candidate_core: 'controlcontrolactivityspecifiedbysimplelegal' | heading_core: 'testingmatrices' | fuzzy_score: 27.118644067796616
[DEBUG-NORM] TOC: 'SECTION IV. TESTING MATRICES' | heading_core: 'testingmatrices' | candidate: 'Control #' | candidate_core: 'ontrol'
[DEBUG] Topic: Control_Descriptions | i: 1181 | n: 1 | candidate: 'Control #' | candidate_core: 'ontrol' | heading_core: 'testingmatrices' | fuzzy_score: 28.57142857142857
[DEBUG-NORM] TOC: 'SECTION IV. TESTING MATRICES' | heading_core: 'testingmatrices' | candidate: 'Control # Control Activity Specified by SimpleLegal' | candidate_core: 'ontrolcontrolactivityspecifiedbysimplelegal'
[DEBUG] Topic: Control_Descriptions | i: 1181 | n: 2 | candidate: 'Control # Control Activity Specified by SimpleLegal' | candidate_core: 'ontrolcontrolactivityspecifiedbysimplelegal' | heading_core: 'testingmatrices' | fuzzy_score: 27.586206896551722
[DEBUG-NORM] TOC: 'SECTION IV. TESTING MATRICES' | heading_core: 'testingmatrices' | candidate: 'Control # Control Activity Specified by SimpleLegal Boulay’s Test of Controls' | candidate_core: 'ontrolcontrolactivityspecifiedbysimplelegalboulaystestofcontrols'
[DEBUG] Topic: Control_Descriptions | i: 1181 | n: 3 | candidate: 'Control # Control Activity Specified by SimpleLegal Boulay’s Test of Controls' | candidate_core: 'ontrolcontrolactivityspecifiedbysimplelegalboulaystestofcontrols' | heading_core: 'testingmatrices' | fuzzy_score: 22.78481012658228
[DEBUG-NORM] TOC: 'SECTION IV. TESTING MATRICES' | heading_core: 'testingmatrices' | candidate: 'Control Activity Specified by SimpleLegal' | candidate_core: 'ontrolactivityspecifiedbysimplelegal'
[DEBUG] Topic: Control_Descriptions | i: 1182 | n: 1 | candidate: 'Control Activity Specified by SimpleLegal' | candidate_core: 'ontrolactivityspecifiedbysimplelegal' | heading_core: 'testingmatrices' | fuzzy_score: 27.450980392156865
[DEBUG-NORM] TOC: 'SECTION IV. TESTING MATRICES' | heading_core: 'testingmatrices' | candidate: 'Control Activity Specified by SimpleLegal Boulay’s Test of Controls' | candidate_core: 'ontrolactivityspecifiedbysimplelegalboulaystestofcontrols'
[DEBUG] Topic: Control_Descriptions | i: 1182 | n: 2 | candidate: 'Control Activity Specified by SimpleLegal Boulay’s Test of Controls' | candidate_core: 'ontrolactivityspecifiedbysimplelegalboulaystestofcontrols' | heading_core: 'testingmatrices' | fuzzy_score: 25.0
[DEBUG-NORM] TOC: 'SECTION IV. TESTING MATRICES' | heading_core: 'testingmatrices' | candidate: 'Control Activity Specified by SimpleLegal Boulay’s Test of Controls Test Results' | candidate_core: 'ontrolactivityspecifiedbysimplelegalboulaystestofcontrolstestresults'
[DEBUG] Topic: Control_Descriptions | i: 1182 | n: 3 | candidate: 'Control Activity Specified by SimpleLegal Boulay’s Test of Controls Test Results' | candidate_core: 'ontrolactivityspecifiedbysimplelegalboulaystestofcontrolstestresults' | heading_core: 'testingmatrices' | fuzzy_score: 24.096385542168676
[DEBUG-NORM] TOC: 'SECTION IV. TESTING MATRICES' | heading_core: 'testingmatrices' | candidate: 'Boulay’s Test of Controls' | candidate_core: 'boulaystestofcontrols'
[DEBUG] Topic: Control_Descriptions | i: 1183 | n: 1 | candidate: 'Boulay’s Test of Controls' | candidate_core: 'boulaystestofcontrols' | heading_core: 'testingmatrices' | fuzzy_score: 44.44444444444444
[DEBUG-NORM] TOC: 'SECTION IV. TESTING MATRICES' | heading_core: 'testingmatrices' | candidate: 'Boulay’s Test of Controls Test Results' | candidate_core: 'boulaystestofcontrolstestresults'
[DEBUG] Topic: Control_Descriptions | i: 1183 | n: 2 | candidate: 'Boulay’s Test of Controls Test Results' | candidate_core: 'boulaystestofcontrolstestresults' | heading_core: 'testingmatrices' | fuzzy_score: 38.297872340425535
[DEBUG-NORM] TOC: 'SECTION IV. TESTING MATRICES' | heading_core: 'testingmatrices' | candidate: 'Boulay’s Test of Controls Test Results Control Environment' | candidate_core: 'boulaystestofcontrolstestresultscontrolenvironment'
[DEBUG] Topic: Control_Descriptions | i: 1183 | n: 3 | candidate: 'Boulay’s Test of Controls Test Results Control Environment' | candidate_core: 'boulaystestofcontrolstestresultscontrolenvironment' | heading_core: 'testingmatrices' | fuzzy_score: 27.692307692307693
[DEBUG-NORM] TOC: 'SECTION IV. TESTING MATRICES' | heading_core: 'testingmatrices' | candidate: 'Test Results' | candidate_core: 'testresults'
[DEBUG] Topic: Control_Descriptions | i: 1184 | n: 1 | candidate: 'Test Results' | candidate_core: 'testresults' | heading_core: 'testingmatrices' | fuzzy_score: 53.84615384615385
[DEBUG-NORM] TOC: 'SECTION IV. TESTING MATRICES' | heading_core: 'testingmatrices' | candidate: 'Test Results Control Environment' | candidate_core: 'testresultscontrolenvironment'
[DEBUG] Topic: Control_Descriptions | i: 1184 | n: 2 | candidate: 'Test Results Control Environment' | candidate_core: 'testresultscontrolenvironment' | heading_core: 'testingmatrices' | fuzzy_score: 40.90909090909091
[DEBUG-NORM] TOC: 'SECTION IV. TESTING MATRICES' | heading_core: 'testingmatrices' | candidate: 'Test Results Control Environment CC1.1 COSO Principle 1: The entity demonstrates a commitment to integrity and ethical values.' | candidate_core: 'testresultscontrolenvironmentcc11cosoprinciple1theentitydemonstratesacommitmenttointegrityandethicalvalues'
[DEBUG] Topic: Control_Descriptions | i: 1184 | n: 3 | candidate: 'Test Results Control Environment CC1.1 COSO Principle 1: The entity demonstrates a commitment to integrity and ethical values.' | candidate_core: 'testresultscontrolenvironmentcc11cosoprinciple1theentitydemonstratesacommitmenttointegrityandethicalvalues' | heading_core: 'testingmatrices' | fuzzy_score: 23.140495867768596
[DEBUG-NORM] TOC: 'SECTION IV. TESTING MATRICES' | heading_core: 'testingmatrices' | candidate: 'Control Environment' | candidate_core: 'ontrolenvironment'
[DEBUG] Topic: Control_Descriptions | i: 1185 | n: 1 | candidate: 'Control Environment' | candidate_core: 'ontrolenvironment' | heading_core: 'testingmatrices' | fuzzy_score: 37.5
[DEBUG-NORM] TOC: 'SECTION IV. TESTING MATRICES' | heading_core: 'testingmatrices' | candidate: 'Control Environment CC1.1 COSO Principle 1: The entity demonstrates a commitment to integrity and ethical values.' | candidate_core: 'ontrolenvironmentcc11cosoprinciple1theentitydemonstratesacommitmenttointegrityandethicalvalues'
[DEBUG] Topic: Control_Descriptions | i: 1185 | n: 2 | candidate: 'Control Environment CC1.1 COSO Principle 1: The entity demonstrates a commitment to integrity and ethical values.' | candidate_core: 'ontrolenvironmentcc11cosoprinciple1theentitydemonstratesacommitmenttointegrityandethicalvalues' | heading_core: 'testingmatrices' | fuzzy_score: 23.853211009174313
[DEBUG-NORM] TOC: 'SECTION IV. TESTING MATRICES' | heading_core: 'testingmatrices' | candidate: 'Control Environment CC1.1 COSO Principle 1: The entity demonstrates a commitment to integrity and ethical values. CC1.1.1' | candidate_core: 'ontrolenvironmentcc11cosoprinciple1theentitydemonstratesacommitmenttointegrityandethicalvaluescc111'
[DEBUG] Topic: Control_Descriptions | i: 1185 | n: 3 | candidate: 'Control Environment CC1.1 COSO Principle 1: The entity demonstrates a commitment to integrity and ethical values. CC1.1.1' | candidate_core: 'ontrolenvironmentcc11cosoprinciple1theentitydemonstratesacommitmenttointegrityandethicalvaluescc111' | heading_core: 'testingmatrices' | fuzzy_score: 22.807017543859654
[DEBUG-NORM] TOC: 'SECTION IV. TESTING MATRICES' | heading_core: 'testingmatrices' | candidate: 'CC1.1 COSO Principle 1: The entity demonstrates a commitment to integrity and ethical values.' | candidate_core: '1cosoprinciple1theentitydemonstratesacommitmenttointegrityandethicalvalues'
[DEBUG] Topic: Control_Descriptions | i: 1186 | n: 1 | candidate: 'CC1.1 COSO Principle 1: The entity demonstrates a commitment to integrity and ethical values.' | candidate_core: '1cosoprinciple1theentitydemonstratesacommitmenttointegrityandethicalvalues' | heading_core: 'testingmatrices' | fuzzy_score: 29.21348314606742
[DEBUG-NORM] TOC: 'SECTION IV. TESTING MATRICES' | heading_core: 'testingmatrices' | candidate: 'CC1.1 COSO Principle 1: The entity demonstrates a commitment to integrity and ethical values. CC1.1.1' | candidate_core: '1cosoprinciple1theentitydemonstratesacommitmenttointegrityandethicalvaluescc111'
[DEBUG] Topic: Control_Descriptions | i: 1186 | n: 2 | candidate: 'CC1.1 COSO Principle 1: The entity demonstrates a commitment to integrity and ethical values. CC1.1.1' | candidate_core: '1cosoprinciple1theentitydemonstratesacommitmenttointegrityandethicalvaluescc111' | heading_core: 'testingmatrices' | fuzzy_score: 27.6595744680851
[DEBUG-NORM] TOC: 'SECTION IV. TESTING MATRICES' | heading_core: 'testingmatrices' | candidate: 'CC1.1 COSO Principle 1: The entity demonstrates a commitment to integrity and ethical values. CC1.1.1 SimpleLegal has established a Code of Conduct policy' | candidate_core: '1cosoprinciple1theentitydemonstratesacommitmenttointegrityandethicalvaluescc111simplelegalhasestablishedacodeofconductpolicy'
[DEBUG] Topic: Control_Descriptions | i: 1186 | n: 3 | candidate: 'CC1.1 COSO Principle 1: The entity demonstrates a commitment to integrity and ethical values. CC1.1.1 SimpleLegal has established a Code of Conduct policy' | candidate_core: '1cosoprinciple1theentitydemonstratesacommitmenttointegrityandethicalvaluescc111simplelegalhasestablishedacodeofconductpolicy' | heading_core: 'testingmatrices' | fuzzy_score: 18.705035971223015
[DEBUG-NORM] TOC: 'SECTION IV. TESTING MATRICES' | heading_core: 'testingmatrices' | candidate: 'CC1.1.1' | candidate_core: '11'
[DEBUG] Topic: Control_Descriptions | i: 1187 | n: 1 | candidate: 'CC1.1.1' | candidate_core: '11' | heading_core: 'testingmatrices' | fuzzy_score: 0.0
[DEBUG-NORM] TOC: 'SECTION IV. TESTING MATRICES' | heading_core: 'testingmatrices' | candidate: 'CC1.1.1 SimpleLegal has established a Code of Conduct policy' | candidate_core: '11simplelegalhasestablishedacodeofconductpolicy'
[DEBUG] Topic: Control_Descriptions | i: 1187 | n: 2 | candidate: 'CC1.1.1 SimpleLegal has established a Code of Conduct policy' | candidate_core: '11simplelegalhasestablishedacodeofconductpolicy' | heading_core: 'testingmatrices' | fuzzy_score: 25.806451612903224
[DEBUG-NORM] TOC: 'SECTION IV. TESTING MATRICES' | heading_core: 'testingmatrices' | candidate: 'CC1.1.1 SimpleLegal has established a Code of Conduct policy that is acknowledged by all new employees and full-time' | candidate_core: '11simplelegalhasestablishedacodeofconductpolicythatisacknowledgedbyallnewemployeesandfulltime'
[DEBUG] Topic: Control_Descriptions | i: 1187 | n: 3 | candidate: 'CC1.1.1 SimpleLegal has established a Code of Conduct policy that is acknowledged by all new employees and full-time' | candidate_core: '11simplelegalhasestablishedacodeofconductpolicythatisacknowledgedbyallnewemployeesandfulltime' | heading_core: 'testingmatrices' | fuzzy_score: 20.370370370370374
[DEBUG-NORM] TOC: 'SECTION IV. TESTING MATRICES' | heading_core: 'testingmatrices' | candidate: 'SimpleLegal has established a Code of Conduct policy' | candidate_core: 'simplelegalhasestablishedacodeofconductpolicy'
[DEBUG] Topic: Control_Descriptions | i: 1188 | n: 1 | candidate: 'SimpleLegal has established a Code of Conduct policy' | candidate_core: 'simplelegalhasestablishedacodeofconductpolicy' | heading_core: 'testingmatrices' | fuzzy_score: 26.66666666666667
[DEBUG-NORM] TOC: 'SECTION IV. TESTING MATRICES' | heading_core: 'testingmatrices' | candidate: 'SimpleLegal has established a Code of Conduct policy that is acknowledged by all new employees and full-time' | candidate_core: 'simplelegalhasestablishedacodeofconductpolicythatisacknowledgedbyallnewemployeesandfulltime'
[DEBUG] Topic: Control_Descriptions | i: 1188 | n: 2 | candidate: 'SimpleLegal has established a Code of Conduct policy that is acknowledged by all new employees and full-time' | candidate_core: 'simplelegalhasestablishedacodeofconductpolicythatisacknowledgedbyallnewemployeesandfulltime' | heading_core: 'testingmatrices' | fuzzy_score: 20.75471698113207
[DEBUG-NORM] TOC: 'SECTION IV. TESTING MATRICES' | heading_core: 'testingmatrices' | candidate: 'SimpleLegal has established a Code of Conduct policy that is acknowledged by all new employees and full-time contractors upon hire. This policy outlines expectations' | candidate_core: 'simplelegalhasestablishedacodeofconductpolicythatisacknowledgedbyallnewemployeesandfulltimecontractorsuponhirethispolicyoutlinesexpectations'
[DEBUG] Topic: Control_Descriptions | i: 1188 | n: 3 | candidate: 'SimpleLegal has established a Code of Conduct policy that is acknowledged by all new employees and full-time contractors upon hire. This policy outlines expectations' | candidate_core: 'simplelegalhasestablishedacodeofconductpolicythatisacknowledgedbyallnewemployeesandfulltimecontractorsuponhirethispolicyoutlinesexpectations' | heading_core: 'testingmatrices' | fuzzy_score: 18.06451612903226
[DEBUG-NORM] TOC: 'SECTION IV. TESTING MATRICES' | heading_core: 'testingmatrices' | candidate: 'that is acknowledged by all new employees and full-time' | candidate_core: 'thatisacknowledgedbyallnewemployeesandfulltime'
[DEBUG] Topic: Control_Descriptions | i: 1189 | n: 1 | candidate: 'that is acknowledged by all new employees and full-time' | candidate_core: 'thatisacknowledgedbyallnewemployeesandfulltime' | heading_core: 'testingmatrices' | fuzzy_score: 32.786885245901644
[DEBUG-NORM] TOC: 'SECTION IV. TESTING MATRICES' | heading_core: 'testingmatrices' | candidate: 'that is acknowledged by all new employees and full-time contractors upon hire. This policy outlines expectations' | candidate_core: 'thatisacknowledgedbyallnewemployeesandfulltimecontractorsuponhirethispolicyoutlinesexpectations'
[DEBUG] Topic: Control_Descriptions | i: 1189 | n: 2 | candidate: 'that is acknowledged by all new employees and full-time contractors upon hire. This policy outlines expectations' | candidate_core: 'thatisacknowledgedbyallnewemployeesandfulltimecontractorsuponhirethispolicyoutlinesexpectations' | heading_core: 'testingmatrices' | fuzzy_score: 23.636363636363633
[DEBUG-NORM] TOC: 'SECTION IV. TESTING MATRICES' | heading_core: 'testingmatrices' | candidate: 'that is acknowledged by all new employees and full-time contractors upon hire. This policy outlines expectations the Company has set related to ethics and standards of' | candidate_core: 'thatisacknowledgedbyallnewemployeesandfulltimecontractorsuponhirethispolicyoutlinesexpectationsthecompanyhassetrelatedtoethicsandstandardsof'
[DEBUG] Topic: Control_Descriptions | i: 1189 | n: 3 | candidate: 'that is acknowledged by all new employees and full-time contractors upon hire. This policy outlines expectations the Company has set related to ethics and standards of' | candidate_core: 'thatisacknowledgedbyallnewemployeesandfulltimecontractorsuponhirethispolicyoutlinesexpectationsthecompanyhassetrelatedtoethicsandstandardsof' | heading_core: 'testingmatrices' | fuzzy_score: 16.774193548387096
[DEBUG-NORM] TOC: 'SECTION IV. TESTING MATRICES' | heading_core: 'testingmatrices' | candidate: 'contractors upon hire. This policy outlines expectations' | candidate_core: 'ontractorsuponhirethispolicyoutlinesexpectations'
[DEBUG] Topic: Control_Descriptions | i: 1190 | n: 1 | candidate: 'contractors upon hire. This policy outlines expectations' | candidate_core: 'ontractorsuponhirethispolicyoutlinesexpectations' | heading_core: 'testingmatrices' | fuzzy_score: 31.746031746031743
[DEBUG-NORM] TOC: 'SECTION IV. TESTING MATRICES' | heading_core: 'testingmatrices' | candidate: 'contractors upon hire. This policy outlines expectations the Company has set related to ethics and standards of' | candidate_core: 'ontractorsuponhirethispolicyoutlinesexpectationsthecompanyhassetrelatedtoethicsandstandardsof'
[DEBUG] Topic: Control_Descriptions | i: 1190 | n: 2 | candidate: 'contractors upon hire. This policy outlines expectations the Company has set related to ethics and standards of' | candidate_core: 'ontractorsuponhirethispolicyoutlinesexpectationsthecompanyhassetrelatedtoethicsandstandardsof' | heading_core: 'testingmatrices' | fuzzy_score: 24.07407407407407
[DEBUG-NORM] TOC: 'SECTION IV. TESTING MATRICES' | heading_core: 'testingmatrices' | candidate: 'contractors upon hire. This policy outlines expectations the Company has set related to ethics and standards of conduct. Additionally, this policy outlines processes that' | candidate_core: 'ontractorsuponhirethispolicyoutlinesexpectationsthecompanyhassetrelatedtoethicsandstandardsofconductadditionallythispolicyoutlinesprocessesthat'
[DEBUG] Topic: Control_Descriptions | i: 1190 | n: 3 | candidate: 'contractors upon hire. This policy outlines expectations the Company has set related to ethics and standards of conduct. Additionally, this policy outlines processes that' | candidate_core: 'ontractorsuponhirethispolicyoutlinesexpectationsthecompanyhassetrelatedtoethicsandstandardsofconductadditionallythispolicyoutlinesprocessesthat' | heading_core: 'testingmatrices' | fuzzy_score: 17.721518987341767
[DEBUG-NORM] TOC: 'SECTION IV. TESTING MATRICES' | heading_core: 'testingmatrices' | candidate: 'the Company has set related to ethics and standards of' | candidate_core: 'thecompanyhassetrelatedtoethicsandstandardsof'
[DEBUG] Topic: Control_Descriptions | i: 1191 | n: 1 | candidate: 'the Company has set related to ethics and standards of' | candidate_core: 'thecompanyhassetrelatedtoethicsandstandardsof' | heading_core: 'testingmatrices' | fuzzy_score: 30.000000000000004
[DEBUG-NORM] TOC: 'SECTION IV. TESTING MATRICES' | heading_core: 'testingmatrices' | candidate: 'the Company has set related to ethics and standards of conduct. Additionally, this policy outlines processes that' | candidate_core: 'thecompanyhassetrelatedtoethicsandstandardsofconductadditionallythispolicyoutlinesprocessesthat'
[DEBUG] Topic: Control_Descriptions | i: 1191 | n: 2 | candidate: 'the Company has set related to ethics and standards of conduct. Additionally, this policy outlines processes that' | candidate_core: 'thecompanyhassetrelatedtoethicsandstandardsofconductadditionallythispolicyoutlinesprocessesthat' | heading_core: 'testingmatrices' | fuzzy_score: 21.818181818181813
[DEBUG-NORM] TOC: 'SECTION IV. TESTING MATRICES' | heading_core: 'testingmatrices' | candidate: 'the Company has set related to ethics and standards of conduct. Additionally, this policy outlines processes that management has established to evaluate adherence to' | candidate_core: 'thecompanyhassetrelatedtoethicsandstandardsofconductadditionallythispolicyoutlinesprocessesthatmanagementhasestablishedtoevaluateadherenceto'
[DEBUG] Topic: Control_Descriptions | i: 1191 | n: 3 | candidate: 'the Company has set related to ethics and standards of conduct. Additionally, this policy outlines processes that management has established to evaluate adherence to' | candidate_core: 'thecompanyhassetrelatedtoethicsandstandardsofconductadditionallythispolicyoutlinesprocessesthatmanagementhasestablishedtoevaluateadherenceto' | heading_core: 'testingmatrices' | fuzzy_score: 16.774193548387096
[DEBUG-NORM] TOC: 'SECTION IV. TESTING MATRICES' | heading_core: 'testingmatrices' | candidate: 'conduct. Additionally, this policy outlines processes that' | candidate_core: 'onductadditionallythispolicyoutlinesprocessesthat'
[DEBUG] Topic: Control_Descriptions | i: 1192 | n: 1 | candidate: 'conduct. Additionally, this policy outlines processes that' | candidate_core: 'onductadditionallythispolicyoutlinesprocessesthat' | heading_core: 'testingmatrices' | fuzzy_score: 31.25
[DEBUG-NORM] TOC: 'SECTION IV. TESTING MATRICES' | heading_core: 'testingmatrices' | candidate: 'conduct. Additionally, this policy outlines processes that management has established to evaluate adherence to' | candidate_core: 'onductadditionallythispolicyoutlinesprocessesthatmanagementhasestablishedtoevaluateadherenceto'
[DEBUG] Topic: Control_Descriptions | i: 1192 | n: 2 | candidate: 'conduct. Additionally, this policy outlines processes that management has established to evaluate adherence to' | candidate_core: 'onductadditionallythispolicyoutlinesprocessesthatmanagementhasestablishedtoevaluateadherenceto' | heading_core: 'testingmatrices' | fuzzy_score: 22.018348623853214
[DEBUG-NORM] TOC: 'SECTION IV. TESTING MATRICES' | heading_core: 'testingmatrices' | candidate: 'conduct. Additionally, this policy outlines processes that management has established to evaluate adherence to standards of conduct and address deviations in a timely' | candidate_core: 'onductadditionallythispolicyoutlinesprocessesthatmanagementhasestablishedtoevaluateadherencetostandardsofconductandaddressdeviationsinatimely'
[DEBUG] Topic: Control_Descriptions | i: 1192 | n: 3 | candidate: 'conduct. Additionally, this policy outlines processes that management has established to evaluate adherence to standards of conduct and address deviations in a timely' | candidate_core: 'onductadditionallythispolicyoutlinesprocessesthatmanagementhasestablishedtoevaluateadherencetostandardsofconductandaddressdeviationsinatimely' | heading_core: 'testingmatrices' | fuzzy_score: 16.666666666666664
[DEBUG-NORM] TOC: 'SECTION IV. TESTING MATRICES' | heading_core: 'testingmatrices' | candidate: 'management has established to evaluate adherence to' | candidate_core: 'anagementhasestablishedtoevaluateadherenceto'
[DEBUG] Topic: Control_Descriptions | i: 1193 | n: 1 | candidate: 'management has established to evaluate adherence to' | candidate_core: 'anagementhasestablishedtoevaluateadherenceto' | heading_core: 'testingmatrices' | fuzzy_score: 33.89830508474576
[DEBUG-NORM] TOC: 'SECTION IV. TESTING MATRICES' | heading_core: 'testingmatrices' | candidate: 'management has established to evaluate adherence to standards of conduct and address deviations in a timely' | candidate_core: 'anagementhasestablishedtoevaluateadherencetostandardsofconductandaddressdeviationsinatimely'
[DEBUG] Topic: Control_Descriptions | i: 1193 | n: 2 | candidate: 'management has established to evaluate adherence to standards of conduct and address deviations in a timely' | candidate_core: 'anagementhasestablishedtoevaluateadherencetostandardsofconductandaddressdeviationsinatimely' | heading_core: 'testingmatrices' | fuzzy_score: 20.75471698113207
[DEBUG-NORM] TOC: 'SECTION IV. TESTING MATRICES' | heading_core: 'testingmatrices' | candidate: 'management has established to evaluate adherence to standards of conduct and address deviations in a timely manner.' | candidate_core: 'anagementhasestablishedtoevaluateadherencetostandardsofconductandaddressdeviationsinatimelymanner'
[DEBUG] Topic: Control_Descriptions | i: 1193 | n: 3 | candidate: 'management has established to evaluate adherence to standards of conduct and address deviations in a timely manner.' | candidate_core: 'anagementhasestablishedtoevaluateadherencetostandardsofconductandaddressdeviationsinatimelymanner' | heading_core: 'testingmatrices' | fuzzy_score: 19.64285714285714
[DEBUG-NORM] TOC: 'SECTION IV. TESTING MATRICES' | heading_core: 'testingmatrices' | candidate: 'standards of conduct and address deviations in a timely' | candidate_core: 'standardsofconductandaddressdeviationsinatimely'
[DEBUG] Topic: Control_Descriptions | i: 1194 | n: 1 | candidate: 'standards of conduct and address deviations in a timely' | candidate_core: 'standardsofconductandaddressdeviationsinatimely' | heading_core: 'testingmatrices' | fuzzy_score: 32.25806451612904
[DEBUG-NORM] TOC: 'SECTION IV. TESTING MATRICES' | heading_core: 'testingmatrices' | candidate: 'standards of conduct and address deviations in a timely manner.' | candidate_core: 'standardsofconductandaddressdeviationsinatimelymanner'
[DEBUG] Topic: Control_Descriptions | i: 1194 | n: 2 | candidate: 'standards of conduct and address deviations in a timely manner.' | candidate_core: 'standardsofconductandaddressdeviationsinatimelymanner' | heading_core: 'testingmatrices' | fuzzy_score: 29.411764705882348
[DEBUG-NORM] TOC: 'SECTION IV. TESTING MATRICES' | heading_core: 'testingmatrices' | candidate: 'standards of conduct and address deviations in a timely manner. Inspected the Employee Handbook to verify whether it' | candidate_core: 'standardsofconductandaddressdeviationsinatimelymannerinspectedtheemployeehandbooktoverifywhetherit'
[DEBUG] Topic: Control_Descriptions | i: 1194 | n: 3 | candidate: 'standards of conduct and address deviations in a timely manner. Inspected the Employee Handbook to verify whether it' | candidate_core: 'standardsofconductandaddressdeviationsinatimelymannerinspectedtheemployeehandbooktoverifywhetherit' | heading_core: 'testingmatrices' | fuzzy_score: 21.238938053097346
[DEBUG-NORM] TOC: 'SECTION IV. TESTING MATRICES' | heading_core: 'testingmatrices' | candidate: 'manner.' | candidate_core: 'anner'
[DEBUG] Topic: Control_Descriptions | i: 1195 | n: 1 | candidate: 'manner.' | candidate_core: 'anner' | heading_core: 'testingmatrices' | fuzzy_score: 19.999999999999996
[DEBUG-NORM] TOC: 'SECTION IV. TESTING MATRICES' | heading_core: 'testingmatrices' | candidate: 'manner. Inspected the Employee Handbook to verify whether it' | candidate_core: 'annerinspectedtheemployeehandbooktoverifywhetherit'
[DEBUG] Topic: Control_Descriptions | i: 1195 | n: 2 | candidate: 'manner. Inspected the Employee Handbook to verify whether it' | candidate_core: 'annerinspectedtheemployeehandbooktoverifywhetherit' | heading_core: 'testingmatrices' | fuzzy_score: 27.692307692307693
[DEBUG-NORM] TOC: 'SECTION IV. TESTING MATRICES' | heading_core: 'testingmatrices' | candidate: 'manner. Inspected the Employee Handbook to verify whether it outlined expectations around ethical conduct for employees' | candidate_core: 'annerinspectedtheemployeehandbooktoverifywhetheritoutlinedexpectationsaroundethicalconductforemployees'
[DEBUG] Topic: Control_Descriptions | i: 1195 | n: 3 | candidate: 'manner. Inspected the Employee Handbook to verify whether it outlined expectations around ethical conduct for employees' | candidate_core: 'annerinspectedtheemployeehandbooktoverifywhetheritoutlinedexpectationsaroundethicalconductforemployees' | heading_core: 'testingmatrices' | fuzzy_score: 20.512820512820518
[DEBUG-NORM] TOC: 'SECTION IV. TESTING MATRICES' | heading_core: 'testingmatrices' | candidate: 'Inspected the Employee Handbook to verify whether it' | candidate_core: 'nspectedtheemployeehandbooktoverifywhetherit'
[DEBUG] Topic: Control_Descriptions | i: 1196 | n: 1 | candidate: 'Inspected the Employee Handbook to verify whether it' | candidate_core: 'nspectedtheemployeehandbooktoverifywhetherit' | heading_core: 'testingmatrices' | fuzzy_score: 30.508474576271183
[DEBUG-NORM] TOC: 'SECTION IV. TESTING MATRICES' | heading_core: 'testingmatrices' | candidate: 'Inspected the Employee Handbook to verify whether it outlined expectations around ethical conduct for employees' | candidate_core: 'nspectedtheemployeehandbooktoverifywhetheritoutlinedexpectationsaroundethicalconductforemployees'
[DEBUG] Topic: Control_Descriptions | i: 1196 | n: 2 | candidate: 'Inspected the Employee Handbook to verify whether it outlined expectations around ethical conduct for employees' | candidate_core: 'nspectedtheemployeehandbooktoverifywhetheritoutlinedexpectationsaroundethicalconductforemployees' | heading_core: 'testingmatrices' | fuzzy_score: 21.62162162162162
[DEBUG-NORM] TOC: 'SECTION IV. TESTING MATRICES' | heading_core: 'testingmatrices' | candidate: 'Inspected the Employee Handbook to verify whether it outlined expectations around ethical conduct for employees and contractors, as well as disciplinary actions if the policy' | candidate_core: 'nspectedtheemployeehandbooktoverifywhetheritoutlinedexpectationsaroundethicalconductforemployeesandcontractorsaswellasdisciplinaryactionsifthepolicy'
[DEBUG] Topic: Control_Descriptions | i: 1196 | n: 3 | candidate: 'Inspected the Employee Handbook to verify whether it outlined expectations around ethical conduct for employees and contractors, as well as disciplinary actions if the policy' | candidate_core: 'nspectedtheemployeehandbooktoverifywhetheritoutlinedexpectationsaroundethicalconductforemployeesandcontractorsaswellasdisciplinaryactionsifthepolicy' | heading_core: 'testingmatrices' | fuzzy_score: 15.95092024539877
[DEBUG-NORM] TOC: 'SECTION IV. TESTING MATRICES' | heading_core: 'testingmatrices' | candidate: 'outlined expectations around ethical conduct for employees' | candidate_core: 'outlinedexpectationsaroundethicalconductforemployees'
[DEBUG] Topic: Control_Descriptions | i: 1197 | n: 1 | candidate: 'outlined expectations around ethical conduct for employees' | candidate_core: 'outlinedexpectationsaroundethicalconductforemployees' | heading_core: 'testingmatrices' | fuzzy_score: 32.83582089552238
[DEBUG-NORM] TOC: 'SECTION IV. TESTING MATRICES' | heading_core: 'testingmatrices' | candidate: 'outlined expectations around ethical conduct for employees and contractors, as well as disciplinary actions if the policy' | candidate_core: 'outlinedexpectationsaroundethicalconductforemployeesandcontractorsaswellasdisciplinaryactionsifthepolicy'
[DEBUG] Topic: Control_Descriptions | i: 1197 | n: 2 | candidate: 'outlined expectations around ethical conduct for employees and contractors, as well as disciplinary actions if the policy' | candidate_core: 'outlinedexpectationsaroundethicalconductforemployeesandcontractorsaswellasdisciplinaryactionsifthepolicy' | heading_core: 'testingmatrices' | fuzzy_score: 21.84873949579832
[DEBUG-NORM] TOC: 'SECTION IV. TESTING MATRICES' | heading_core: 'testingmatrices' | candidate: 'outlined expectations around ethical conduct for employees and contractors, as well as disciplinary actions if the policy is violated.' | candidate_core: 'outlinedexpectationsaroundethicalconductforemployeesandcontractorsaswellasdisciplinaryactionsifthepolicyisviolated'
[DEBUG] Topic: Control_Descriptions | i: 1197 | n: 3 | candidate: 'outlined expectations around ethical conduct for employees and contractors, as well as disciplinary actions if the policy is violated.' | candidate_core: 'outlinedexpectationsaroundethicalconductforemployeesandcontractorsaswellasdisciplinaryactionsifthepolicyisviolated' | heading_core: 'testingmatrices' | fuzzy_score: 21.705426356589154
[DEBUG-NORM] TOC: 'SECTION IV. TESTING MATRICES' | heading_core: 'testingmatrices' | candidate: 'and contractors, as well as disciplinary actions if the policy' | candidate_core: 'andcontractorsaswellasdisciplinaryactionsifthepolicy'
[DEBUG] Topic: Control_Descriptions | i: 1198 | n: 1 | candidate: 'and contractors, as well as disciplinary actions if the policy' | candidate_core: 'andcontractorsaswellasdisciplinaryactionsifthepolicy' | heading_core: 'testingmatrices' | fuzzy_score: 26.865671641791046
[DEBUG-NORM] TOC: 'SECTION IV. TESTING MATRICES' | heading_core: 'testingmatrices' | candidate: 'and contractors, as well as disciplinary actions if the policy is violated.' | candidate_core: 'andcontractorsaswellasdisciplinaryactionsifthepolicyisviolated'
[DEBUG] Topic: Control_Descriptions | i: 1198 | n: 2 | candidate: 'and contractors, as well as disciplinary actions if the policy is violated.' | candidate_core: 'andcontractorsaswellasdisciplinaryactionsifthepolicyisviolated' | heading_core: 'testingmatrices' | fuzzy_score: 25.97402597402597
[DEBUG-NORM] TOC: 'SECTION IV. TESTING MATRICES' | heading_core: 'testingmatrices' | candidate: 'and contractors, as well as disciplinary actions if the policy is violated. For all new hires during the period, inspected the signed' | candidate_core: 'andcontractorsaswellasdisciplinaryactionsifthepolicyisviolatedforallnewhiresduringtheperiodinspectedthesigned'
[DEBUG] Topic: Control_Descriptions | i: 1198 | n: 3 | candidate: 'and contractors, as well as disciplinary actions if the policy is violated. For all new hires during the period, inspected the signed' | candidate_core: 'andcontractorsaswellasdisciplinaryactionsifthepolicyisviolatedforallnewhiresduringtheperiodinspectedthesigned' | heading_core: 'testingmatrices' | fuzzy_score: 20.967741935483875
[DEBUG-NORM] TOC: 'SECTION IV. TESTING MATRICES' | heading_core: 'testingmatrices' | candidate: 'is violated.' | candidate_core: 'sviolated'
[DEBUG] Topic: Control_Descriptions | i: 1199 | n: 1 | candidate: 'is violated.' | candidate_core: 'sviolated' | heading_core: 'testingmatrices' | fuzzy_score: 41.666666666666664
[DEBUG-NORM] TOC: 'SECTION IV. TESTING MATRICES' | heading_core: 'testingmatrices' | candidate: 'is violated. For all new hires during the period, inspected the signed' | candidate_core: 'sviolatedforallnewhiresduringtheperiodinspectedthesigned'
[DEBUG] Topic: Control_Descriptions | i: 1199 | n: 2 | candidate: 'is violated. For all new hires during the period, inspected the signed' | candidate_core: 'sviolatedforallnewhiresduringtheperiodinspectedthesigned' | heading_core: 'testingmatrices' | fuzzy_score: 33.80281690140845
[DEBUG-NORM] TOC: 'SECTION IV. TESTING MATRICES' | heading_core: 'testingmatrices' | candidate: 'is violated. For all new hires during the period, inspected the signed handbook to verify whether each individual had' | candidate_core: 'sviolatedforallnewhiresduringtheperiodinspectedthesignedhandbooktoverifywhethereachindividualhad'
[DEBUG] Topic: Control_Descriptions | i: 1199 | n: 3 | candidate: 'is violated. For all new hires during the period, inspected the signed handbook to verify whether each individual had' | candidate_core: 'sviolatedforallnewhiresduringtheperiodinspectedthesignedhandbooktoverifywhethereachindividualhad' | heading_core: 'testingmatrices' | fuzzy_score: 21.62162162162162
[DEBUG-NORM] TOC: 'SECTION IV. TESTING MATRICES' | heading_core: 'testingmatrices' | candidate: 'For all new hires during the period, inspected the signed' | candidate_core: 'forallnewhiresduringtheperiodinspectedthesigned'
[DEBUG] Topic: Control_Descriptions | i: 1200 | n: 1 | candidate: 'For all new hires during the period, inspected the signed' | candidate_core: 'forallnewhiresduringtheperiodinspectedthesigned' | heading_core: 'testingmatrices' | fuzzy_score: 35.483870967741936
[DEBUG-NORM] TOC: 'SECTION IV. TESTING MATRICES' | heading_core: 'testingmatrices' | candidate: 'For all new hires during the period, inspected the signed handbook to verify whether each individual had' | candidate_core: 'forallnewhiresduringtheperiodinspectedthesignedhandbooktoverifywhethereachindividualhad'
[DEBUG] Topic: Control_Descriptions | i: 1200 | n: 2 | candidate: 'For all new hires during the period, inspected the signed handbook to verify whether each individual had' | candidate_core: 'forallnewhiresduringtheperiodinspectedthesignedhandbooktoverifywhethereachindividualhad' | heading_core: 'testingmatrices' | fuzzy_score: 21.568627450980394
[DEBUG-NORM] TOC: 'SECTION IV. TESTING MATRICES' | heading_core: 'testingmatrices' | candidate: 'For all new hires during the period, inspected the signed handbook to verify whether each individual had acknowledged and accepted the Code of Conduct policy.' | candidate_core: 'forallnewhiresduringtheperiodinspectedthesignedhandbooktoverifywhethereachindividualhadacknowledgedandacceptedthecodeofconductpolicy'
[DEBUG] Topic: Control_Descriptions | i: 1200 | n: 3 | candidate: 'For all new hires during the period, inspected the signed handbook to verify whether each individual had acknowledged and accepted the Code of Conduct policy.' | candidate_core: 'forallnewhiresduringtheperiodinspectedthesignedhandbooktoverifywhethereachindividualhadacknowledgedandacceptedthecodeofconductpolicy' | heading_core: 'testingmatrices' | fuzzy_score: 16.326530612244895
[DEBUG-NORM] TOC: 'SECTION IV. TESTING MATRICES' | heading_core: 'testingmatrices' | candidate: 'handbook to verify whether each individual had' | candidate_core: 'handbooktoverifywhethereachindividualhad'
[DEBUG] Topic: Control_Descriptions | i: 1201 | n: 1 | candidate: 'handbook to verify whether each individual had' | candidate_core: 'handbooktoverifywhethereachindividualhad' | heading_core: 'testingmatrices' | fuzzy_score: 21.818181818181813
[DEBUG-NORM] TOC: 'SECTION IV. TESTING MATRICES' | heading_core: 'testingmatrices' | candidate: 'handbook to verify whether each individual had acknowledged and accepted the Code of Conduct policy.' | candidate_core: 'handbooktoverifywhethereachindividualhadacknowledgedandacceptedthecodeofconductpolicy'
[DEBUG] Topic: Control_Descriptions | i: 1201 | n: 2 | candidate: 'handbook to verify whether each individual had acknowledged and accepted the Code of Conduct policy.' | candidate_core: 'handbooktoverifywhethereachindividualhadacknowledgedandacceptedthecodeofconductpolicy' | heading_core: 'testingmatrices' | fuzzy_score: 19.999999999999996
[DEBUG-NORM] TOC: 'SECTION IV. TESTING MATRICES' | heading_core: 'testingmatrices' | candidate: 'handbook to verify whether each individual had acknowledged and accepted the Code of Conduct policy. No exceptions noted.' | candidate_core: 'handbooktoverifywhethereachindividualhadacknowledgedandacceptedthecodeofconductpolicynoexceptionsnoted'
[DEBUG] Topic: Control_Descriptions | i: 1201 | n: 3 | candidate: 'handbook to verify whether each individual had acknowledged and accepted the Code of Conduct policy. No exceptions noted.' | candidate_core: 'handbooktoverifywhethereachindividualhadacknowledgedandacceptedthecodeofconductpolicynoexceptionsnoted' | heading_core: 'testingmatrices' | fuzzy_score: 20.512820512820518
[DEBUG-NORM] TOC: 'SECTION IV. TESTING MATRICES' | heading_core: 'testingmatrices' | candidate: 'acknowledged and accepted the Code of Conduct policy.' | candidate_core: 'acknowledgedandacceptedthecodeofconductpolicy'
[DEBUG] Topic: Control_Descriptions | i: 1202 | n: 1 | candidate: 'acknowledged and accepted the Code of Conduct policy.' | candidate_core: 'acknowledgedandacceptedthecodeofconductpolicy' | heading_core: 'testingmatrices' | fuzzy_score: 23.33333333333333
[DEBUG-NORM] TOC: 'SECTION IV. TESTING MATRICES' | heading_core: 'testingmatrices' | candidate: 'acknowledged and accepted the Code of Conduct policy. No exceptions noted.' | candidate_core: 'acknowledgedandacceptedthecodeofconductpolicynoexceptionsnoted'
[DEBUG] Topic: Control_Descriptions | i: 1202 | n: 2 | candidate: 'acknowledged and accepted the Code of Conduct policy. No exceptions noted.' | candidate_core: 'acknowledgedandacceptedthecodeofconductpolicynoexceptionsnoted' | heading_core: 'testingmatrices' | fuzzy_score: 23.376623376623375
[DEBUG-NORM] TOC: 'SECTION IV. TESTING MATRICES' | heading_core: 'testingmatrices' | candidate: 'acknowledged and accepted the Code of Conduct policy. No exceptions noted. CC1.2 COSO Principle 2: The board of directors demonstrates independence from management and exercises oversight of the development and performance of' | candidate_core: 'acknowledgedandacceptedthecodeofconductpolicynoexceptionsnotedcc12cosoprinciple2theboardofdirectorsdemonstratesindependencefrommanagementandexercisesoversightofthedevelopmentandperformanceof'
[DEBUG] Topic: Control_Descriptions | i: 1202 | n: 3 | candidate: 'acknowledged and accepted the Code of Conduct policy. No exceptions noted. CC1.2 COSO Principle 2: The board of directors demonstrates independence from management and exercises oversight of the development and performance of' | candidate_core: 'acknowledgedandacceptedthecodeofconductpolicynoexceptionsnotedcc12cosoprinciple2theboardofdirectorsdemonstratesindependencefrommanagementandexercisesoversightofthedevelopmentandperformanceof' | heading_core: 'testingmatrices' | fuzzy_score: 12.682926829268293
[DEBUG-NORM] TOC: 'SECTION IV. TESTING MATRICES' | heading_core: 'testingmatrices' | candidate: 'No exceptions noted.' | candidate_core: 'noexceptionsnoted'
[DEBUG] Topic: Control_Descriptions | i: 1203 | n: 1 | candidate: 'No exceptions noted.' | candidate_core: 'noexceptionsnoted' | heading_core: 'testingmatrices' | fuzzy_score: 37.5
[DEBUG-NORM] TOC: 'SECTION IV. TESTING MATRICES' | heading_core: 'testingmatrices' | candidate: 'No exceptions noted. CC1.2 COSO Principle 2: The board of directors demonstrates independence from management and exercises oversight of the development and performance of' | candidate_core: 'noexceptionsnotedcc12cosoprinciple2theboardofdirectorsdemonstratesindependencefrommanagementandexercisesoversightofthedevelopmentandperformanceof'
[DEBUG] Topic: Control_Descriptions | i: 1203 | n: 2 | candidate: 'No exceptions noted. CC1.2 COSO Principle 2: The board of directors demonstrates independence from management and exercises oversight of the development and performance of' | candidate_core: 'noexceptionsnotedcc12cosoprinciple2theboardofdirectorsdemonstratesindependencefrommanagementandexercisesoversightofthedevelopmentandperformanceof' | heading_core: 'testingmatrices' | fuzzy_score: 16.249999999999996
[DEBUG-NORM] TOC: 'SECTION IV. TESTING MATRICES' | heading_core: 'testingmatrices' | candidate: 'No exceptions noted. CC1.2 COSO Principle 2: The board of directors demonstrates independence from management and exercises oversight of the development and performance of internal control.' | candidate_core: 'noexceptionsnotedcc12cosoprinciple2theboardofdirectorsdemonstratesindependencefrommanagementandexercisesoversightofthedevelopmentandperformanceofinternalcontrol'
[DEBUG] Topic: Control_Descriptions | i: 1203 | n: 3 | candidate: 'No exceptions noted. CC1.2 COSO Principle 2: The board of directors demonstrates independence from management and exercises oversight of the development and performance of internal control.' | candidate_core: 'noexceptionsnotedcc12cosoprinciple2theboardofdirectorsdemonstratesindependencefrommanagementandexercisesoversightofthedevelopmentandperformanceofinternalcontrol' | heading_core: 'testingmatrices' | fuzzy_score: 14.857142857142858
[DEBUG-NORM] TOC: 'SECTION IV. TESTING MATRICES' | heading_core: 'testingmatrices' | candidate: 'CC1.2 COSO Principle 2: The board of directors demonstrates independence from management and exercises oversight of the development and performance of' | candidate_core: '2cosoprinciple2theboardofdirectorsdemonstratesindependencefrommanagementandexercisesoversightofthedevelopmentandperformanceof'
[DEBUG] Topic: Control_Descriptions | i: 1204 | n: 1 | candidate: 'CC1.2 COSO Principle 2: The board of directors demonstrates independence from management and exercises oversight of the development and performance of' | candidate_core: '2cosoprinciple2theboardofdirectorsdemonstratesindependencefrommanagementandexercisesoversightofthedevelopmentandperformanceof' | heading_core: 'testingmatrices' | fuzzy_score: 18.571428571428573
[DEBUG-NORM] TOC: 'SECTION IV. TESTING MATRICES' | heading_core: 'testingmatrices' | candidate: 'CC1.2 COSO Principle 2: The board of directors demonstrates independence from management and exercises oversight of the development and performance of internal control.' | candidate_core: '2cosoprinciple2theboardofdirectorsdemonstratesindependencefrommanagementandexercisesoversightofthedevelopmentandperformanceofinternalcontrol'
[DEBUG] Topic: Control_Descriptions | i: 1204 | n: 2 | candidate: 'CC1.2 COSO Principle 2: The board of directors demonstrates independence from management and exercises oversight of the development and performance of internal control.' | candidate_core: '2cosoprinciple2theboardofdirectorsdemonstratesindependencefrommanagementandexercisesoversightofthedevelopmentandperformanceofinternalcontrol' | heading_core: 'testingmatrices' | fuzzy_score: 16.774193548387096
[DEBUG-NORM] TOC: 'SECTION IV. TESTING MATRICES' | heading_core: 'testingmatrices' | candidate: 'CC1.2 COSO Principle 2: The board of directors demonstrates independence from management and exercises oversight of the development and performance of internal control. CC1.2.1' | candidate_core: '2cosoprinciple2theboardofdirectorsdemonstratesindependencefrommanagementandexercisesoversightofthedevelopmentandperformanceofinternalcontrolcc121'
[DEBUG] Topic: Control_Descriptions | i: 1204 | n: 3 | candidate: 'CC1.2 COSO Principle 2: The board of directors demonstrates independence from management and exercises oversight of the development and performance of internal control. CC1.2.1' | candidate_core: '2cosoprinciple2theboardofdirectorsdemonstratesindependencefrommanagementandexercisesoversightofthedevelopmentandperformanceofinternalcontrolcc121' | heading_core: 'testingmatrices' | fuzzy_score: 16.249999999999996
[DEBUG-NORM] TOC: 'SECTION IV. TESTING MATRICES' | heading_core: 'testingmatrices' | candidate: 'internal control.' | candidate_core: 'nternalcontrol'
[DEBUG] Topic: Control_Descriptions | i: 1205 | n: 1 | candidate: 'internal control.' | candidate_core: 'nternalcontrol' | heading_core: 'testingmatrices' | fuzzy_score: 41.379310344827594
[DEBUG-NORM] TOC: 'SECTION IV. TESTING MATRICES' | heading_core: 'testingmatrices' | candidate: 'internal control. CC1.2.1' | candidate_core: 'nternalcontrolcc121'
[DEBUG] Topic: Control_Descriptions | i: 1205 | n: 2 | candidate: 'internal control. CC1.2.1' | candidate_core: 'nternalcontrolcc121' | heading_core: 'testingmatrices' | fuzzy_score: 41.17647058823529
[DEBUG-NORM] TOC: 'SECTION IV. TESTING MATRICES' | heading_core: 'testingmatrices' | candidate: 'internal control. CC1.2.1 SimpleLegal is a subsidiary of Onit, whose leaders have' | candidate_core: 'nternalcontrolcc121simplelegalisasubsidiaryofonitwhoseleadershave'
[DEBUG] Topic: Control_Descriptions | i: 1205 | n: 3 | candidate: 'internal control. CC1.2.1 SimpleLegal is a subsidiary of Onit, whose leaders have' | candidate_core: 'nternalcontrolcc121simplelegalisasubsidiaryofonitwhoseleadershave' | heading_core: 'testingmatrices' | fuzzy_score: 25.0
[DEBUG-NORM] TOC: 'SECTION IV. TESTING MATRICES' | heading_core: 'testingmatrices' | candidate: 'CC1.2.1' | candidate_core: '21'
[DEBUG] Topic: Control_Descriptions | i: 1206 | n: 1 | candidate: 'CC1.2.1' | candidate_core: '21' | heading_core: 'testingmatrices' | fuzzy_score: 0.0
[DEBUG-NORM] TOC: 'SECTION IV. TESTING MATRICES' | heading_core: 'testingmatrices' | candidate: 'CC1.2.1 SimpleLegal is a subsidiary of Onit, whose leaders have' | candidate_core: '21simplelegalisasubsidiaryofonitwhoseleadershave'
[DEBUG] Topic: Control_Descriptions | i: 1206 | n: 2 | candidate: 'CC1.2.1 SimpleLegal is a subsidiary of Onit, whose leaders have' | candidate_core: '21simplelegalisasubsidiaryofonitwhoseleadershave' | heading_core: 'testingmatrices' | fuzzy_score: 25.396825396825395
[DEBUG-NORM] TOC: 'SECTION IV. TESTING MATRICES' | heading_core: 'testingmatrices' | candidate: 'CC1.2.1 SimpleLegal is a subsidiary of Onit, whose leaders have relevant skills and industry expertise that enable them to' | candidate_core: '21simplelegalisasubsidiaryofonitwhoseleadershaverelevantskillsandindustryexpertisethatenablethemto'
[DEBUG] Topic: Control_Descriptions | i: 1206 | n: 3 | candidate: 'CC1.2.1 SimpleLegal is a subsidiary of Onit, whose leaders have relevant skills and industry expertise that enable them to' | candidate_core: '21simplelegalisasubsidiaryofonitwhoseleadershaverelevantskillsandindustryexpertisethatenablethemto' | heading_core: 'testingmatrices' | fuzzy_score: 17.699115044247794
[DEBUG-NORM] TOC: 'SECTION IV. TESTING MATRICES' | heading_core: 'testingmatrices' | candidate: 'SimpleLegal is a subsidiary of Onit, whose leaders have' | candidate_core: 'simplelegalisasubsidiaryofonitwhoseleadershave'
[DEBUG] Topic: Control_Descriptions | i: 1207 | n: 1 | candidate: 'SimpleLegal is a subsidiary of Onit, whose leaders have' | candidate_core: 'simplelegalisasubsidiaryofonitwhoseleadershave' | heading_core: 'testingmatrices' | fuzzy_score: 26.22950819672131
[DEBUG-NORM] TOC: 'SECTION IV. TESTING MATRICES' | heading_core: 'testingmatrices' | candidate: 'SimpleLegal is a subsidiary of Onit, whose leaders have relevant skills and industry expertise that enable them to' | candidate_core: 'simplelegalisasubsidiaryofonitwhoseleadershaverelevantskillsandindustryexpertisethatenablethemto'
[DEBUG] Topic: Control_Descriptions | i: 1207 | n: 2 | candidate: 'SimpleLegal is a subsidiary of Onit, whose leaders have relevant skills and industry expertise that enable them to' | candidate_core: 'simplelegalisasubsidiaryofonitwhoseleadershaverelevantskillsandindustryexpertisethatenablethemto' | heading_core: 'testingmatrices' | fuzzy_score: 18.018018018018022
[DEBUG-NORM] TOC: 'SECTION IV. TESTING MATRICES' | heading_core: 'testingmatrices' | candidate: 'SimpleLegal is a subsidiary of Onit, whose leaders have relevant skills and industry expertise that enable them to provide independent oversight over management.' | candidate_core: 'simplelegalisasubsidiaryofonitwhoseleadershaverelevantskillsandindustryexpertisethatenablethemtoprovideindependentoversightovermanagement'
[DEBUG] Topic: Control_Descriptions | i: 1207 | n: 3 | candidate: 'SimpleLegal is a subsidiary of Onit, whose leaders have relevant skills and industry expertise that enable them to provide independent oversight over management.' | candidate_core: 'simplelegalisasubsidiaryofonitwhoseleadershaverelevantskillsandindustryexpertisethatenablethemtoprovideindependentoversightovermanagement' | heading_core: 'testingmatrices' | fuzzy_score: 15.789473684210531
[DEBUG-NORM] TOC: 'SECTION IV. TESTING MATRICES' | heading_core: 'testingmatrices' | candidate: 'relevant skills and industry expertise that enable them to' | candidate_core: 'relevantskillsandindustryexpertisethatenablethemto'
[DEBUG] Topic: Control_Descriptions | i: 1208 | n: 1 | candidate: 'relevant skills and industry expertise that enable them to' | candidate_core: 'relevantskillsandindustryexpertisethatenablethemto' | heading_core: 'testingmatrices' | fuzzy_score: 24.615384615384617
[DEBUG-NORM] TOC: 'SECTION IV. TESTING MATRICES' | heading_core: 'testingmatrices' | candidate: 'relevant skills and industry expertise that enable them to provide independent oversight over management.' | candidate_core: 'relevantskillsandindustryexpertisethatenablethemtoprovideindependentoversightovermanagement'
[DEBUG] Topic: Control_Descriptions | i: 1208 | n: 2 | candidate: 'relevant skills and industry expertise that enable them to provide independent oversight over management.' | candidate_core: 'relevantskillsandindustryexpertisethatenablethemtoprovideindependentoversightovermanagement' | heading_core: 'testingmatrices' | fuzzy_score: 20.75471698113207
[DEBUG-NORM] TOC: 'SECTION IV. TESTING MATRICES' | heading_core: 'testingmatrices' | candidate: 'relevant skills and industry expertise that enable them to provide independent oversight over management. Inspected Onit’s website to verify whether Onit’s executive' | candidate_core: 'relevantskillsandindustryexpertisethatenablethemtoprovideindependentoversightovermanagementinspectedonitswebsitetoverifywhetheronitsexecutive'
[DEBUG] Topic: Control_Descriptions | i: 1208 | n: 3 | candidate: 'relevant skills and industry expertise that enable them to provide independent oversight over management. Inspected Onit’s website to verify whether Onit’s executive' | candidate_core: 'relevantskillsandindustryexpertisethatenablethemtoprovideindependentoversightovermanagementinspectedonitswebsitetoverifywhetheronitsexecutive' | heading_core: 'testingmatrices' | fuzzy_score: 17.948717948717952
[DEBUG-NORM] TOC: 'SECTION IV. TESTING MATRICES' | heading_core: 'testingmatrices' | candidate: 'provide independent oversight over management.' | candidate_core: 'provideindependentoversightovermanagement'
[DEBUG] Topic: Control_Descriptions | i: 1209 | n: 1 | candidate: 'provide independent oversight over management.' | candidate_core: 'provideindependentoversightovermanagement' | heading_core: 'testingmatrices' | fuzzy_score: 28.57142857142857
[DEBUG-NORM] TOC: 'SECTION IV. TESTING MATRICES' | heading_core: 'testingmatrices' | candidate: 'provide independent oversight over management. Inspected Onit’s website to verify whether Onit’s executive' | candidate_core: 'provideindependentoversightovermanagementinspectedonitswebsitetoverifywhetheronitsexecutive'
[DEBUG] Topic: Control_Descriptions | i: 1209 | n: 2 | candidate: 'provide independent oversight over management. Inspected Onit’s website to verify whether Onit’s executive' | candidate_core: 'provideindependentoversightovermanagementinspectedonitswebsitetoverifywhetheronitsexecutive' | heading_core: 'testingmatrices' | fuzzy_score: 22.64150943396226
[DEBUG-NORM] TOC: 'SECTION IV. TESTING MATRICES' | heading_core: 'testingmatrices' | candidate: 'provide independent oversight over management. Inspected Onit’s website to verify whether Onit’s executive leadership team consists of individuals with relevant skills' | candidate_core: 'provideindependentoversightovermanagementinspectedonitswebsitetoverifywhetheronitsexecutiveleadershipteamconsistsofindividualswithrelevantskills'
[DEBUG] Topic: Control_Descriptions | i: 1209 | n: 3 | candidate: 'provide independent oversight over management. Inspected Onit’s website to verify whether Onit’s executive leadership team consists of individuals with relevant skills' | candidate_core: 'provideindependentoversightovermanagementinspectedonitswebsitetoverifywhetheronitsexecutiveleadershipteamconsistsofindividualswithrelevantskills' | heading_core: 'testingmatrices' | fuzzy_score: 16.35220125786163
[DEBUG-NORM] TOC: 'SECTION IV. TESTING MATRICES' | heading_core: 'testingmatrices' | candidate: 'Inspected Onit’s website to verify whether Onit’s executive' | candidate_core: 'nspectedonitswebsitetoverifywhetheronitsexecutive'
[DEBUG] Topic: Control_Descriptions | i: 1210 | n: 1 | candidate: 'Inspected Onit’s website to verify whether Onit’s executive' | candidate_core: 'nspectedonitswebsitetoverifywhetheronitsexecutive' | heading_core: 'testingmatrices' | fuzzy_score: 31.25
[DEBUG-NORM] TOC: 'SECTION IV. TESTING MATRICES' | heading_core: 'testingmatrices' | candidate: 'Inspected Onit’s website to verify whether Onit’s executive leadership team consists of individuals with relevant skills' | candidate_core: 'nspectedonitswebsitetoverifywhetheronitsexecutiveleadershipteamconsistsofindividualswithrelevantskills'
[DEBUG] Topic: Control_Descriptions | i: 1210 | n: 2 | candidate: 'Inspected Onit’s website to verify whether Onit’s executive leadership team consists of individuals with relevant skills' | candidate_core: 'nspectedonitswebsitetoverifywhetheronitsexecutiveleadershipteamconsistsofindividualswithrelevantskills' | heading_core: 'testingmatrices' | fuzzy_score: 20.512820512820518
[DEBUG-NORM] TOC: 'SECTION IV. TESTING MATRICES' | heading_core: 'testingmatrices' | candidate: 'Inspected Onit’s website to verify whether Onit’s executive leadership team consists of individuals with relevant skills and industry expertise that enables them to provide' | candidate_core: 'nspectedonitswebsitetoverifywhetheronitsexecutiveleadershipteamconsistsofindividualswithrelevantskillsandindustryexpertisethatenablesthemtoprovide'
[DEBUG] Topic: Control_Descriptions | i: 1210 | n: 3 | candidate: 'Inspected Onit’s website to verify whether Onit’s executive leadership team consists of individuals with relevant skills and industry expertise that enables them to provide' | candidate_core: 'nspectedonitswebsitetoverifywhetheronitsexecutiveleadershipteamconsistsofindividualswithrelevantskillsandindustryexpertisethatenablesthemtoprovide' | heading_core: 'testingmatrices' | fuzzy_score: 16.149068322981364
[DEBUG-NORM] TOC: 'SECTION IV. TESTING MATRICES' | heading_core: 'testingmatrices' | candidate: 'leadership team consists of individuals with relevant skills' | candidate_core: 'eadershipteamconsistsofindividualswithrelevantskills'
[DEBUG] Topic: Control_Descriptions | i: 1211 | n: 1 | candidate: 'leadership team consists of individuals with relevant skills' | candidate_core: 'eadershipteamconsistsofindividualswithrelevantskills' | heading_core: 'testingmatrices' | fuzzy_score: 32.83582089552238
[DEBUG-NORM] TOC: 'SECTION IV. TESTING MATRICES' | heading_core: 'testingmatrices' | candidate: 'leadership team consists of individuals with relevant skills and industry expertise that enables them to provide' | candidate_core: 'eadershipteamconsistsofindividualswithrelevantskillsandindustryexpertisethatenablesthemtoprovide'
[DEBUG] Topic: Control_Descriptions | i: 1211 | n: 2 | candidate: 'leadership team consists of individuals with relevant skills and industry expertise that enables them to provide' | candidate_core: 'eadershipteamconsistsofindividualswithrelevantskillsandindustryexpertisethatenablesthemtoprovide' | heading_core: 'testingmatrices' | fuzzy_score: 21.62162162162162
[DEBUG-NORM] TOC: 'SECTION IV. TESTING MATRICES' | heading_core: 'testingmatrices' | candidate: 'leadership team consists of individuals with relevant skills and industry expertise that enables them to provide independent oversight over management.' | candidate_core: 'eadershipteamconsistsofindividualswithrelevantskillsandindustryexpertisethatenablesthemtoprovideindependentoversightovermanagement'
[DEBUG] Topic: Control_Descriptions | i: 1211 | n: 3 | candidate: 'leadership team consists of individuals with relevant skills and industry expertise that enables them to provide independent oversight over management.' | candidate_core: 'eadershipteamconsistsofindividualswithrelevantskillsandindustryexpertisethatenablesthemtoprovideindependentoversightovermanagement' | heading_core: 'testingmatrices' | fuzzy_score: 16.551724137931036
[DEBUG-NORM] TOC: 'SECTION IV. TESTING MATRICES' | heading_core: 'testingmatrices' | candidate: 'and industry expertise that enables them to provide' | candidate_core: 'andindustryexpertisethatenablesthemtoprovide'
[DEBUG] Topic: Control_Descriptions | i: 1212 | n: 1 | candidate: 'and industry expertise that enables them to provide' | candidate_core: 'andindustryexpertisethatenablesthemtoprovide' | heading_core: 'testingmatrices' | fuzzy_score: 33.89830508474576
[DEBUG-NORM] TOC: 'SECTION IV. TESTING MATRICES' | heading_core: 'testingmatrices' | candidate: 'and industry expertise that enables them to provide independent oversight over management.' | candidate_core: 'andindustryexpertisethatenablesthemtoprovideindependentoversightovermanagement'
[DEBUG] Topic: Control_Descriptions | i: 1212 | n: 2 | candidate: 'and industry expertise that enables them to provide independent oversight over management.' | candidate_core: 'andindustryexpertisethatenablesthemtoprovideindependentoversightovermanagement' | heading_core: 'testingmatrices' | fuzzy_score: 23.655913978494624
[DEBUG-NORM] TOC: 'SECTION IV. TESTING MATRICES' | heading_core: 'testingmatrices' | candidate: 'and industry expertise that enables them to provide independent oversight over management. No exceptions noted.' | candidate_core: 'andindustryexpertisethatenablesthemtoprovideindependentoversightovermanagementnoexceptionsnoted'
[DEBUG] Topic: Control_Descriptions | i: 1212 | n: 3 | candidate: 'and industry expertise that enables them to provide independent oversight over management. No exceptions noted.' | candidate_core: 'andindustryexpertisethatenablesthemtoprovideindependentoversightovermanagementnoexceptionsnoted' | heading_core: 'testingmatrices' | fuzzy_score: 23.636363636363633
[DEBUG-NORM] TOC: 'SECTION IV. TESTING MATRICES' | heading_core: 'testingmatrices' | candidate: 'independent oversight over management.' | candidate_core: 'ndependentoversightovermanagement'
[DEBUG] Topic: Control_Descriptions | i: 1213 | n: 1 | candidate: 'independent oversight over management.' | candidate_core: 'ndependentoversightovermanagement' | heading_core: 'testingmatrices' | fuzzy_score: 33.333333333333336
[DEBUG-NORM] TOC: 'SECTION IV. TESTING MATRICES' | heading_core: 'testingmatrices' | candidate: 'independent oversight over management. No exceptions noted.' | candidate_core: 'ndependentoversightovermanagementnoexceptionsnoted'
[DEBUG] Topic: Control_Descriptions | i: 1213 | n: 2 | candidate: 'independent oversight over management. No exceptions noted.' | candidate_core: 'ndependentoversightovermanagementnoexceptionsnoted' | heading_core: 'testingmatrices' | fuzzy_score: 33.84615384615385
[DEBUG-NORM] TOC: 'SECTION IV. TESTING MATRICES' | heading_core: 'testingmatrices' | candidate: 'independent oversight over management. No exceptions noted. CC1.2.2' | candidate_core: 'ndependentoversightovermanagementnoexceptionsnotedcc122'
[DEBUG] Topic: Control_Descriptions | i: 1213 | n: 3 | candidate: 'independent oversight over management. No exceptions noted. CC1.2.2' | candidate_core: 'ndependentoversightovermanagementnoexceptionsnotedcc122' | heading_core: 'testingmatrices' | fuzzy_score: 31.428571428571427
[DEBUG-NORM] TOC: 'SECTION IV. TESTING MATRICES' | heading_core: 'testingmatrices' | candidate: 'No exceptions noted.' | candidate_core: 'noexceptionsnoted'
[DEBUG] Topic: Control_Descriptions | i: 1214 | n: 1 | candidate: 'No exceptions noted.' | candidate_core: 'noexceptionsnoted' | heading_core: 'testingmatrices' | fuzzy_score: 37.5
[DEBUG-NORM] TOC: 'SECTION IV. TESTING MATRICES' | heading_core: 'testingmatrices' | candidate: 'No exceptions noted. CC1.2.2' | candidate_core: 'noexceptionsnotedcc122'
[DEBUG] Topic: Control_Descriptions | i: 1214 | n: 2 | candidate: 'No exceptions noted. CC1.2.2' | candidate_core: 'noexceptionsnotedcc122' | heading_core: 'testingmatrices' | fuzzy_score: 32.432432432432435
[DEBUG-NORM] TOC: 'SECTION IV. TESTING MATRICES' | heading_core: 'testingmatrices' | candidate: 'No exceptions noted. CC1.2.2 SimpleLegal meets with the Onit Board of Directors on at' | candidate_core: 'noexceptionsnotedcc122simplelegalmeetswiththeonitboardofdirectorsonat'
[DEBUG] Topic: Control_Descriptions | i: 1214 | n: 3 | candidate: 'No exceptions noted. CC1.2.2 SimpleLegal meets with the Onit Board of Directors on at' | candidate_core: 'noexceptionsnotedcc122simplelegalmeetswiththeonitboardofdirectorsonat' | heading_core: 'testingmatrices' | fuzzy_score: 26.190476190476186
[DEBUG-NORM] TOC: 'SECTION IV. TESTING MATRICES' | heading_core: 'testingmatrices' | candidate: 'CC1.2.2' | candidate_core: '22'
[DEBUG] Topic: Control_Descriptions | i: 1215 | n: 1 | candidate: 'CC1.2.2' | candidate_core: '22' | heading_core: 'testingmatrices' | fuzzy_score: 0.0
[DEBUG-NORM] TOC: 'SECTION IV. TESTING MATRICES' | heading_core: 'testingmatrices' | candidate: 'CC1.2.2 SimpleLegal meets with the Onit Board of Directors on at' | candidate_core: '22simplelegalmeetswiththeonitboardofdirectorsonat'
[DEBUG] Topic: Control_Descriptions | i: 1215 | n: 2 | candidate: 'CC1.2.2 SimpleLegal meets with the Onit Board of Directors on at' | candidate_core: '22simplelegalmeetswiththeonitboardofdirectorsonat' | heading_core: 'testingmatrices' | fuzzy_score: 28.125
[DEBUG-NORM] TOC: 'SECTION IV. TESTING MATRICES' | heading_core: 'testingmatrices' | candidate: 'CC1.2.2 SimpleLegal meets with the Onit Board of Directors on at least a quarterly basis to discuss Company performance,' | candidate_core: '22simplelegalmeetswiththeonitboardofdirectorsonatleastaquarterlybasistodiscusscompanyperformance'
[DEBUG] Topic: Control_Descriptions | i: 1215 | n: 3 | candidate: 'CC1.2.2 SimpleLegal meets with the Onit Board of Directors on at least a quarterly basis to discuss Company performance,' | candidate_core: '22simplelegalmeetswiththeonitboardofdirectorsonatleastaquarterlybasistodiscusscompanyperformance' | heading_core: 'testingmatrices' | fuzzy_score: 19.819819819819816
[DEBUG-NORM] TOC: 'SECTION IV. TESTING MATRICES' | heading_core: 'testingmatrices' | candidate: 'SimpleLegal meets with the Onit Board of Directors on at' | candidate_core: 'simplelegalmeetswiththeonitboardofdirectorsonat'
[DEBUG] Topic: Control_Descriptions | i: 1216 | n: 1 | candidate: 'SimpleLegal meets with the Onit Board of Directors on at' | candidate_core: 'simplelegalmeetswiththeonitboardofdirectorsonat' | heading_core: 'testingmatrices' | fuzzy_score: 29.032258064516125
[DEBUG-NORM] TOC: 'SECTION IV. TESTING MATRICES' | heading_core: 'testingmatrices' | candidate: 'SimpleLegal meets with the Onit Board of Directors on at least a quarterly basis to discuss Company performance,' | candidate_core: 'simplelegalmeetswiththeonitboardofdirectorsonatleastaquarterlybasistodiscusscompanyperformance'
[DEBUG] Topic: Control_Descriptions | i: 1216 | n: 2 | candidate: 'SimpleLegal meets with the Onit Board of Directors on at least a quarterly basis to discuss Company performance,' | candidate_core: 'simplelegalmeetswiththeonitboardofdirectorsonatleastaquarterlybasistodiscusscompanyperformance' | heading_core: 'testingmatrices' | fuzzy_score: 20.18348623853211
[DEBUG-NORM] TOC: 'SECTION IV. TESTING MATRICES' | heading_core: 'testingmatrices' | candidate: 'SimpleLegal meets with the Onit Board of Directors on at least a quarterly basis to discuss Company performance, strategic objectives, and information security matters.' | candidate_core: 'simplelegalmeetswiththeonitboardofdirectorsonatleastaquarterlybasistodiscusscompanyperformancestrategicobjectivesandinformationsecuritymatters'
[DEBUG] Topic: Control_Descriptions | i: 1216 | n: 3 | candidate: 'SimpleLegal meets with the Onit Board of Directors on at least a quarterly basis to discuss Company performance, strategic objectives, and information security matters.' | candidate_core: 'simplelegalmeetswiththeonitboardofdirectorsonatleastaquarterlybasistodiscusscompanyperformancestrategicobjectivesandinformationsecuritymatters' | heading_core: 'testingmatrices' | fuzzy_score: 17.834394904458595
[DEBUG-NORM] TOC: 'SECTION IV. TESTING MATRICES' | heading_core: 'testingmatrices' | candidate: 'least a quarterly basis to discuss Company performance,' | candidate_core: 'eastaquarterlybasistodiscusscompanyperformance'
[DEBUG] Topic: Control_Descriptions | i: 1217 | n: 1 | candidate: 'least a quarterly basis to discuss Company performance,' | candidate_core: 'eastaquarterlybasistodiscusscompanyperformance' | heading_core: 'testingmatrices' | fuzzy_score: 32.786885245901644
[DEBUG-NORM] TOC: 'SECTION IV. TESTING MATRICES' | heading_core: 'testingmatrices' | candidate: 'least a quarterly basis to discuss Company performance, strategic objectives, and information security matters.' | candidate_core: 'eastaquarterlybasistodiscusscompanyperformancestrategicobjectivesandinformationsecuritymatters'
[DEBUG] Topic: Control_Descriptions | i: 1217 | n: 2 | candidate: 'least a quarterly basis to discuss Company performance, strategic objectives, and information security matters.' | candidate_core: 'eastaquarterlybasistodiscusscompanyperformancestrategicobjectivesandinformationsecuritymatters' | heading_core: 'testingmatrices' | fuzzy_score: 25.688073394495415
[DEBUG-NORM] TOC: 'SECTION IV. TESTING MATRICES' | heading_core: 'testingmatrices' | candidate: 'least a quarterly basis to discuss Company performance, strategic objectives, and information security matters. For a selection of quarters during the period, inspected the' | candidate_core: 'eastaquarterlybasistodiscusscompanyperformancestrategicobjectivesandinformationsecuritymattersforaselectionofquartersduringtheperiodinspectedthe'
[DEBUG] Topic: Control_Descriptions | i: 1217 | n: 3 | candidate: 'least a quarterly basis to discuss Company performance, strategic objectives, and information security matters. For a selection of quarters during the period, inspected the' | candidate_core: 'eastaquarterlybasistodiscusscompanyperformancestrategicobjectivesandinformationsecuritymattersforaselectionofquartersduringtheperiodinspectedthe' | heading_core: 'testingmatrices' | fuzzy_score: 18.867924528301884
[DEBUG-NORM] TOC: 'SECTION IV. TESTING MATRICES' | heading_core: 'testingmatrices' | candidate: 'strategic objectives, and information security matters.' | candidate_core: 'strategicobjectivesandinformationsecuritymatters'
[DEBUG] Topic: Control_Descriptions | i: 1218 | n: 1 | candidate: 'strategic objectives, and information security matters.' | candidate_core: 'strategicobjectivesandinformationsecuritymatters' | heading_core: 'testingmatrices' | fuzzy_score: 38.095238095238095
[DEBUG-NORM] TOC: 'SECTION IV. TESTING MATRICES' | heading_core: 'testingmatrices' | candidate: 'strategic objectives, and information security matters. For a selection of quarters during the period, inspected the' | candidate_core: 'strategicobjectivesandinformationsecuritymattersforaselectionofquartersduringtheperiodinspectedthe'
[DEBUG] Topic: Control_Descriptions | i: 1218 | n: 2 | candidate: 'strategic objectives, and information security matters. For a selection of quarters during the period, inspected the' | candidate_core: 'strategicobjectivesandinformationsecuritymattersforaselectionofquartersduringtheperiodinspectedthe' | heading_core: 'testingmatrices' | fuzzy_score: 23.008849557522126
[DEBUG-NORM] TOC: 'SECTION IV. TESTING MATRICES' | heading_core: 'testingmatrices' | candidate: 'strategic objectives, and information security matters. For a selection of quarters during the period, inspected the Board of Directors meeting invitation and notes to verify' | candidate_core: 'strategicobjectivesandinformationsecuritymattersforaselectionofquartersduringtheperiodinspectedtheboardofdirectorsmeetinginvitationandnotestoverify'
[DEBUG] Topic: Control_Descriptions | i: 1218 | n: 3 | candidate: 'strategic objectives, and information security matters. For a selection of quarters during the period, inspected the Board of Directors meeting invitation and notes to verify' | candidate_core: 'strategicobjectivesandinformationsecuritymattersforaselectionofquartersduringtheperiodinspectedtheboardofdirectorsmeetinginvitationandnotestoverify' | heading_core: 'testingmatrices' | fuzzy_score: 17.28395061728395
[DEBUG-NORM] TOC: 'SECTION IV. TESTING MATRICES' | heading_core: 'testingmatrices' | candidate: 'For a selection of quarters during the period, inspected the' | candidate_core: 'foraselectionofquartersduringtheperiodinspectedthe'
[DEBUG] Topic: Control_Descriptions | i: 1219 | n: 1 | candidate: 'For a selection of quarters during the period, inspected the' | candidate_core: 'foraselectionofquartersduringtheperiodinspectedthe' | heading_core: 'testingmatrices' | fuzzy_score: 33.84615384615385
[DEBUG-NORM] TOC: 'SECTION IV. TESTING MATRICES' | heading_core: 'testingmatrices' | candidate: 'For a selection of quarters during the period, inspected the Board of Directors meeting invitation and notes to verify' | candidate_core: 'foraselectionofquartersduringtheperiodinspectedtheboardofdirectorsmeetinginvitationandnotestoverify'
[DEBUG] Topic: Control_Descriptions | i: 1219 | n: 2 | candidate: 'For a selection of quarters during the period, inspected the Board of Directors meeting invitation and notes to verify' | candidate_core: 'foraselectionofquartersduringtheperiodinspectedtheboardofdirectorsmeetinginvitationandnotestoverify' | heading_core: 'testingmatrices' | fuzzy_score: 21.052631578947366
[DEBUG-NORM] TOC: 'SECTION IV. TESTING MATRICES' | heading_core: 'testingmatrices' | candidate: 'For a selection of quarters during the period, inspected the Board of Directors meeting invitation and notes to verify whether the Board of Directors met on a quarterly basis to' | candidate_core: 'foraselectionofquartersduringtheperiodinspectedtheboardofdirectorsmeetinginvitationandnotestoverifywhethertheboardofdirectorsmetonaquarterlybasisto'
[DEBUG] Topic: Control_Descriptions | i: 1219 | n: 3 | candidate: 'For a selection of quarters during the period, inspected the Board of Directors meeting invitation and notes to verify whether the Board of Directors met on a quarterly basis to' | candidate_core: 'foraselectionofquartersduringtheperiodinspectedtheboardofdirectorsmeetinginvitationandnotestoverifywhethertheboardofdirectorsmetonaquarterlybasisto' | heading_core: 'testingmatrices' | fuzzy_score: 17.28395061728395
[DEBUG-NORM] TOC: 'SECTION IV. TESTING MATRICES' | heading_core: 'testingmatrices' | candidate: 'Board of Directors meeting invitation and notes to verify' | candidate_core: 'boardofdirectorsmeetinginvitationandnotestoverify'
[DEBUG] Topic: Control_Descriptions | i: 1220 | n: 1 | candidate: 'Board of Directors meeting invitation and notes to verify' | candidate_core: 'boardofdirectorsmeetinginvitationandnotestoverify' | heading_core: 'testingmatrices' | fuzzy_score: 34.375
[DEBUG-NORM] TOC: 'SECTION IV. TESTING MATRICES' | heading_core: 'testingmatrices' | candidate: 'Board of Directors meeting invitation and notes to verify whether the Board of Directors met on a quarterly basis to' | candidate_core: 'boardofdirectorsmeetinginvitationandnotestoverifywhethertheboardofdirectorsmetonaquarterlybasisto'
[DEBUG] Topic: Control_Descriptions | i: 1220 | n: 2 | candidate: 'Board of Directors meeting invitation and notes to verify whether the Board of Directors met on a quarterly basis to' | candidate_core: 'boardofdirectorsmeetinginvitationandnotestoverifywhethertheboardofdirectorsmetonaquarterlybasisto' | heading_core: 'testingmatrices' | fuzzy_score: 23.214285714285708
[DEBUG-NORM] TOC: 'SECTION IV. TESTING MATRICES' | heading_core: 'testingmatrices' | candidate: 'Board of Directors meeting invitation and notes to verify whether the Board of Directors met on a quarterly basis to discuss Company performance, strategic objectives, and' | candidate_core: 'boardofdirectorsmeetinginvitationandnotestoverifywhethertheboardofdirectorsmetonaquarterlybasistodiscusscompanyperformancestrategicobjectivesand'
[DEBUG] Topic: Control_Descriptions | i: 1220 | n: 3 | candidate: 'Board of Directors meeting invitation and notes to verify whether the Board of Directors met on a quarterly basis to discuss Company performance, strategic objectives, and' | candidate_core: 'boardofdirectorsmeetinginvitationandnotestoverifywhethertheboardofdirectorsmetonaquarterlybasistodiscusscompanyperformancestrategicobjectivesand' | heading_core: 'testingmatrices' | fuzzy_score: 17.610062893081757
[DEBUG-NORM] TOC: 'SECTION IV. TESTING MATRICES' | heading_core: 'testingmatrices' | candidate: 'whether the Board of Directors met on a quarterly basis to' | candidate_core: 'whethertheboardofdirectorsmetonaquarterlybasisto'
[DEBUG] Topic: Control_Descriptions | i: 1221 | n: 1 | candidate: 'whether the Board of Directors met on a quarterly basis to' | candidate_core: 'whethertheboardofdirectorsmetonaquarterlybasisto' | heading_core: 'testingmatrices' | fuzzy_score: 31.746031746031743
[DEBUG-NORM] TOC: 'SECTION IV. TESTING MATRICES' | heading_core: 'testingmatrices' | candidate: 'whether the Board of Directors met on a quarterly basis to discuss Company performance, strategic objectives, and' | candidate_core: 'whethertheboardofdirectorsmetonaquarterlybasistodiscusscompanyperformancestrategicobjectivesand'
[DEBUG] Topic: Control_Descriptions | i: 1221 | n: 2 | candidate: 'whether the Board of Directors met on a quarterly basis to discuss Company performance, strategic objectives, and' | candidate_core: 'whethertheboardofdirectorsmetonaquarterlybasistodiscusscompanyperformancestrategicobjectivesand' | heading_core: 'testingmatrices' | fuzzy_score: 25.454545454545453
[DEBUG-NORM] TOC: 'SECTION IV. TESTING MATRICES' | heading_core: 'testingmatrices' | candidate: 'whether the Board of Directors met on a quarterly basis to discuss Company performance, strategic objectives, and information security matters.' | candidate_core: 'whethertheboardofdirectorsmetonaquarterlybasistodiscusscompanyperformancestrategicobjectivesandinformationsecuritymatters'
[DEBUG] Topic: Control_Descriptions | i: 1221 | n: 3 | candidate: 'whether the Board of Directors met on a quarterly basis to discuss Company performance, strategic objectives, and information security matters.' | candidate_core: 'whethertheboardofdirectorsmetonaquarterlybasistodiscusscompanyperformancestrategicobjectivesandinformationsecuritymatters' | heading_core: 'testingmatrices' | fuzzy_score: 20.588235294117652
[DEBUG-NORM] TOC: 'SECTION IV. TESTING MATRICES' | heading_core: 'testingmatrices' | candidate: 'discuss Company performance, strategic objectives, and' | candidate_core: 'scusscompanyperformancestrategicobjectivesand'
[DEBUG] Topic: Control_Descriptions | i: 1222 | n: 1 | candidate: 'discuss Company performance, strategic objectives, and' | candidate_core: 'scusscompanyperformancestrategicobjectivesand' | heading_core: 'testingmatrices' | fuzzy_score: 33.333333333333336
[DEBUG-NORM] TOC: 'SECTION IV. TESTING MATRICES' | heading_core: 'testingmatrices' | candidate: 'discuss Company performance, strategic objectives, and information security matters.' | candidate_core: 'scusscompanyperformancestrategicobjectivesandinformationsecuritymatters'
[DEBUG] Topic: Control_Descriptions | i: 1222 | n: 2 | candidate: 'discuss Company performance, strategic objectives, and information security matters.' | candidate_core: 'scusscompanyperformancestrategicobjectivesandinformationsecuritymatters' | heading_core: 'testingmatrices' | fuzzy_score: 27.906976744186053
[DEBUG-NORM] TOC: 'SECTION IV. TESTING MATRICES' | heading_core: 'testingmatrices' | candidate: 'discuss Company performance, strategic objectives, and information security matters. No exceptions noted.' | candidate_core: 'scusscompanyperformancestrategicobjectivesandinformationsecuritymattersnoexceptionsnoted'
[DEBUG] Topic: Control_Descriptions | i: 1222 | n: 3 | candidate: 'discuss Company performance, strategic objectives, and information security matters. No exceptions noted.' | candidate_core: 'scusscompanyperformancestrategicobjectivesandinformationsecuritymattersnoexceptionsnoted' | heading_core: 'testingmatrices' | fuzzy_score: 25.24271844660194
[DEBUG-NORM] TOC: 'SECTION IV. TESTING MATRICES' | heading_core: 'testingmatrices' | candidate: 'information security matters.' | candidate_core: 'nformationsecuritymatters'
[DEBUG] Topic: Control_Descriptions | i: 1223 | n: 1 | candidate: 'information security matters.' | candidate_core: 'nformationsecuritymatters' | heading_core: 'testingmatrices' | fuzzy_score: 40.0
[DEBUG-NORM] TOC: 'SECTION IV. TESTING MATRICES' | heading_core: 'testingmatrices' | candidate: 'information security matters. No exceptions noted.' | candidate_core: 'nformationsecuritymattersnoexceptionsnoted'
[DEBUG] Topic: Control_Descriptions | i: 1223 | n: 2 | candidate: 'information security matters. No exceptions noted.' | candidate_core: 'nformationsecuritymattersnoexceptionsnoted' | heading_core: 'testingmatrices' | fuzzy_score: 35.08771929824561
[DEBUG-NORM] TOC: 'SECTION IV. TESTING MATRICES' | heading_core: 'testingmatrices' | candidate: 'information security matters. No exceptions noted. CC1.3 COSO Principle 3: Management establishes, with board oversight, structures, reporting lines, and appropriate authorities and responsibilities in the pursuit of' | candidate_core: 'nformationsecuritymattersnoexceptionsnotedcc13cosoprinciple3managementestablisheswithboardoversightstructuresreportinglinesandappropriateauthoritiesandresponsibilitiesinthepursuitof'
[DEBUG] Topic: Control_Descriptions | i: 1223 | n: 3 | candidate: 'information security matters. No exceptions noted. CC1.3 COSO Principle 3: Management establishes, with board oversight, structures, reporting lines, and appropriate authorities and responsibilities in the pursuit of' | candidate_core: 'nformationsecuritymattersnoexceptionsnotedcc13cosoprinciple3managementestablisheswithboardoversightstructuresreportinglinesandappropriateauthoritiesandresponsibilitiesinthepursuitof' | heading_core: 'testingmatrices' | fuzzy_score: 15.306122448979586
[DEBUG-NORM] TOC: 'SECTION IV. TESTING MATRICES' | heading_core: 'testingmatrices' | candidate: 'No exceptions noted.' | candidate_core: 'noexceptionsnoted'
[DEBUG] Topic: Control_Descriptions | i: 1224 | n: 1 | candidate: 'No exceptions noted.' | candidate_core: 'noexceptionsnoted' | heading_core: 'testingmatrices' | fuzzy_score: 37.5
[DEBUG-NORM] TOC: 'SECTION IV. TESTING MATRICES' | heading_core: 'testingmatrices' | candidate: 'No exceptions noted. CC1.3 COSO Principle 3: Management establishes, with board oversight, structures, reporting lines, and appropriate authorities and responsibilities in the pursuit of' | candidate_core: 'noexceptionsnotedcc13cosoprinciple3managementestablisheswithboardoversightstructuresreportinglinesandappropriateauthoritiesandresponsibilitiesinthepursuitof'
[DEBUG] Topic: Control_Descriptions | i: 1224 | n: 2 | candidate: 'No exceptions noted. CC1.3 COSO Principle 3: Management establishes, with board oversight, structures, reporting lines, and appropriate authorities and responsibilities in the pursuit of' | candidate_core: 'noexceptionsnotedcc13cosoprinciple3managementestablisheswithboardoversightstructuresreportinglinesandappropriateauthoritiesandresponsibilitiesinthepursuitof' | heading_core: 'testingmatrices' | fuzzy_score: 16.374269005847953
[DEBUG-NORM] TOC: 'SECTION IV. TESTING MATRICES' | heading_core: 'testingmatrices' | candidate: 'No exceptions noted. CC1.3 COSO Principle 3: Management establishes, with board oversight, structures, reporting lines, and appropriate authorities and responsibilities in the pursuit of objectives.' | candidate_core: 'noexceptionsnotedcc13cosoprinciple3managementestablisheswithboardoversightstructuresreportinglinesandappropriateauthoritiesandresponsibilitiesinthepursuitofobjectives'
[DEBUG] Topic: Control_Descriptions | i: 1224 | n: 3 | candidate: 'No exceptions noted. CC1.3 COSO Principle 3: Management establishes, with board oversight, structures, reporting lines, and appropriate authorities and responsibilities in the pursuit of objectives.' | candidate_core: 'noexceptionsnotedcc13cosoprinciple3managementestablisheswithboardoversightstructuresreportinglinesandappropriateauthoritiesandresponsibilitiesinthepursuitofobjectives' | heading_core: 'testingmatrices' | fuzzy_score: 15.469613259668513
[DEBUG-NORM] TOC: 'SECTION IV. TESTING MATRICES' | heading_core: 'testingmatrices' | candidate: 'CC1.3 COSO Principle 3: Management establishes, with board oversight, structures, reporting lines, and appropriate authorities and responsibilities in the pursuit of' | candidate_core: '3cosoprinciple3managementestablisheswithboardoversightstructuresreportinglinesandappropriateauthoritiesandresponsibilitiesinthepursuitof'
[DEBUG] Topic: Control_Descriptions | i: 1225 | n: 1 | candidate: 'CC1.3 COSO Principle 3: Management establishes, with board oversight, structures, reporting lines, and appropriate authorities and responsibilities in the pursuit of' | candidate_core: '3cosoprinciple3managementestablisheswithboardoversightstructuresreportinglinesandappropriateauthoritiesandresponsibilitiesinthepursuitof' | heading_core: 'testingmatrices' | fuzzy_score: 17.218543046357617
[DEBUG-NORM] TOC: 'SECTION IV. TESTING MATRICES' | heading_core: 'testingmatrices' | candidate: 'CC1.3 COSO Principle 3: Management establishes, with board oversight, structures, reporting lines, and appropriate authorities and responsibilities in the pursuit of objectives.' | candidate_core: '3cosoprinciple3managementestablisheswithboardoversightstructuresreportinglinesandappropriateauthoritiesandresponsibilitiesinthepursuitofobjectives'
[DEBUG] Topic: Control_Descriptions | i: 1225 | n: 2 | candidate: 'CC1.3 COSO Principle 3: Management establishes, with board oversight, structures, reporting lines, and appropriate authorities and responsibilities in the pursuit of objectives.' | candidate_core: '3cosoprinciple3managementestablisheswithboardoversightstructuresreportinglinesandappropriateauthoritiesandresponsibilitiesinthepursuitofobjectives' | heading_core: 'testingmatrices' | fuzzy_score: 17.391304347826086
[DEBUG-NORM] TOC: 'SECTION IV. TESTING MATRICES' | heading_core: 'testingmatrices' | candidate: 'CC1.3 COSO Principle 3: Management establishes, with board oversight, structures, reporting lines, and appropriate authorities and responsibilities in the pursuit of objectives. CC1.3.1' | candidate_core: '3cosoprinciple3managementestablisheswithboardoversightstructuresreportinglinesandappropriateauthoritiesandresponsibilitiesinthepursuitofobjectivescc131'
[DEBUG] Topic: Control_Descriptions | i: 1225 | n: 3 | candidate: 'CC1.3 COSO Principle 3: Management establishes, with board oversight, structures, reporting lines, and appropriate authorities and responsibilities in the pursuit of objectives. CC1.3.1' | candidate_core: '3cosoprinciple3managementestablisheswithboardoversightstructuresreportinglinesandappropriateauthoritiesandresponsibilitiesinthepursuitofobjectivescc131' | heading_core: 'testingmatrices' | fuzzy_score: 16.867469879518072
[DEBUG-NORM] TOC: 'SECTION IV. TESTING MATRICES' | heading_core: 'testingmatrices' | candidate: 'objectives.' | candidate_core: 'objectives'
[DEBUG] Topic: Control_Descriptions | i: 1226 | n: 1 | candidate: 'objectives.' | candidate_core: 'objectives' | heading_core: 'testingmatrices' | fuzzy_score: 40.0
[DEBUG-NORM] TOC: 'SECTION IV. TESTING MATRICES' | heading_core: 'testingmatrices' | candidate: 'objectives. CC1.3.1' | candidate_core: 'objectivescc131'
[DEBUG] Topic: Control_Descriptions | i: 1226 | n: 2 | candidate: 'objectives. CC1.3.1' | candidate_core: 'objectivescc131' | heading_core: 'testingmatrices' | fuzzy_score: 33.333333333333336
[DEBUG-NORM] TOC: 'SECTION IV. TESTING MATRICES' | heading_core: 'testingmatrices' | candidate: 'objectives. CC1.3.1 SimpleLegal maintains an updated organizational chart' | candidate_core: 'objectivescc131simplelegalmaintainsanupdatedorganizationalchart'
[DEBUG] Topic: Control_Descriptions | i: 1226 | n: 3 | candidate: 'objectives. CC1.3.1 SimpleLegal maintains an updated organizational chart' | candidate_core: 'objectivescc131simplelegalmaintainsanupdatedorganizationalchart' | heading_core: 'testingmatrices' | fuzzy_score: 28.205128205128204
[DEBUG-NORM] TOC: 'SECTION IV. TESTING MATRICES' | heading_core: 'testingmatrices' | candidate: 'CC1.3.1' | candidate_core: '31'
[DEBUG] Topic: Control_Descriptions | i: 1227 | n: 1 | candidate: 'CC1.3.1' | candidate_core: '31' | heading_core: 'testingmatrices' | fuzzy_score: 0.0
[DEBUG-NORM] TOC: 'SECTION IV. TESTING MATRICES' | heading_core: 'testingmatrices' | candidate: 'CC1.3.1 SimpleLegal maintains an updated organizational chart' | candidate_core: '31simplelegalmaintainsanupdatedorganizationalchart'
[DEBUG] Topic: Control_Descriptions | i: 1227 | n: 2 | candidate: 'CC1.3.1 SimpleLegal maintains an updated organizational chart' | candidate_core: '31simplelegalmaintainsanupdatedorganizationalchart' | heading_core: 'testingmatrices' | fuzzy_score: 27.692307692307693
[DEBUG-NORM] TOC: 'SECTION IV. TESTING MATRICES' | heading_core: 'testingmatrices' | candidate: 'CC1.3.1 SimpleLegal maintains an updated organizational chart that establishes structure, reporting lines, and delegation' | candidate_core: '31simplelegalmaintainsanupdatedorganizationalchartthatestablishesstructurereportinglinesanddelegation'
[DEBUG] Topic: Control_Descriptions | i: 1227 | n: 3 | candidate: 'CC1.3.1 SimpleLegal maintains an updated organizational chart that establishes structure, reporting lines, and delegation' | candidate_core: '31simplelegalmaintainsanupdatedorganizationalchartthatestablishesstructurereportinglinesanddelegation' | heading_core: 'testingmatrices' | fuzzy_score: 20.68965517241379
[DEBUG-NORM] TOC: 'SECTION IV. TESTING MATRICES' | heading_core: 'testingmatrices' | candidate: 'SimpleLegal maintains an updated organizational chart' | candidate_core: 'simplelegalmaintainsanupdatedorganizationalchart'
[DEBUG] Topic: Control_Descriptions | i: 1228 | n: 1 | candidate: 'SimpleLegal maintains an updated organizational chart' | candidate_core: 'simplelegalmaintainsanupdatedorganizationalchart' | heading_core: 'testingmatrices' | fuzzy_score: 28.57142857142857
[DEBUG-NORM] TOC: 'SECTION IV. TESTING MATRICES' | heading_core: 'testingmatrices' | candidate: 'SimpleLegal maintains an updated organizational chart that establishes structure, reporting lines, and delegation' | candidate_core: 'simplelegalmaintainsanupdatedorganizationalchartthatestablishesstructurereportinglinesanddelegation'
[DEBUG] Topic: Control_Descriptions | i: 1228 | n: 2 | candidate: 'SimpleLegal maintains an updated organizational chart that establishes structure, reporting lines, and delegation' | candidate_core: 'simplelegalmaintainsanupdatedorganizationalchartthatestablishesstructurereportinglinesanddelegation' | heading_core: 'testingmatrices' | fuzzy_score: 21.052631578947366
[DEBUG-NORM] TOC: 'SECTION IV. TESTING MATRICES' | heading_core: 'testingmatrices' | candidate: 'SimpleLegal maintains an updated organizational chart that establishes structure, reporting lines, and delegation of authority and responsibility across the Company.' | candidate_core: 'simplelegalmaintainsanupdatedorganizationalchartthatestablishesstructurereportinglinesanddelegationofauthorityandresponsibilityacrossthecompany'
[DEBUG] Topic: Control_Descriptions | i: 1228 | n: 3 | candidate: 'SimpleLegal maintains an updated organizational chart that establishes structure, reporting lines, and delegation of authority and responsibility across the Company.' | candidate_core: 'simplelegalmaintainsanupdatedorganizationalchartthatestablishesstructurereportinglinesanddelegationofauthorityandresponsibilityacrossthecompany' | heading_core: 'testingmatrices' | fuzzy_score: 16.455696202531644
[DEBUG-NORM] TOC: 'SECTION IV. TESTING MATRICES' | heading_core: 'testingmatrices' | candidate: 'that establishes structure, reporting lines, and delegation' | candidate_core: 'thatestablishesstructurereportinglinesanddelegation'
[DEBUG] Topic: Control_Descriptions | i: 1229 | n: 1 | candidate: 'that establishes structure, reporting lines, and delegation' | candidate_core: 'thatestablishesstructurereportinglinesanddelegation' | heading_core: 'testingmatrices' | fuzzy_score: 30.303030303030297
[DEBUG-NORM] TOC: 'SECTION IV. TESTING MATRICES' | heading_core: 'testingmatrices' | candidate: 'that establishes structure, reporting lines, and delegation of authority and responsibility across the Company.' | candidate_core: 'thatestablishesstructurereportinglinesanddelegationofauthorityandresponsibilityacrossthecompany'
[DEBUG] Topic: Control_Descriptions | i: 1229 | n: 2 | candidate: 'that establishes structure, reporting lines, and delegation of authority and responsibility across the Company.' | candidate_core: 'thatestablishesstructurereportinglinesanddelegationofauthorityandresponsibilityacrossthecompany' | heading_core: 'testingmatrices' | fuzzy_score: 23.636363636363633
[DEBUG-NORM] TOC: 'SECTION IV. TESTING MATRICES' | heading_core: 'testingmatrices' | candidate: 'that establishes structure, reporting lines, and delegation of authority and responsibility across the Company. Inspected the organizational chart to verify whether it' | candidate_core: 'thatestablishesstructurereportinglinesanddelegationofauthorityandresponsibilityacrossthecompanyinspectedtheorganizationalcharttoverifywhetherit'
[DEBUG] Topic: Control_Descriptions | i: 1229 | n: 3 | candidate: 'that establishes structure, reporting lines, and delegation of authority and responsibility across the Company. Inspected the organizational chart to verify whether it' | candidate_core: 'thatestablishesstructurereportinglinesanddelegationofauthorityandresponsibilityacrossthecompanyinspectedtheorganizationalcharttoverifywhetherit' | heading_core: 'testingmatrices' | fuzzy_score: 17.721518987341767
[DEBUG-NORM] TOC: 'SECTION IV. TESTING MATRICES' | heading_core: 'testingmatrices' | candidate: 'of authority and responsibility across the Company.' | candidate_core: 'ofauthorityandresponsibilityacrossthecompany'
[DEBUG] Topic: Control_Descriptions | i: 1230 | n: 1 | candidate: 'of authority and responsibility across the Company.' | candidate_core: 'ofauthorityandresponsibilityacrossthecompany' | heading_core: 'testingmatrices' | fuzzy_score: 23.728813559322038
[DEBUG-NORM] TOC: 'SECTION IV. TESTING MATRICES' | heading_core: 'testingmatrices' | candidate: 'of authority and responsibility across the Company. Inspected the organizational chart to verify whether it' | candidate_core: 'ofauthorityandresponsibilityacrossthecompanyinspectedtheorganizationalcharttoverifywhetherit'
[DEBUG] Topic: Control_Descriptions | i: 1230 | n: 2 | candidate: 'of authority and responsibility across the Company. Inspected the organizational chart to verify whether it' | candidate_core: 'ofauthorityandresponsibilityacrossthecompanyinspectedtheorganizationalcharttoverifywhetherit' | heading_core: 'testingmatrices' | fuzzy_score: 22.429906542056077
[DEBUG-NORM] TOC: 'SECTION IV. TESTING MATRICES' | heading_core: 'testingmatrices' | candidate: 'of authority and responsibility across the Company. Inspected the organizational chart to verify whether it established the structure, reporting lines, and delegation of' | candidate_core: 'ofauthorityandresponsibilityacrossthecompanyinspectedtheorganizationalcharttoverifywhetheritestablishedthestructurereportinglinesanddelegationof'
[DEBUG] Topic: Control_Descriptions | i: 1230 | n: 3 | candidate: 'of authority and responsibility across the Company. Inspected the organizational chart to verify whether it established the structure, reporting lines, and delegation of' | candidate_core: 'ofauthorityandresponsibilityacrossthecompanyinspectedtheorganizationalcharttoverifywhetheritestablishedthestructurereportinglinesanddelegationof' | heading_core: 'testingmatrices' | fuzzy_score: 17.610062893081757
[DEBUG-NORM] TOC: 'SECTION IV. TESTING MATRICES' | heading_core: 'testingmatrices' | candidate: 'Inspected the organizational chart to verify whether it' | candidate_core: 'nspectedtheorganizationalcharttoverifywhetherit'
[DEBUG] Topic: Control_Descriptions | i: 1231 | n: 1 | candidate: 'Inspected the organizational chart to verify whether it' | candidate_core: 'nspectedtheorganizationalcharttoverifywhetherit' | heading_core: 'testingmatrices' | fuzzy_score: 32.25806451612904
[DEBUG-NORM] TOC: 'SECTION IV. TESTING MATRICES' | heading_core: 'testingmatrices' | candidate: 'Inspected the organizational chart to verify whether it established the structure, reporting lines, and delegation of' | candidate_core: 'nspectedtheorganizationalcharttoverifywhetheritestablishedthestructurereportinglinesanddelegationof'
[DEBUG] Topic: Control_Descriptions | i: 1231 | n: 2 | candidate: 'Inspected the organizational chart to verify whether it established the structure, reporting lines, and delegation of' | candidate_core: 'nspectedtheorganizationalcharttoverifywhetheritestablishedthestructurereportinglinesanddelegationof' | heading_core: 'testingmatrices' | fuzzy_score: 21.052631578947366
[DEBUG-NORM] TOC: 'SECTION IV. TESTING MATRICES' | heading_core: 'testingmatrices' | candidate: 'Inspected the organizational chart to verify whether it established the structure, reporting lines, and delegation of authority and responsibility across the Company.' | candidate_core: 'nspectedtheorganizationalcharttoverifywhetheritestablishedthestructurereportinglinesanddelegationofauthorityandresponsibilityacrossthecompany'
[DEBUG] Topic: Control_Descriptions | i: 1231 | n: 3 | candidate: 'Inspected the organizational chart to verify whether it established the structure, reporting lines, and delegation of authority and responsibility across the Company.' | candidate_core: 'nspectedtheorganizationalcharttoverifywhetheritestablishedthestructurereportinglinesanddelegationofauthorityandresponsibilityacrossthecompany' | heading_core: 'testingmatrices' | fuzzy_score: 16.666666666666664
[DEBUG-NORM] TOC: 'SECTION IV. TESTING MATRICES' | heading_core: 'testingmatrices' | candidate: 'established the structure, reporting lines, and delegation of' | candidate_core: 'establishedthestructurereportinglinesanddelegationof'
[DEBUG] Topic: Control_Descriptions | i: 1232 | n: 1 | candidate: 'established the structure, reporting lines, and delegation of' | candidate_core: 'establishedthestructurereportinglinesanddelegationof' | heading_core: 'testingmatrices' | fuzzy_score: 29.850746268656714
[DEBUG-NORM] TOC: 'SECTION IV. TESTING MATRICES' | heading_core: 'testingmatrices' | candidate: 'established the structure, reporting lines, and delegation of authority and responsibility across the Company.' | candidate_core: 'establishedthestructurereportinglinesanddelegationofauthorityandresponsibilityacrossthecompany'
[DEBUG] Topic: Control_Descriptions | i: 1232 | n: 2 | candidate: 'established the structure, reporting lines, and delegation of authority and responsibility across the Company.' | candidate_core: 'establishedthestructurereportinglinesanddelegationofauthorityandresponsibilityacrossthecompany' | heading_core: 'testingmatrices' | fuzzy_score: 23.853211009174313
[DEBUG-NORM] TOC: 'SECTION IV. TESTING MATRICES' | heading_core: 'testingmatrices' | candidate: 'established the structure, reporting lines, and delegation of authority and responsibility across the Company. No exceptions noted.' | candidate_core: 'establishedthestructurereportinglinesanddelegationofauthorityandresponsibilityacrossthecompanynoexceptionsnoted'
[DEBUG] Topic: Control_Descriptions | i: 1232 | n: 3 | candidate: 'established the structure, reporting lines, and delegation of authority and responsibility across the Company. No exceptions noted.' | candidate_core: 'establishedthestructurereportinglinesanddelegationofauthorityandresponsibilityacrossthecompanynoexceptionsnoted' | heading_core: 'testingmatrices' | fuzzy_score: 22.22222222222222
[DEBUG-NORM] TOC: 'SECTION IV. TESTING MATRICES' | heading_core: 'testingmatrices' | candidate: 'authority and responsibility across the Company.' | candidate_core: 'authorityandresponsibilityacrossthecompany'
[DEBUG] Topic: Control_Descriptions | i: 1233 | n: 1 | candidate: 'authority and responsibility across the Company.' | candidate_core: 'authorityandresponsibilityacrossthecompany' | heading_core: 'testingmatrices' | fuzzy_score: 24.561403508771928
[DEBUG-NORM] TOC: 'SECTION IV. TESTING MATRICES' | heading_core: 'testingmatrices' | candidate: 'authority and responsibility across the Company. No exceptions noted.' | candidate_core: 'authorityandresponsibilityacrossthecompanynoexceptionsnoted'
[DEBUG] Topic: Control_Descriptions | i: 1233 | n: 2 | candidate: 'authority and responsibility across the Company. No exceptions noted.' | candidate_core: 'authorityandresponsibilityacrossthecompanynoexceptionsnoted' | heading_core: 'testingmatrices' | fuzzy_score: 24.32432432432432
[DEBUG-NORM] TOC: 'SECTION IV. TESTING MATRICES' | heading_core: 'testingmatrices' | candidate: 'authority and responsibility across the Company. No exceptions noted. CC1.3.2' | candidate_core: 'authorityandresponsibilityacrossthecompanynoexceptionsnotedcc132'
[DEBUG] Topic: Control_Descriptions | i: 1233 | n: 3 | candidate: 'authority and responsibility across the Company. No exceptions noted. CC1.3.2' | candidate_core: 'authorityandresponsibilityacrossthecompanynoexceptionsnotedcc132' | heading_core: 'testingmatrices' | fuzzy_score: 22.78481012658228
[DEBUG-NORM] TOC: 'SECTION IV. TESTING MATRICES' | heading_core: 'testingmatrices' | candidate: 'No exceptions noted.' | candidate_core: 'noexceptionsnoted'
[DEBUG] Topic: Control_Descriptions | i: 1234 | n: 1 | candidate: 'No exceptions noted.' | candidate_core: 'noexceptionsnoted' | heading_core: 'testingmatrices' | fuzzy_score: 37.5
[DEBUG-NORM] TOC: 'SECTION IV. TESTING MATRICES' | heading_core: 'testingmatrices' | candidate: 'No exceptions noted. CC1.3.2' | candidate_core: 'noexceptionsnotedcc132'
[DEBUG] Topic: Control_Descriptions | i: 1234 | n: 2 | candidate: 'No exceptions noted. CC1.3.2' | candidate_core: 'noexceptionsnotedcc132' | heading_core: 'testingmatrices' | fuzzy_score: 32.432432432432435
[DEBUG-NORM] TOC: 'SECTION IV. TESTING MATRICES' | heading_core: 'testingmatrices' | candidate: 'No exceptions noted. CC1.3.2 SimpleLegal’s executive leadership meets on a monthly' | candidate_core: 'noexceptionsnotedcc132simplelegalsexecutiveleadershipmeetsonamonthly'
[DEBUG] Topic: Control_Descriptions | i: 1234 | n: 3 | candidate: 'No exceptions noted. CC1.3.2 SimpleLegal’s executive leadership meets on a monthly' | candidate_core: 'noexceptionsnotedcc132simplelegalsexecutiveleadershipmeetsonamonthly' | heading_core: 'testingmatrices' | fuzzy_score: 26.506024096385538
[DEBUG-NORM] TOC: 'SECTION IV. TESTING MATRICES' | heading_core: 'testingmatrices' | candidate: 'CC1.3.2' | candidate_core: '32'
[DEBUG] Topic: Control_Descriptions | i: 1235 | n: 1 | candidate: 'CC1.3.2' | candidate_core: '32' | heading_core: 'testingmatrices' | fuzzy_score: 0.0
[DEBUG-NORM] TOC: 'SECTION IV. TESTING MATRICES' | heading_core: 'testingmatrices' | candidate: 'CC1.3.2 SimpleLegal’s executive leadership meets on a monthly' | candidate_core: '32simplelegalsexecutiveleadershipmeetsonamonthly'
[DEBUG] Topic: Control_Descriptions | i: 1235 | n: 2 | candidate: 'CC1.3.2 SimpleLegal’s executive leadership meets on a monthly' | candidate_core: '32simplelegalsexecutiveleadershipmeetsonamonthly' | heading_core: 'testingmatrices' | fuzzy_score: 28.57142857142857
[DEBUG-NORM] TOC: 'SECTION IV. TESTING MATRICES' | heading_core: 'testingmatrices' | candidate: 'CC1.3.2 SimpleLegal’s executive leadership meets on a monthly basis to discuss operations, issues relating to internal' | candidate_core: '32simplelegalsexecutiveleadershipmeetsonamonthlybasistodiscussoperationsissuesrelatingtointernal'
[DEBUG] Topic: Control_Descriptions | i: 1235 | n: 3 | candidate: 'CC1.3.2 SimpleLegal’s executive leadership meets on a monthly basis to discuss operations, issues relating to internal' | candidate_core: '32simplelegalsexecutiveleadershipmeetsonamonthlybasistodiscussoperationsissuesrelatingtointernal' | heading_core: 'testingmatrices' | fuzzy_score: 21.62162162162162
[DEBUG-NORM] TOC: 'SECTION IV. TESTING MATRICES' | heading_core: 'testingmatrices' | candidate: 'SimpleLegal’s executive leadership meets on a monthly' | candidate_core: 'simplelegalsexecutiveleadershipmeetsonamonthly'
[DEBUG] Topic: Control_Descriptions | i: 1236 | n: 1 | candidate: 'SimpleLegal’s executive leadership meets on a monthly' | candidate_core: 'simplelegalsexecutiveleadershipmeetsonamonthly' | heading_core: 'testingmatrices' | fuzzy_score: 29.508196721311474
[DEBUG-NORM] TOC: 'SECTION IV. TESTING MATRICES' | heading_core: 'testingmatrices' | candidate: 'SimpleLegal’s executive leadership meets on a monthly basis to discuss operations, issues relating to internal' | candidate_core: 'simplelegalsexecutiveleadershipmeetsonamonthlybasistodiscussoperationsissuesrelatingtointernal'
[DEBUG] Topic: Control_Descriptions | i: 1236 | n: 2 | candidate: 'SimpleLegal’s executive leadership meets on a monthly basis to discuss operations, issues relating to internal' | candidate_core: 'simplelegalsexecutiveleadershipmeetsonamonthlybasistodiscussoperationsissuesrelatingtointernal' | heading_core: 'testingmatrices' | fuzzy_score: 22.018348623853214
[DEBUG-NORM] TOC: 'SECTION IV. TESTING MATRICES' | heading_core: 'testingmatrices' | candidate: 'SimpleLegal’s executive leadership meets on a monthly basis to discuss operations, issues relating to internal controls, and delivery on key performance metrics.' | candidate_core: 'simplelegalsexecutiveleadershipmeetsonamonthlybasistodiscussoperationsissuesrelatingtointernalcontrolsanddeliveryonkeyperformancemetrics'
[DEBUG] Topic: Control_Descriptions | i: 1236 | n: 3 | candidate: 'SimpleLegal’s executive leadership meets on a monthly basis to discuss operations, issues relating to internal controls, and delivery on key performance metrics.' | candidate_core: 'simplelegalsexecutiveleadershipmeetsonamonthlybasistodiscussoperationsissuesrelatingtointernalcontrolsanddeliveryonkeyperformancemetrics' | heading_core: 'testingmatrices' | fuzzy_score: 18.54304635761589
[DEBUG-NORM] TOC: 'SECTION IV. TESTING MATRICES' | heading_core: 'testingmatrices' | candidate: 'basis to discuss operations, issues relating to internal' | candidate_core: 'basistodiscussoperationsissuesrelatingtointernal'
[DEBUG] Topic: Control_Descriptions | i: 1237 | n: 1 | candidate: 'basis to discuss operations, issues relating to internal' | candidate_core: 'basistodiscussoperationsissuesrelatingtointernal' | heading_core: 'testingmatrices' | fuzzy_score: 31.746031746031743
[DEBUG-NORM] TOC: 'SECTION IV. TESTING MATRICES' | heading_core: 'testingmatrices' | candidate: 'basis to discuss operations, issues relating to internal controls, and delivery on key performance metrics.' | candidate_core: 'basistodiscussoperationsissuesrelatingtointernalcontrolsanddeliveryonkeyperformancemetrics'
[DEBUG] Topic: Control_Descriptions | i: 1237 | n: 2 | candidate: 'basis to discuss operations, issues relating to internal controls, and delivery on key performance metrics.' | candidate_core: 'basistodiscussoperationsissuesrelatingtointernalcontrolsanddeliveryonkeyperformancemetrics' | heading_core: 'testingmatrices' | fuzzy_score: 26.66666666666667
[DEBUG-NORM] TOC: 'SECTION IV. TESTING MATRICES' | heading_core: 'testingmatrices' | candidate: 'basis to discuss operations, issues relating to internal controls, and delivery on key performance metrics. For a selection of months, inspected executive leadership' | candidate_core: 'basistodiscussoperationsissuesrelatingtointernalcontrolsanddeliveryonkeyperformancemetricsforaselectionofmonthsinspectedexecutiveleadership'
[DEBUG] Topic: Control_Descriptions | i: 1237 | n: 3 | candidate: 'basis to discuss operations, issues relating to internal controls, and delivery on key performance metrics. For a selection of months, inspected executive leadership' | candidate_core: 'basistodiscussoperationsissuesrelatingtointernalcontrolsanddeliveryonkeyperformancemetricsforaselectionofmonthsinspectedexecutiveleadership' | heading_core: 'testingmatrices' | fuzzy_score: 19.480519480519476
[DEBUG-NORM] TOC: 'SECTION IV. TESTING MATRICES' | heading_core: 'testingmatrices' | candidate: 'controls, and delivery on key performance metrics.' | candidate_core: 'ontrolsanddeliveryonkeyperformancemetrics'
[DEBUG] Topic: Control_Descriptions | i: 1238 | n: 1 | candidate: 'controls, and delivery on key performance metrics.' | candidate_core: 'ontrolsanddeliveryonkeyperformancemetrics' | heading_core: 'testingmatrices' | fuzzy_score: 39.28571428571429
[DEBUG-NORM] TOC: 'SECTION IV. TESTING MATRICES' | heading_core: 'testingmatrices' | candidate: 'controls, and delivery on key performance metrics. For a selection of months, inspected executive leadership' | candidate_core: 'ontrolsanddeliveryonkeyperformancemetricsforaselectionofmonthsinspectedexecutiveleadership'
[DEBUG] Topic: Control_Descriptions | i: 1238 | n: 2 | candidate: 'controls, and delivery on key performance metrics. For a selection of months, inspected executive leadership' | candidate_core: 'ontrolsanddeliveryonkeyperformancemetricsforaselectionofmonthsinspectedexecutiveleadership' | heading_core: 'testingmatrices' | fuzzy_score: 22.857142857142854
[DEBUG-NORM] TOC: 'SECTION IV. TESTING MATRICES' | heading_core: 'testingmatrices' | candidate: 'controls, and delivery on key performance metrics. For a selection of months, inspected executive leadership meeting invitations and agendas to verify whether they' | candidate_core: 'ontrolsanddeliveryonkeyperformancemetricsforaselectionofmonthsinspectedexecutiveleadershipmeetinginvitationsandagendastoverifywhetherthey'
[DEBUG] Topic: Control_Descriptions | i: 1238 | n: 3 | candidate: 'controls, and delivery on key performance metrics. For a selection of months, inspected executive leadership meeting invitations and agendas to verify whether they' | candidate_core: 'ontrolsanddeliveryonkeyperformancemetricsforaselectionofmonthsinspectedexecutiveleadershipmeetinginvitationsandagendastoverifywhetherthey' | heading_core: 'testingmatrices' | fuzzy_score: 15.789473684210531
[DEBUG-NORM] TOC: 'SECTION IV. TESTING MATRICES' | heading_core: 'testingmatrices' | candidate: 'For a selection of months, inspected executive leadership' | candidate_core: 'foraselectionofmonthsinspectedexecutiveleadership'
[DEBUG] Topic: Control_Descriptions | i: 1239 | n: 1 | candidate: 'For a selection of months, inspected executive leadership' | candidate_core: 'foraselectionofmonthsinspectedexecutiveleadership' | heading_core: 'testingmatrices' | fuzzy_score: 31.25
[DEBUG-NORM] TOC: 'SECTION IV. TESTING MATRICES' | heading_core: 'testingmatrices' | candidate: 'For a selection of months, inspected executive leadership meeting invitations and agendas to verify whether they' | candidate_core: 'foraselectionofmonthsinspectedexecutiveleadershipmeetinginvitationsandagendastoverifywhetherthey'
[DEBUG] Topic: Control_Descriptions | i: 1239 | n: 2 | candidate: 'For a selection of months, inspected executive leadership meeting invitations and agendas to verify whether they' | candidate_core: 'foraselectionofmonthsinspectedexecutiveleadershipmeetinginvitationsandagendastoverifywhetherthey' | heading_core: 'testingmatrices' | fuzzy_score: 21.62162162162162
[DEBUG-NORM] TOC: 'SECTION IV. TESTING MATRICES' | heading_core: 'testingmatrices' | candidate: 'For a selection of months, inspected executive leadership meeting invitations and agendas to verify whether they included discussions regarding operations, issues relating to' | candidate_core: 'foraselectionofmonthsinspectedexecutiveleadershipmeetinginvitationsandagendastoverifywhethertheyincludeddiscussionsregardingoperationsissuesrelatingto'
[DEBUG] Topic: Control_Descriptions | i: 1239 | n: 3 | candidate: 'For a selection of months, inspected executive leadership meeting invitations and agendas to verify whether they included discussions regarding operations, issues relating to' | candidate_core: 'foraselectionofmonthsinspectedexecutiveleadershipmeetinginvitationsandagendastoverifywhethertheyincludeddiscussionsregardingoperationsissuesrelatingto' | heading_core: 'testingmatrices' | fuzzy_score: 16.96969696969697
[DEBUG-NORM] TOC: 'SECTION IV. TESTING MATRICES' | heading_core: 'testingmatrices' | candidate: 'meeting invitations and agendas to verify whether they' | candidate_core: 'eetinginvitationsandagendastoverifywhetherthey'
[DEBUG] Topic: Control_Descriptions | i: 1240 | n: 1 | candidate: 'meeting invitations and agendas to verify whether they' | candidate_core: 'eetinginvitationsandagendastoverifywhetherthey' | heading_core: 'testingmatrices' | fuzzy_score: 32.786885245901644
[DEBUG-NORM] TOC: 'SECTION IV. TESTING MATRICES' | heading_core: 'testingmatrices' | candidate: 'meeting invitations and agendas to verify whether they included discussions regarding operations, issues relating to' | candidate_core: 'eetinginvitationsandagendastoverifywhethertheyincludeddiscussionsregardingoperationsissuesrelatingto'
[DEBUG] Topic: Control_Descriptions | i: 1240 | n: 2 | candidate: 'meeting invitations and agendas to verify whether they included discussions regarding operations, issues relating to' | candidate_core: 'eetinginvitationsandagendastoverifywhethertheyincludeddiscussionsregardingoperationsissuesrelatingto' | heading_core: 'testingmatrices' | fuzzy_score: 20.869565217391305
[DEBUG-NORM] TOC: 'SECTION IV. TESTING MATRICES' | heading_core: 'testingmatrices' | candidate: 'meeting invitations and agendas to verify whether they included discussions regarding operations, issues relating to internal controls, and delivery on key performance metrics.' | candidate_core: 'eetinginvitationsandagendastoverifywhethertheyincludeddiscussionsregardingoperationsissuesrelatingtointernalcontrolsanddeliveryonkeyperformancemetrics'
[DEBUG] Topic: Control_Descriptions | i: 1240 | n: 3 | candidate: 'meeting invitations and agendas to verify whether they included discussions regarding operations, issues relating to internal controls, and delivery on key performance metrics.' | candidate_core: 'eetinginvitationsandagendastoverifywhethertheyincludeddiscussionsregardingoperationsissuesrelatingtointernalcontrolsanddeliveryonkeyperformancemetrics' | heading_core: 'testingmatrices' | fuzzy_score: 16.96969696969697
[DEBUG-NORM] TOC: 'SECTION IV. TESTING MATRICES' | heading_core: 'testingmatrices' | candidate: 'included discussions regarding operations, issues relating to' | candidate_core: 'ncludeddiscussionsregardingoperationsissuesrelatingto'
[DEBUG] Topic: Control_Descriptions | i: 1241 | n: 1 | candidate: 'included discussions regarding operations, issues relating to' | candidate_core: 'ncludeddiscussionsregardingoperationsissuesrelatingto' | heading_core: 'testingmatrices' | fuzzy_score: 29.411764705882348
[DEBUG-NORM] TOC: 'SECTION IV. TESTING MATRICES' | heading_core: 'testingmatrices' | candidate: 'included discussions regarding operations, issues relating to internal controls, and delivery on key performance metrics.' | candidate_core: 'ncludeddiscussionsregardingoperationsissuesrelatingtointernalcontrolsanddeliveryonkeyperformancemetrics'
[DEBUG] Topic: Control_Descriptions | i: 1241 | n: 2 | candidate: 'included discussions regarding operations, issues relating to internal controls, and delivery on key performance metrics.' | candidate_core: 'ncludeddiscussionsregardingoperationsissuesrelatingtointernalcontrolsanddeliveryonkeyperformancemetrics' | heading_core: 'testingmatrices' | fuzzy_score: 23.728813559322038
[DEBUG-NORM] TOC: 'SECTION IV. TESTING MATRICES' | heading_core: 'testingmatrices' | candidate: 'included discussions regarding operations, issues relating to internal controls, and delivery on key performance metrics. No exceptions noted.' | candidate_core: 'ncludeddiscussionsregardingoperationsissuesrelatingtointernalcontrolsanddeliveryonkeyperformancemetricsnoexceptionsnoted'
[DEBUG] Topic: Control_Descriptions | i: 1241 | n: 3 | candidate: 'included discussions regarding operations, issues relating to internal controls, and delivery on key performance metrics. No exceptions noted.' | candidate_core: 'ncludeddiscussionsregardingoperationsissuesrelatingtointernalcontrolsanddeliveryonkeyperformancemetricsnoexceptionsnoted' | heading_core: 'testingmatrices' | fuzzy_score: 22.22222222222222
[DEBUG-NORM] TOC: 'SECTION IV. TESTING MATRICES' | heading_core: 'testingmatrices' | candidate: 'internal controls, and delivery on key performance metrics.' | candidate_core: 'nternalcontrolsanddeliveryonkeyperformancemetrics'
[DEBUG] Topic: Control_Descriptions | i: 1242 | n: 1 | candidate: 'internal controls, and delivery on key performance metrics.' | candidate_core: 'nternalcontrolsanddeliveryonkeyperformancemetrics' | heading_core: 'testingmatrices' | fuzzy_score: 37.5
[DEBUG-NORM] TOC: 'SECTION IV. TESTING MATRICES' | heading_core: 'testingmatrices' | candidate: 'internal controls, and delivery on key performance metrics. No exceptions noted.' | candidate_core: 'nternalcontrolsanddeliveryonkeyperformancemetricsnoexceptionsnoted'
[DEBUG] Topic: Control_Descriptions | i: 1242 | n: 2 | candidate: 'internal controls, and delivery on key performance metrics. No exceptions noted.' | candidate_core: 'nternalcontrolsanddeliveryonkeyperformancemetricsnoexceptionsnoted' | heading_core: 'testingmatrices' | fuzzy_score: 32.098765432098766
[DEBUG-NORM] TOC: 'SECTION IV. TESTING MATRICES' | heading_core: 'testingmatrices' | candidate: 'internal controls, and delivery on key performance metrics. No exceptions noted. SECURITY' | candidate_core: 'nternalcontrolsanddeliveryonkeyperformancemetricsnoexceptionsnotedsecurity'
[DEBUG] Topic: Control_Descriptions | i: 1242 | n: 3 | candidate: 'internal controls, and delivery on key performance metrics. No exceptions noted. SECURITY' | candidate_core: 'nternalcontrolsanddeliveryonkeyperformancemetricsnoexceptionsnotedsecurity' | heading_core: 'testingmatrices' | fuzzy_score: 29.21348314606742
[DEBUG-NORM] TOC: 'SECTION IV. TESTING MATRICES' | heading_core: 'testingmatrices' | candidate: 'No exceptions noted.' | candidate_core: 'noexceptionsnoted'
[DEBUG] Topic: Control_Descriptions | i: 1243 | n: 1 | candidate: 'No exceptions noted.' | candidate_core: 'noexceptionsnoted' | heading_core: 'testingmatrices' | fuzzy_score: 37.5
[DEBUG-NORM] TOC: 'SECTION IV. TESTING MATRICES' | heading_core: 'testingmatrices' | candidate: 'No exceptions noted. SECURITY' | candidate_core: 'noexceptionsnotedsecurity'
[DEBUG] Topic: Control_Descriptions | i: 1243 | n: 2 | candidate: 'No exceptions noted. SECURITY' | candidate_core: 'noexceptionsnotedsecurity' | heading_core: 'testingmatrices' | fuzzy_score: 35.0
[DEBUG-NORM] TOC: 'SECTION IV. TESTING MATRICES' | heading_core: 'testingmatrices' | candidate: 'No exceptions noted. SECURITY === PAGE 27 ===' | candidate_core: 'noexceptionsnotedsecuritypage27'
[DEBUG] Topic: Control_Descriptions | i: 1243 | n: 3 | candidate: 'No exceptions noted. SECURITY === PAGE 27 ===' | candidate_core: 'noexceptionsnotedsecuritypage27' | heading_core: 'testingmatrices' | fuzzy_score: 34.78260869565217
[DEBUG-NORM] TOC: 'SECTION IV. TESTING MATRICES' | heading_core: 'testingmatrices' | candidate: 'SECURITY' | candidate_core: 'security'
[DEBUG] Topic: Control_Descriptions | i: 1244 | n: 1 | candidate: 'SECURITY' | candidate_core: 'security' | heading_core: 'testingmatrices' | fuzzy_score: 26.086956521739136
[DEBUG-NORM] TOC: 'SECTION IV. TESTING MATRICES' | heading_core: 'testingmatrices' | candidate: 'SECURITY === PAGE 27 ===' | candidate_core: 'securitypage27'
[DEBUG] Topic: Control_Descriptions | i: 1244 | n: 2 | candidate: 'SECURITY === PAGE 27 ===' | candidate_core: 'securitypage27' | heading_core: 'testingmatrices' | fuzzy_score: 27.586206896551722
[DEBUG-NORM] TOC: 'SECTION IV. TESTING MATRICES' | heading_core: 'testingmatrices' | candidate: 'SECURITY === PAGE 27 === ' | candidate_core: 'securitypage27'
[DEBUG] Topic: Control_Descriptions | i: 1244 | n: 3 | candidate: 'SECURITY === PAGE 27 === ' | candidate_core: 'securitypage27' | heading_core: 'testingmatrices' | fuzzy_score: 27.586206896551722
[DEBUG-NORM] TOC: 'SECTION IV. TESTING MATRICES' | heading_core: 'testingmatrices' | candidate: '=== PAGE 27 ===' | candidate_core: 'page27'
[DEBUG] Topic: Control_Descriptions | i: 1245 | n: 1 | candidate: '=== PAGE 27 ===' | candidate_core: 'page27' | heading_core: 'testingmatrices' | fuzzy_score: 19.047619047619047
[DEBUG-NORM] TOC: 'SECTION IV. TESTING MATRICES' | heading_core: 'testingmatrices' | candidate: '=== PAGE 27 === ' | candidate_core: 'page27'
[DEBUG] Topic: Control_Descriptions | i: 1245 | n: 2 | candidate: '=== PAGE 27 === ' | candidate_core: 'page27' | heading_core: 'testingmatrices' | fuzzy_score: 19.047619047619047
[DEBUG-NORM] TOC: 'SECTION IV. TESTING MATRICES' | heading_core: 'testingmatrices' | candidate: '=== PAGE 27 ===  Control #' | candidate_core: 'page27control'
[DEBUG] Topic: Control_Descriptions | i: 1245 | n: 3 | candidate: '=== PAGE 27 ===  Control #' | candidate_core: 'page27control' | heading_core: 'testingmatrices' | fuzzy_score: 28.57142857142857
[DEBUG-NORM] TOC: 'SECTION IV. TESTING MATRICES' | heading_core: 'testingmatrices' | candidate: '' | candidate_core: ''
[DEBUG] Topic: Control_Descriptions | i: 1246 | n: 1 | candidate: '' | candidate_core: '' | heading_core: 'testingmatrices' | fuzzy_score: 0.0
[DEBUG-NORM] TOC: 'SECTION IV. TESTING MATRICES' | heading_core: 'testingmatrices' | candidate: ' Control #' | candidate_core: 'control'
[DEBUG] Topic: Control_Descriptions | i: 1246 | n: 2 | candidate: ' Control #' | candidate_core: 'control' | heading_core: 'testingmatrices' | fuzzy_score: 27.27272727272727
[DEBUG-NORM] TOC: 'SECTION IV. TESTING MATRICES' | heading_core: 'testingmatrices' | candidate: ' Control # Control Activity Specified by SimpleLegal' | candidate_core: 'controlcontrolactivityspecifiedbysimplelegal'
[DEBUG] Topic: Control_Descriptions | i: 1246 | n: 3 | candidate: ' Control # Control Activity Specified by SimpleLegal' | candidate_core: 'controlcontrolactivityspecifiedbysimplelegal' | heading_core: 'testingmatrices' | fuzzy_score: 27.118644067796616
[DEBUG-NORM] TOC: 'SECTION IV. TESTING MATRICES' | heading_core: 'testingmatrices' | candidate: 'Control #' | candidate_core: 'ontrol'
[DEBUG] Topic: Control_Descriptions | i: 1247 | n: 1 | candidate: 'Control #' | candidate_core: 'ontrol' | heading_core: 'testingmatrices' | fuzzy_score: 28.57142857142857
[DEBUG-NORM] TOC: 'SECTION IV. TESTING MATRICES' | heading_core: 'testingmatrices' | candidate: 'Control # Control Activity Specified by SimpleLegal' | candidate_core: 'ontrolcontrolactivityspecifiedbysimplelegal'
[DEBUG] Topic: Control_Descriptions | i: 1247 | n: 2 | candidate: 'Control # Control Activity Specified by SimpleLegal' | candidate_core: 'ontrolcontrolactivityspecifiedbysimplelegal' | heading_core: 'testingmatrices' | fuzzy_score: 27.586206896551722
[DEBUG-NORM] TOC: 'SECTION IV. TESTING MATRICES' | heading_core: 'testingmatrices' | candidate: 'Control # Control Activity Specified by SimpleLegal Boulay’s Test of Controls' | candidate_core: 'ontrolcontrolactivityspecifiedbysimplelegalboulaystestofcontrols'
[DEBUG] Topic: Control_Descriptions | i: 1247 | n: 3 | candidate: 'Control # Control Activity Specified by SimpleLegal Boulay’s Test of Controls' | candidate_core: 'ontrolcontrolactivityspecifiedbysimplelegalboulaystestofcontrols' | heading_core: 'testingmatrices' | fuzzy_score: 22.78481012658228
[DEBUG-NORM] TOC: 'SECTION IV. TESTING MATRICES' | heading_core: 'testingmatrices' | candidate: 'Control #' | candidate_core: 'ontrol'
[DEBUG] Topic: Control_Descriptions | i: 1248 | n: 1 | candidate: 'Control #' | candidate_core: 'ontrol' | heading_core: 'testingmatrices' | fuzzy_score: 28.57142857142857
[DEBUG-NORM] TOC: 'SECTION IV. TESTING MATRICES' | heading_core: 'testingmatrices' | candidate: 'Control # Control Activity Specified by SimpleLegal' | candidate_core: 'ontrolcontrolactivityspecifiedbysimplelegal'
[DEBUG] Topic: Control_Descriptions | i: 1248 | n: 2 | candidate: 'Control # Control Activity Specified by SimpleLegal' | candidate_core: 'ontrolcontrolactivityspecifiedbysimplelegal' | heading_core: 'testingmatrices' | fuzzy_score: 27.586206896551722
[DEBUG-NORM] TOC: 'SECTION IV. TESTING MATRICES' | heading_core: 'testingmatrices' | candidate: 'Control # Control Activity Specified by SimpleLegal Boulay’s Test of Controls' | candidate_core: 'ontrolcontrolactivityspecifiedbysimplelegalboulaystestofcontrols'
[DEBUG] Topic: Control_Descriptions | i: 1248 | n: 3 | candidate: 'Control # Control Activity Specified by SimpleLegal Boulay’s Test of Controls' | candidate_core: 'ontrolcontrolactivityspecifiedbysimplelegalboulaystestofcontrols' | heading_core: 'testingmatrices' | fuzzy_score: 22.78481012658228
[DEBUG-NORM] TOC: 'SECTION IV. TESTING MATRICES' | heading_core: 'testingmatrices' | candidate: 'Control Activity Specified by SimpleLegal' | candidate_core: 'ontrolactivityspecifiedbysimplelegal'
[DEBUG] Topic: Control_Descriptions | i: 1249 | n: 1 | candidate: 'Control Activity Specified by SimpleLegal' | candidate_core: 'ontrolactivityspecifiedbysimplelegal' | heading_core: 'testingmatrices' | fuzzy_score: 27.450980392156865
[DEBUG-NORM] TOC: 'SECTION IV. TESTING MATRICES' | heading_core: 'testingmatrices' | candidate: 'Control Activity Specified by SimpleLegal Boulay’s Test of Controls' | candidate_core: 'ontrolactivityspecifiedbysimplelegalboulaystestofcontrols'
[DEBUG] Topic: Control_Descriptions | i: 1249 | n: 2 | candidate: 'Control Activity Specified by SimpleLegal Boulay’s Test of Controls' | candidate_core: 'ontrolactivityspecifiedbysimplelegalboulaystestofcontrols' | heading_core: 'testingmatrices' | fuzzy_score: 25.0
[DEBUG-NORM] TOC: 'SECTION IV. TESTING MATRICES' | heading_core: 'testingmatrices' | candidate: 'Control Activity Specified by SimpleLegal Boulay’s Test of Controls Test Results' | candidate_core: 'ontrolactivityspecifiedbysimplelegalboulaystestofcontrolstestresults'
[DEBUG] Topic: Control_Descriptions | i: 1249 | n: 3 | candidate: 'Control Activity Specified by SimpleLegal Boulay’s Test of Controls Test Results' | candidate_core: 'ontrolactivityspecifiedbysimplelegalboulaystestofcontrolstestresults' | heading_core: 'testingmatrices' | fuzzy_score: 24.096385542168676
[DEBUG-NORM] TOC: 'SECTION IV. TESTING MATRICES' | heading_core: 'testingmatrices' | candidate: 'Boulay’s Test of Controls' | candidate_core: 'boulaystestofcontrols'
[DEBUG] Topic: Control_Descriptions | i: 1250 | n: 1 | candidate: 'Boulay’s Test of Controls' | candidate_core: 'boulaystestofcontrols' | heading_core: 'testingmatrices' | fuzzy_score: 44.44444444444444
[DEBUG-NORM] TOC: 'SECTION IV. TESTING MATRICES' | heading_core: 'testingmatrices' | candidate: 'Boulay’s Test of Controls Test Results' | candidate_core: 'boulaystestofcontrolstestresults'
[DEBUG] Topic: Control_Descriptions | i: 1250 | n: 2 | candidate: 'Boulay’s Test of Controls Test Results' | candidate_core: 'boulaystestofcontrolstestresults' | heading_core: 'testingmatrices' | fuzzy_score: 38.297872340425535
[DEBUG-NORM] TOC: 'SECTION IV. TESTING MATRICES' | heading_core: 'testingmatrices' | candidate: 'Boulay’s Test of Controls Test Results CC1.3.3' | candidate_core: 'boulaystestofcontrolstestresultscc133'
[DEBUG] Topic: Control_Descriptions | i: 1250 | n: 3 | candidate: 'Boulay’s Test of Controls Test Results CC1.3.3' | candidate_core: 'boulaystestofcontrolstestresultscc133' | heading_core: 'testingmatrices' | fuzzy_score: 34.61538461538461
[DEBUG-NORM] TOC: 'SECTION IV. TESTING MATRICES' | heading_core: 'testingmatrices' | candidate: 'Test Results' | candidate_core: 'testresults'
[DEBUG] Topic: Control_Descriptions | i: 1251 | n: 1 | candidate: 'Test Results' | candidate_core: 'testresults' | heading_core: 'testingmatrices' | fuzzy_score: 53.84615384615385
[DEBUG-NORM] TOC: 'SECTION IV. TESTING MATRICES' | heading_core: 'testingmatrices' | candidate: 'Test Results CC1.3.3' | candidate_core: 'testresultscc133'
[DEBUG] Topic: Control_Descriptions | i: 1251 | n: 2 | candidate: 'Test Results CC1.3.3' | candidate_core: 'testresultscc133' | heading_core: 'testingmatrices' | fuzzy_score: 45.16129032258065
[DEBUG-NORM] TOC: 'SECTION IV. TESTING MATRICES' | heading_core: 'testingmatrices' | candidate: 'Test Results CC1.3.3 SimpleLegal has an assigned security team that is' | candidate_core: 'testresultscc133simplelegalhasanassignedsecurityteamthatis'
[DEBUG] Topic: Control_Descriptions | i: 1251 | n: 3 | candidate: 'Test Results CC1.3.3 SimpleLegal has an assigned security team that is' | candidate_core: 'testresultscc133simplelegalhasanassignedsecurityteamthatis' | heading_core: 'testingmatrices' | fuzzy_score: 32.87671232876712
[DEBUG-NORM] TOC: 'SECTION IV. TESTING MATRICES' | heading_core: 'testingmatrices' | candidate: 'CC1.3.3' | candidate_core: '33'
[DEBUG] Topic: Control_Descriptions | i: 1252 | n: 1 | candidate: 'CC1.3.3' | candidate_core: '33' | heading_core: 'testingmatrices' | fuzzy_score: 0.0
[DEBUG-NORM] TOC: 'SECTION IV. TESTING MATRICES' | heading_core: 'testingmatrices' | candidate: 'CC1.3.3 SimpleLegal has an assigned security team that is' | candidate_core: '33simplelegalhasanassignedsecurityteamthatis'
[DEBUG] Topic: Control_Descriptions | i: 1252 | n: 2 | candidate: 'CC1.3.3 SimpleLegal has an assigned security team that is' | candidate_core: '33simplelegalhasanassignedsecurityteamthatis' | heading_core: 'testingmatrices' | fuzzy_score: 30.508474576271183
[DEBUG-NORM] TOC: 'SECTION IV. TESTING MATRICES' | heading_core: 'testingmatrices' | candidate: 'CC1.3.3 SimpleLegal has an assigned security team that is responsible for the design, implementation, and' | candidate_core: '33simplelegalhasanassignedsecurityteamthatisresponsibleforthedesignimplementationand'
[DEBUG] Topic: Control_Descriptions | i: 1252 | n: 3 | candidate: 'CC1.3.3 SimpleLegal has an assigned security team that is responsible for the design, implementation, and' | candidate_core: '33simplelegalhasanassignedsecurityteamthatisresponsibleforthedesignimplementationand' | heading_core: 'testingmatrices' | fuzzy_score: 22.22222222222222
[DEBUG-NORM] TOC: 'SECTION IV. TESTING MATRICES' | heading_core: 'testingmatrices' | candidate: 'SimpleLegal has an assigned security team that is' | candidate_core: 'simplelegalhasanassignedsecurityteamthatis'
[DEBUG] Topic: Control_Descriptions | i: 1253 | n: 1 | candidate: 'SimpleLegal has an assigned security team that is' | candidate_core: 'simplelegalhasanassignedsecurityteamthatis' | heading_core: 'testingmatrices' | fuzzy_score: 31.57894736842105
[DEBUG-NORM] TOC: 'SECTION IV. TESTING MATRICES' | heading_core: 'testingmatrices' | candidate: 'SimpleLegal has an assigned security team that is responsible for the design, implementation, and' | candidate_core: 'simplelegalhasanassignedsecurityteamthatisresponsibleforthedesignimplementationand'
[DEBUG] Topic: Control_Descriptions | i: 1253 | n: 2 | candidate: 'SimpleLegal has an assigned security team that is responsible for the design, implementation, and' | candidate_core: 'simplelegalhasanassignedsecurityteamthatisresponsibleforthedesignimplementationand' | heading_core: 'testingmatrices' | fuzzy_score: 22.680412371134018
[DEBUG-NORM] TOC: 'SECTION IV. TESTING MATRICES' | heading_core: 'testingmatrices' | candidate: 'SimpleLegal has an assigned security team that is responsible for the design, implementation, and oversight of the Company’s security policies and' | candidate_core: 'simplelegalhasanassignedsecurityteamthatisresponsibleforthedesignimplementationandoversightofthecompanyssecuritypoliciesand'
[DEBUG] Topic: Control_Descriptions | i: 1253 | n: 3 | candidate: 'SimpleLegal has an assigned security team that is responsible for the design, implementation, and oversight of the Company’s security policies and' | candidate_core: 'simplelegalhasanassignedsecurityteamthatisresponsibleforthedesignimplementationandoversightofthecompanyssecuritypoliciesand' | heading_core: 'testingmatrices' | fuzzy_score: 20.28985507246377
[DEBUG-NORM] TOC: 'SECTION IV. TESTING MATRICES' | heading_core: 'testingmatrices' | candidate: 'responsible for the design, implementation, and' | candidate_core: 'responsibleforthedesignimplementationand'
[DEBUG] Topic: Control_Descriptions | i: 1254 | n: 1 | candidate: 'responsible for the design, implementation, and' | candidate_core: 'responsibleforthedesignimplementationand' | heading_core: 'testingmatrices' | fuzzy_score: 32.72727272727273
[DEBUG-NORM] TOC: 'SECTION IV. TESTING MATRICES' | heading_core: 'testingmatrices' | candidate: 'responsible for the design, implementation, and oversight of the Company’s security policies and' | candidate_core: 'responsibleforthedesignimplementationandoversightofthecompanyssecuritypoliciesand'
[DEBUG] Topic: Control_Descriptions | i: 1254 | n: 2 | candidate: 'responsible for the design, implementation, and oversight of the Company’s security policies and' | candidate_core: 'responsibleforthedesignimplementationandoversightofthecompanyssecuritypoliciesand' | heading_core: 'testingmatrices' | fuzzy_score: 29.166666666666664
[DEBUG-NORM] TOC: 'SECTION IV. TESTING MATRICES' | heading_core: 'testingmatrices' | candidate: 'responsible for the design, implementation, and oversight of the Company’s security policies and procedures. The security team communicates important' | candidate_core: 'responsibleforthedesignimplementationandoversightofthecompanyssecuritypoliciesandproceduresthesecurityteamcommunicatesimportant'
[DEBUG] Topic: Control_Descriptions | i: 1254 | n: 3 | candidate: 'responsible for the design, implementation, and oversight of the Company’s security policies and procedures. The security team communicates important' | candidate_core: 'responsibleforthedesignimplementationandoversightofthecompanyssecuritypoliciesandproceduresthesecurityteamcommunicatesimportant' | heading_core: 'testingmatrices' | fuzzy_score: 21.126760563380287
[DEBUG-NORM] TOC: 'SECTION IV. TESTING MATRICES' | heading_core: 'testingmatrices' | candidate: 'oversight of the Company’s security policies and' | candidate_core: 'oversightofthecompanyssecuritypoliciesand'
[DEBUG] Topic: Control_Descriptions | i: 1255 | n: 1 | candidate: 'oversight of the Company’s security policies and' | candidate_core: 'oversightofthecompanyssecuritypoliciesand' | heading_core: 'testingmatrices' | fuzzy_score: 39.28571428571429
[DEBUG-NORM] TOC: 'SECTION IV. TESTING MATRICES' | heading_core: 'testingmatrices' | candidate: 'oversight of the Company’s security policies and procedures. The security team communicates important' | candidate_core: 'oversightofthecompanyssecuritypoliciesandproceduresthesecurityteamcommunicatesimportant'
[DEBUG] Topic: Control_Descriptions | i: 1255 | n: 2 | candidate: 'oversight of the Company’s security policies and procedures. The security team communicates important' | candidate_core: 'oversightofthecompanyssecuritypoliciesandproceduresthesecurityteamcommunicatesimportant' | heading_core: 'testingmatrices' | fuzzy_score: 23.529411764705888
[DEBUG-NORM] TOC: 'SECTION IV. TESTING MATRICES' | heading_core: 'testingmatrices' | candidate: 'oversight of the Company’s security policies and procedures. The security team communicates important information security events to management and the' | candidate_core: 'oversightofthecompanyssecuritypoliciesandproceduresthesecurityteamcommunicatesimportantinformationsecurityeventstomanagementandthe'
[DEBUG] Topic: Control_Descriptions | i: 1255 | n: 3 | candidate: 'oversight of the Company’s security policies and procedures. The security team communicates important information security events to management and the' | candidate_core: 'oversightofthecompanyssecuritypoliciesandproceduresthesecurityteamcommunicatesimportantinformationsecurityeventstomanagementandthe' | heading_core: 'testingmatrices' | fuzzy_score: 19.310344827586214
[DEBUG-NORM] TOC: 'SECTION IV. TESTING MATRICES' | heading_core: 'testingmatrices' | candidate: 'procedures. The security team communicates important' | candidate_core: 'proceduresthesecurityteamcommunicatesimportant'
[DEBUG] Topic: Control_Descriptions | i: 1256 | n: 1 | candidate: 'procedures. The security team communicates important' | candidate_core: 'proceduresthesecurityteamcommunicatesimportant' | heading_core: 'testingmatrices' | fuzzy_score: 29.508196721311474
[DEBUG-NORM] TOC: 'SECTION IV. TESTING MATRICES' | heading_core: 'testingmatrices' | candidate: 'procedures. The security team communicates important information security events to management and the' | candidate_core: 'proceduresthesecurityteamcommunicatesimportantinformationsecurityeventstomanagementandthe'
[DEBUG] Topic: Control_Descriptions | i: 1256 | n: 2 | candidate: 'procedures. The security team communicates important information security events to management and the' | candidate_core: 'proceduresthesecurityteamcommunicatesimportantinformationsecurityeventstomanagementandthe' | heading_core: 'testingmatrices' | fuzzy_score: 25.0
[DEBUG-NORM] TOC: 'SECTION IV. TESTING MATRICES' | heading_core: 'testingmatrices' | candidate: 'procedures. The security team communicates important information security events to management and the Board of Directors in a timely manner.' | candidate_core: 'proceduresthesecurityteamcommunicatesimportantinformationsecurityeventstomanagementandtheboardofdirectorsinatimelymanner'
[DEBUG] Topic: Control_Descriptions | i: 1256 | n: 3 | candidate: 'procedures. The security team communicates important information security events to management and the Board of Directors in a timely manner.' | candidate_core: 'proceduresthesecurityteamcommunicatesimportantinformationsecurityeventstomanagementandtheboardofdirectorsinatimelymanner' | heading_core: 'testingmatrices' | fuzzy_score: 20.740740740740737
[DEBUG-NORM] TOC: 'SECTION IV. TESTING MATRICES' | heading_core: 'testingmatrices' | candidate: 'information security events to management and the' | candidate_core: 'nformationsecurityeventstomanagementandthe'
[DEBUG] Topic: Control_Descriptions | i: 1257 | n: 1 | candidate: 'information security events to management and the' | candidate_core: 'nformationsecurityeventstomanagementandthe' | heading_core: 'testingmatrices' | fuzzy_score: 35.08771929824561
[DEBUG-NORM] TOC: 'SECTION IV. TESTING MATRICES' | heading_core: 'testingmatrices' | candidate: 'information security events to management and the Board of Directors in a timely manner.' | candidate_core: 'nformationsecurityeventstomanagementandtheboardofdirectorsinatimelymanner'
[DEBUG] Topic: Control_Descriptions | i: 1257 | n: 2 | candidate: 'information security events to management and the Board of Directors in a timely manner.' | candidate_core: 'nformationsecurityeventstomanagementandtheboardofdirectorsinatimelymanner' | heading_core: 'testingmatrices' | fuzzy_score: 29.54545454545454
[DEBUG-NORM] TOC: 'SECTION IV. TESTING MATRICES' | heading_core: 'testingmatrices' | candidate: 'information security events to management and the Board of Directors in a timely manner. Inspected the Incident Reporting and Response Policy to' | candidate_core: 'nformationsecurityeventstomanagementandtheboardofdirectorsinatimelymannerinspectedtheincidentreportingandresponsepolicyto'
[DEBUG] Topic: Control_Descriptions | i: 1257 | n: 3 | candidate: 'information security events to management and the Board of Directors in a timely manner. Inspected the Incident Reporting and Response Policy to' | candidate_core: 'nformationsecurityeventstomanagementandtheboardofdirectorsinatimelymannerinspectedtheincidentreportingandresponsepolicyto' | heading_core: 'testingmatrices' | fuzzy_score: 20.588235294117652
[DEBUG-NORM] TOC: 'SECTION IV. TESTING MATRICES' | heading_core: 'testingmatrices' | candidate: 'Board of Directors in a timely manner.' | candidate_core: 'boardofdirectorsinatimelymanner'
[DEBUG] Topic: Control_Descriptions | i: 1258 | n: 1 | candidate: 'Board of Directors in a timely manner.' | candidate_core: 'boardofdirectorsinatimelymanner' | heading_core: 'testingmatrices' | fuzzy_score: 34.78260869565217
[DEBUG-NORM] TOC: 'SECTION IV. TESTING MATRICES' | heading_core: 'testingmatrices' | candidate: 'Board of Directors in a timely manner. Inspected the Incident Reporting and Response Policy to' | candidate_core: 'boardofdirectorsinatimelymannerinspectedtheincidentreportingandresponsepolicyto'
[DEBUG] Topic: Control_Descriptions | i: 1258 | n: 2 | candidate: 'Board of Directors in a timely manner. Inspected the Incident Reporting and Response Policy to' | candidate_core: 'boardofdirectorsinatimelymannerinspectedtheincidentreportingandresponsepolicyto' | heading_core: 'testingmatrices' | fuzzy_score: 23.404255319148938
[DEBUG-NORM] TOC: 'SECTION IV. TESTING MATRICES' | heading_core: 'testingmatrices' | candidate: 'Board of Directors in a timely manner. Inspected the Incident Reporting and Response Policy to verify whether a security team had been formally' | candidate_core: 'boardofdirectorsinatimelymannerinspectedtheincidentreportingandresponsepolicytoverifywhetherasecurityteamhadbeenformally'
[DEBUG] Topic: Control_Descriptions | i: 1258 | n: 3 | candidate: 'Board of Directors in a timely manner. Inspected the Incident Reporting and Response Policy to verify whether a security team had been formally' | candidate_core: 'boardofdirectorsinatimelymannerinspectedtheincidentreportingandresponsepolicytoverifywhetherasecurityteamhadbeenformally' | heading_core: 'testingmatrices' | fuzzy_score: 19.259259259259252
[DEBUG-NORM] TOC: 'SECTION IV. TESTING MATRICES' | heading_core: 'testingmatrices' | candidate: 'Inspected the Incident Reporting and Response Policy to' | candidate_core: 'nspectedtheincidentreportingandresponsepolicyto'
[DEBUG] Topic: Control_Descriptions | i: 1259 | n: 1 | candidate: 'Inspected the Incident Reporting and Response Policy to' | candidate_core: 'nspectedtheincidentreportingandresponsepolicyto' | heading_core: 'testingmatrices' | fuzzy_score: 32.25806451612904
[DEBUG-NORM] TOC: 'SECTION IV. TESTING MATRICES' | heading_core: 'testingmatrices' | candidate: 'Inspected the Incident Reporting and Response Policy to verify whether a security team had been formally' | candidate_core: 'nspectedtheincidentreportingandresponsepolicytoverifywhetherasecurityteamhadbeenformally'
[DEBUG] Topic: Control_Descriptions | i: 1259 | n: 2 | candidate: 'Inspected the Incident Reporting and Response Policy to verify whether a security team had been formally' | candidate_core: 'nspectedtheincidentreportingandresponsepolicytoverifywhetherasecurityteamhadbeenformally' | heading_core: 'testingmatrices' | fuzzy_score: 23.300970873786408
[DEBUG-NORM] TOC: 'SECTION IV. TESTING MATRICES' | heading_core: 'testingmatrices' | candidate: 'Inspected the Incident Reporting and Response Policy to verify whether a security team had been formally designated, along with clearly defined roles and' | candidate_core: 'nspectedtheincidentreportingandresponsepolicytoverifywhetherasecurityteamhadbeenformallydesignatedalongwithclearlydefinedrolesand'
[DEBUG] Topic: Control_Descriptions | i: 1259 | n: 3 | candidate: 'Inspected the Incident Reporting and Response Policy to verify whether a security team had been formally designated, along with clearly defined roles and' | candidate_core: 'nspectedtheincidentreportingandresponsepolicytoverifywhetherasecurityteamhadbeenformallydesignatedalongwithclearlydefinedrolesand' | heading_core: 'testingmatrices' | fuzzy_score: 18.055555555555557
[DEBUG-NORM] TOC: 'SECTION IV. TESTING MATRICES' | heading_core: 'testingmatrices' | candidate: 'verify whether a security team had been formally' | candidate_core: 'erifywhetherasecurityteamhadbeenformally'
[DEBUG] Topic: Control_Descriptions | i: 1260 | n: 1 | candidate: 'verify whether a security team had been formally' | candidate_core: 'erifywhetherasecurityteamhadbeenformally' | heading_core: 'testingmatrices' | fuzzy_score: 25.454545454545453
[DEBUG-NORM] TOC: 'SECTION IV. TESTING MATRICES' | heading_core: 'testingmatrices' | candidate: 'verify whether a security team had been formally designated, along with clearly defined roles and' | candidate_core: 'erifywhetherasecurityteamhadbeenformallydesignatedalongwithclearlydefinedrolesand'
[DEBUG] Topic: Control_Descriptions | i: 1260 | n: 2 | candidate: 'verify whether a security team had been formally designated, along with clearly defined roles and' | candidate_core: 'erifywhetherasecurityteamhadbeenformallydesignatedalongwithclearlydefinedrolesand' | heading_core: 'testingmatrices' | fuzzy_score: 25.0
[DEBUG-NORM] TOC: 'SECTION IV. TESTING MATRICES' | heading_core: 'testingmatrices' | candidate: 'verify whether a security team had been formally designated, along with clearly defined roles and responsibilities.' | candidate_core: 'erifywhetherasecurityteamhadbeenformallydesignatedalongwithclearlydefinedrolesandresponsibilities'
[DEBUG] Topic: Control_Descriptions | i: 1260 | n: 3 | candidate: 'verify whether a security team had been formally designated, along with clearly defined roles and responsibilities.' | candidate_core: 'erifywhetherasecurityteamhadbeenformallydesignatedalongwithclearlydefinedrolesandresponsibilities' | heading_core: 'testingmatrices' | fuzzy_score: 21.42857142857143
[DEBUG-NORM] TOC: 'SECTION IV. TESTING MATRICES' | heading_core: 'testingmatrices' | candidate: 'designated, along with clearly defined roles and' | candidate_core: 'esignatedalongwithclearlydefinedrolesand'
[DEBUG] Topic: Control_Descriptions | i: 1261 | n: 1 | candidate: 'designated, along with clearly defined roles and' | candidate_core: 'esignatedalongwithclearlydefinedrolesand' | heading_core: 'testingmatrices' | fuzzy_score: 36.36363636363637
[DEBUG-NORM] TOC: 'SECTION IV. TESTING MATRICES' | heading_core: 'testingmatrices' | candidate: 'designated, along with clearly defined roles and responsibilities.' | candidate_core: 'esignatedalongwithclearlydefinedrolesandresponsibilities'
[DEBUG] Topic: Control_Descriptions | i: 1261 | n: 2 | candidate: 'designated, along with clearly defined roles and responsibilities.' | candidate_core: 'esignatedalongwithclearlydefinedrolesandresponsibilities' | heading_core: 'testingmatrices' | fuzzy_score: 28.169014084507037
[DEBUG-NORM] TOC: 'SECTION IV. TESTING MATRICES' | heading_core: 'testingmatrices' | candidate: 'designated, along with clearly defined roles and responsibilities. For a selection of quarters during the period, inspected the' | candidate_core: 'esignatedalongwithclearlydefinedrolesandresponsibilitiesforaselectionofquartersduringtheperiodinspectedthe'
[DEBUG] Topic: Control_Descriptions | i: 1261 | n: 3 | candidate: 'designated, along with clearly defined roles and responsibilities. For a selection of quarters during the period, inspected the' | candidate_core: 'esignatedalongwithclearlydefinedrolesandresponsibilitiesforaselectionofquartersduringtheperiodinspectedthe' | heading_core: 'testingmatrices' | fuzzy_score: 19.834710743801654
[DEBUG-NORM] TOC: 'SECTION IV. TESTING MATRICES' | heading_core: 'testingmatrices' | candidate: 'responsibilities.' | candidate_core: 'responsibilities'
[DEBUG] Topic: Control_Descriptions | i: 1262 | n: 1 | candidate: 'responsibilities.' | candidate_core: 'responsibilities' | heading_core: 'testingmatrices' | fuzzy_score: 45.16129032258065
[DEBUG-NORM] TOC: 'SECTION IV. TESTING MATRICES' | heading_core: 'testingmatrices' | candidate: 'responsibilities. For a selection of quarters during the period, inspected the' | candidate_core: 'responsibilitiesforaselectionofquartersduringtheperiodinspectedthe'
[DEBUG] Topic: Control_Descriptions | i: 1262 | n: 2 | candidate: 'responsibilities. For a selection of quarters during the period, inspected the' | candidate_core: 'responsibilitiesforaselectionofquartersduringtheperiodinspectedthe' | heading_core: 'testingmatrices' | fuzzy_score: 29.629629629629626
[DEBUG-NORM] TOC: 'SECTION IV. TESTING MATRICES' | heading_core: 'testingmatrices' | candidate: 'responsibilities. For a selection of quarters during the period, inspected the Board of Directors meeting invitation and notes to verify' | candidate_core: 'responsibilitiesforaselectionofquartersduringtheperiodinspectedtheboardofdirectorsmeetinginvitationandnotestoverify'
[DEBUG] Topic: Control_Descriptions | i: 1262 | n: 3 | candidate: 'responsibilities. For a selection of quarters during the period, inspected the Board of Directors meeting invitation and notes to verify' | candidate_core: 'responsibilitiesforaselectionofquartersduringtheperiodinspectedtheboardofdirectorsmeetinginvitationandnotestoverify' | heading_core: 'testingmatrices' | fuzzy_score: 19.999999999999996
[DEBUG-NORM] TOC: 'SECTION IV. TESTING MATRICES' | heading_core: 'testingmatrices' | candidate: 'For a selection of quarters during the period, inspected the' | candidate_core: 'foraselectionofquartersduringtheperiodinspectedthe'
[DEBUG] Topic: Control_Descriptions | i: 1263 | n: 1 | candidate: 'For a selection of quarters during the period, inspected the' | candidate_core: 'foraselectionofquartersduringtheperiodinspectedthe' | heading_core: 'testingmatrices' | fuzzy_score: 33.84615384615385
[DEBUG-NORM] TOC: 'SECTION IV. TESTING MATRICES' | heading_core: 'testingmatrices' | candidate: 'For a selection of quarters during the period, inspected the Board of Directors meeting invitation and notes to verify' | candidate_core: 'foraselectionofquartersduringtheperiodinspectedtheboardofdirectorsmeetinginvitationandnotestoverify'
[DEBUG] Topic: Control_Descriptions | i: 1263 | n: 2 | candidate: 'For a selection of quarters during the period, inspected the Board of Directors meeting invitation and notes to verify' | candidate_core: 'foraselectionofquartersduringtheperiodinspectedtheboardofdirectorsmeetinginvitationandnotestoverify' | heading_core: 'testingmatrices' | fuzzy_score: 21.052631578947366
[DEBUG-NORM] TOC: 'SECTION IV. TESTING MATRICES' | heading_core: 'testingmatrices' | candidate: 'For a selection of quarters during the period, inspected the Board of Directors meeting invitation and notes to verify whether a member of the security team was present to' | candidate_core: 'foraselectionofquartersduringtheperiodinspectedtheboardofdirectorsmeetinginvitationandnotestoverifywhetheramemberofthesecurityteamwaspresentto'
[DEBUG] Topic: Control_Descriptions | i: 1263 | n: 3 | candidate: 'For a selection of quarters during the period, inspected the Board of Directors meeting invitation and notes to verify whether a member of the security team was present to' | candidate_core: 'foraselectionofquartersduringtheperiodinspectedtheboardofdirectorsmeetinginvitationandnotestoverifywhetheramemberofthesecurityteamwaspresentto' | heading_core: 'testingmatrices' | fuzzy_score: 17.834394904458595
[DEBUG-NORM] TOC: 'SECTION IV. TESTING MATRICES' | heading_core: 'testingmatrices' | candidate: 'Board of Directors meeting invitation and notes to verify' | candidate_core: 'boardofdirectorsmeetinginvitationandnotestoverify'
[DEBUG] Topic: Control_Descriptions | i: 1264 | n: 1 | candidate: 'Board of Directors meeting invitation and notes to verify' | candidate_core: 'boardofdirectorsmeetinginvitationandnotestoverify' | heading_core: 'testingmatrices' | fuzzy_score: 34.375
[DEBUG-NORM] TOC: 'SECTION IV. TESTING MATRICES' | heading_core: 'testingmatrices' | candidate: 'Board of Directors meeting invitation and notes to verify whether a member of the security team was present to' | candidate_core: 'boardofdirectorsmeetinginvitationandnotestoverifywhetheramemberofthesecurityteamwaspresentto'
[DEBUG] Topic: Control_Descriptions | i: 1264 | n: 2 | candidate: 'Board of Directors meeting invitation and notes to verify whether a member of the security team was present to' | candidate_core: 'boardofdirectorsmeetinginvitationandnotestoverifywhetheramemberofthesecurityteamwaspresentto' | heading_core: 'testingmatrices' | fuzzy_score: 24.29906542056075
[DEBUG-NORM] TOC: 'SECTION IV. TESTING MATRICES' | heading_core: 'testingmatrices' | candidate: 'Board of Directors meeting invitation and notes to verify whether a member of the security team was present to communicate important information security events to' | candidate_core: 'boardofdirectorsmeetinginvitationandnotestoverifywhetheramemberofthesecurityteamwaspresenttocommunicateimportantinformationsecurityeventsto'
[DEBUG] Topic: Control_Descriptions | i: 1264 | n: 3 | candidate: 'Board of Directors meeting invitation and notes to verify whether a member of the security team was present to communicate important information security events to' | candidate_core: 'boardofdirectorsmeetinginvitationandnotestoverifywhetheramemberofthesecurityteamwaspresenttocommunicateimportantinformationsecurityeventsto' | heading_core: 'testingmatrices' | fuzzy_score: 18.181818181818176
[DEBUG-NORM] TOC: 'SECTION IV. TESTING MATRICES' | heading_core: 'testingmatrices' | candidate: 'whether a member of the security team was present to' | candidate_core: 'whetheramemberofthesecurityteamwaspresentto'
[DEBUG] Topic: Control_Descriptions | i: 1265 | n: 1 | candidate: 'whether a member of the security team was present to' | candidate_core: 'whetheramemberofthesecurityteamwaspresentto' | heading_core: 'testingmatrices' | fuzzy_score: 31.034482758620683
[DEBUG-NORM] TOC: 'SECTION IV. TESTING MATRICES' | heading_core: 'testingmatrices' | candidate: 'whether a member of the security team was present to communicate important information security events to' | candidate_core: 'whetheramemberofthesecurityteamwaspresenttocommunicateimportantinformationsecurityeventsto'
[DEBUG] Topic: Control_Descriptions | i: 1265 | n: 2 | candidate: 'whether a member of the security team was present to communicate important information security events to' | candidate_core: 'whetheramemberofthesecurityteamwaspresenttocommunicateimportantinformationsecurityeventsto' | heading_core: 'testingmatrices' | fuzzy_score: 24.761904761904763
[DEBUG-NORM] TOC: 'SECTION IV. TESTING MATRICES' | heading_core: 'testingmatrices' | candidate: 'whether a member of the security team was present to communicate important information security events to management and the Board of Directors.' | candidate_core: 'whetheramemberofthesecurityteamwaspresenttocommunicateimportantinformationsecurityeventstomanagementandtheboardofdirectors'
[DEBUG] Topic: Control_Descriptions | i: 1265 | n: 3 | candidate: 'whether a member of the security team was present to communicate important information security events to management and the Board of Directors.' | candidate_core: 'whetheramemberofthesecurityteamwaspresenttocommunicateimportantinformationsecurityeventstomanagementandtheboardofdirectors' | heading_core: 'testingmatrices' | fuzzy_score: 20.43795620437956
[DEBUG-NORM] TOC: 'SECTION IV. TESTING MATRICES' | heading_core: 'testingmatrices' | candidate: 'communicate important information security events to' | candidate_core: 'ommunicateimportantinformationsecurityeventsto'
[DEBUG] Topic: Control_Descriptions | i: 1266 | n: 1 | candidate: 'communicate important information security events to' | candidate_core: 'ommunicateimportantinformationsecurityeventsto' | heading_core: 'testingmatrices' | fuzzy_score: 39.34426229508197
[DEBUG-NORM] TOC: 'SECTION IV. TESTING MATRICES' | heading_core: 'testingmatrices' | candidate: 'communicate important information security events to management and the Board of Directors.' | candidate_core: 'ommunicateimportantinformationsecurityeventstomanagementandtheboardofdirectors'
[DEBUG] Topic: Control_Descriptions | i: 1266 | n: 2 | candidate: 'communicate important information security events to management and the Board of Directors.' | candidate_core: 'ommunicateimportantinformationsecurityeventstomanagementandtheboardofdirectors' | heading_core: 'testingmatrices' | fuzzy_score: 27.956989247311824
[DEBUG-NORM] TOC: 'SECTION IV. TESTING MATRICES' | heading_core: 'testingmatrices' | candidate: 'communicate important information security events to management and the Board of Directors. No exceptions noted.' | candidate_core: 'ommunicateimportantinformationsecurityeventstomanagementandtheboardofdirectorsnoexceptionsnoted'
[DEBUG] Topic: Control_Descriptions | i: 1266 | n: 3 | candidate: 'communicate important information security events to management and the Board of Directors. No exceptions noted.' | candidate_core: 'ommunicateimportantinformationsecurityeventstomanagementandtheboardofdirectorsnoexceptionsnoted' | heading_core: 'testingmatrices' | fuzzy_score: 25.454545454545453
[DEBUG-NORM] TOC: 'SECTION IV. TESTING MATRICES' | heading_core: 'testingmatrices' | candidate: 'management and the Board of Directors.' | candidate_core: 'anagementandtheboardofdirectors'
[DEBUG] Topic: Control_Descriptions | i: 1267 | n: 1 | candidate: 'management and the Board of Directors.' | candidate_core: 'anagementandtheboardofdirectors' | heading_core: 'testingmatrices' | fuzzy_score: 39.13043478260869
[DEBUG-NORM] TOC: 'SECTION IV. TESTING MATRICES' | heading_core: 'testingmatrices' | candidate: 'management and the Board of Directors. No exceptions noted.' | candidate_core: 'anagementandtheboardofdirectorsnoexceptionsnoted'
[DEBUG] Topic: Control_Descriptions | i: 1267 | n: 2 | candidate: 'management and the Board of Directors. No exceptions noted.' | candidate_core: 'anagementandtheboardofdirectorsnoexceptionsnoted' | heading_core: 'testingmatrices' | fuzzy_score: 31.746031746031743
[DEBUG-NORM] TOC: 'SECTION IV. TESTING MATRICES' | heading_core: 'testingmatrices' | candidate: 'management and the Board of Directors. No exceptions noted. CC1.4 COSO Principle 4: The entity demonstrates a commitment to attract, develop, and retain competent individuals in alignment with objectives.' | candidate_core: 'anagementandtheboardofdirectorsnoexceptionsnotedcc14cosoprinciple4theentitydemonstratesacommitmenttoattractdevelopandretaincompetentindividualsinalignmentwithobjectives'
[DEBUG] Topic: Control_Descriptions | i: 1267 | n: 3 | candidate: 'management and the Board of Directors. No exceptions noted. CC1.4 COSO Principle 4: The entity demonstrates a commitment to attract, develop, and retain competent individuals in alignment with objectives.' | candidate_core: 'anagementandtheboardofdirectorsnoexceptionsnotedcc14cosoprinciple4theentitydemonstratesacommitmenttoattractdevelopandretaincompetentindividualsinalignmentwithobjectives' | heading_core: 'testingmatrices' | fuzzy_score: 15.300546448087427
[DEBUG-NORM] TOC: 'SECTION IV. TESTING MATRICES' | heading_core: 'testingmatrices' | candidate: 'No exceptions noted.' | candidate_core: 'noexceptionsnoted'
[DEBUG] Topic: Control_Descriptions | i: 1268 | n: 1 | candidate: 'No exceptions noted.' | candidate_core: 'noexceptionsnoted' | heading_core: 'testingmatrices' | fuzzy_score: 37.5
[DEBUG-NORM] TOC: 'SECTION IV. TESTING MATRICES' | heading_core: 'testingmatrices' | candidate: 'No exceptions noted. CC1.4 COSO Principle 4: The entity demonstrates a commitment to attract, develop, and retain competent individuals in alignment with objectives.' | candidate_core: 'noexceptionsnotedcc14cosoprinciple4theentitydemonstratesacommitmenttoattractdevelopandretaincompetentindividualsinalignmentwithobjectives'
[DEBUG] Topic: Control_Descriptions | i: 1268 | n: 2 | candidate: 'No exceptions noted. CC1.4 COSO Principle 4: The entity demonstrates a commitment to attract, develop, and retain competent individuals in alignment with objectives.' | candidate_core: 'noexceptionsnotedcc14cosoprinciple4theentitydemonstratesacommitmenttoattractdevelopandretaincompetentindividualsinalignmentwithobjectives' | heading_core: 'testingmatrices' | fuzzy_score: 18.42105263157895
[DEBUG-NORM] TOC: 'SECTION IV. TESTING MATRICES' | heading_core: 'testingmatrices' | candidate: 'No exceptions noted. CC1.4 COSO Principle 4: The entity demonstrates a commitment to attract, develop, and retain competent individuals in alignment with objectives. CC1.4.1' | candidate_core: 'noexceptionsnotedcc14cosoprinciple4theentitydemonstratesacommitmenttoattractdevelopandretaincompetentindividualsinalignmentwithobjectivescc141'
[DEBUG] Topic: Control_Descriptions | i: 1268 | n: 3 | candidate: 'No exceptions noted. CC1.4 COSO Principle 4: The entity demonstrates a commitment to attract, develop, and retain competent individuals in alignment with objectives. CC1.4.1' | candidate_core: 'noexceptionsnotedcc14cosoprinciple4theentitydemonstratesacommitmenttoattractdevelopandretaincompetentindividualsinalignmentwithobjectivescc141' | heading_core: 'testingmatrices' | fuzzy_score: 17.834394904458595
[DEBUG-NORM] TOC: 'SECTION IV. TESTING MATRICES' | heading_core: 'testingmatrices' | candidate: 'CC1.4 COSO Principle 4: The entity demonstrates a commitment to attract, develop, and retain competent individuals in alignment with objectives.' | candidate_core: '4cosoprinciple4theentitydemonstratesacommitmenttoattractdevelopandretaincompetentindividualsinalignmentwithobjectives'
[DEBUG] Topic: Control_Descriptions | i: 1269 | n: 1 | candidate: 'CC1.4 COSO Principle 4: The entity demonstrates a commitment to attract, develop, and retain competent individuals in alignment with objectives.' | candidate_core: '4cosoprinciple4theentitydemonstratesacommitmenttoattractdevelopandretaincompetentindividualsinalignmentwithobjectives' | heading_core: 'testingmatrices' | fuzzy_score: 19.696969696969703
[DEBUG-NORM] TOC: 'SECTION IV. TESTING MATRICES' | heading_core: 'testingmatrices' | candidate: 'CC1.4 COSO Principle 4: The entity demonstrates a commitment to attract, develop, and retain competent individuals in alignment with objectives. CC1.4.1' | candidate_core: '4cosoprinciple4theentitydemonstratesacommitmenttoattractdevelopandretaincompetentindividualsinalignmentwithobjectivescc141'
[DEBUG] Topic: Control_Descriptions | i: 1269 | n: 2 | candidate: 'CC1.4 COSO Principle 4: The entity demonstrates a commitment to attract, develop, and retain competent individuals in alignment with objectives. CC1.4.1' | candidate_core: '4cosoprinciple4theentitydemonstratesacommitmenttoattractdevelopandretaincompetentindividualsinalignmentwithobjectivescc141' | heading_core: 'testingmatrices' | fuzzy_score: 18.97810218978102
[DEBUG-NORM] TOC: 'SECTION IV. TESTING MATRICES' | heading_core: 'testingmatrices' | candidate: 'CC1.4 COSO Principle 4: The entity demonstrates a commitment to attract, develop, and retain competent individuals in alignment with objectives. CC1.4.1 All positions have a detailed job description that lists' | candidate_core: '4cosoprinciple4theentitydemonstratesacommitmenttoattractdevelopandretaincompetentindividualsinalignmentwithobjectivescc141allpositionshaveadetailedjobdescriptionthatlists'
[DEBUG] Topic: Control_Descriptions | i: 1269 | n: 3 | candidate: 'CC1.4 COSO Principle 4: The entity demonstrates a commitment to attract, develop, and retain competent individuals in alignment with objectives. CC1.4.1 All positions have a detailed job description that lists' | candidate_core: '4cosoprinciple4theentitydemonstratesacommitmenttoattractdevelopandretaincompetentindividualsinalignmentwithobjectivescc141allpositionshaveadetailedjobdescriptionthatlists' | heading_core: 'testingmatrices' | fuzzy_score: 14.054054054054054
[DEBUG-NORM] TOC: 'SECTION IV. TESTING MATRICES' | heading_core: 'testingmatrices' | candidate: 'CC1.4.1' | candidate_core: '41'
[DEBUG] Topic: Control_Descriptions | i: 1270 | n: 1 | candidate: 'CC1.4.1' | candidate_core: '41' | heading_core: 'testingmatrices' | fuzzy_score: 0.0
[DEBUG-NORM] TOC: 'SECTION IV. TESTING MATRICES' | heading_core: 'testingmatrices' | candidate: 'CC1.4.1 All positions have a detailed job description that lists' | candidate_core: '41allpositionshaveadetailedjobdescriptionthatlists'
[DEBUG] Topic: Control_Descriptions | i: 1270 | n: 2 | candidate: 'CC1.4.1 All positions have a detailed job description that lists' | candidate_core: '41allpositionshaveadetailedjobdescriptionthatlists' | heading_core: 'testingmatrices' | fuzzy_score: 30.76923076923077
[DEBUG-NORM] TOC: 'SECTION IV. TESTING MATRICES' | heading_core: 'testingmatrices' | candidate: 'CC1.4.1 All positions have a detailed job description that lists qualifications, such as required skills and experience,' | candidate_core: '41allpositionshaveadetailedjobdescriptionthatlistsqualificationssuchasrequiredskillsandexperience'
[DEBUG] Topic: Control_Descriptions | i: 1270 | n: 3 | candidate: 'CC1.4.1 All positions have a detailed job description that lists qualifications, such as required skills and experience,' | candidate_core: '41allpositionshaveadetailedjobdescriptionthatlistsqualificationssuchasrequiredskillsandexperience' | heading_core: 'testingmatrices' | fuzzy_score: 21.42857142857143
[DEBUG-NORM] TOC: 'SECTION IV. TESTING MATRICES' | heading_core: 'testingmatrices' | candidate: 'All positions have a detailed job description that lists' | candidate_core: 'allpositionshaveadetailedjobdescriptionthatlists'
[DEBUG] Topic: Control_Descriptions | i: 1271 | n: 1 | candidate: 'All positions have a detailed job description that lists' | candidate_core: 'allpositionshaveadetailedjobdescriptionthatlists' | heading_core: 'testingmatrices' | fuzzy_score: 31.746031746031743
[DEBUG-NORM] TOC: 'SECTION IV. TESTING MATRICES' | heading_core: 'testingmatrices' | candidate: 'All positions have a detailed job description that lists qualifications, such as required skills and experience,' | candidate_core: 'allpositionshaveadetailedjobdescriptionthatlistsqualificationssuchasrequiredskillsandexperience'
[DEBUG] Topic: Control_Descriptions | i: 1271 | n: 2 | candidate: 'All positions have a detailed job description that lists qualifications, such as required skills and experience,' | candidate_core: 'allpositionshaveadetailedjobdescriptionthatlistsqualificationssuchasrequiredskillsandexperience' | heading_core: 'testingmatrices' | fuzzy_score: 21.818181818181813
[DEBUG-NORM] TOC: 'SECTION IV. TESTING MATRICES' | heading_core: 'testingmatrices' | candidate: 'All positions have a detailed job description that lists qualifications, such as required skills and experience, which candidates must meet in order to be hired by' | candidate_core: 'allpositionshaveadetailedjobdescriptionthatlistsqualificationssuchasrequiredskillsandexperiencewhichcandidatesmustmeetinordertobehiredby'
[DEBUG] Topic: Control_Descriptions | i: 1271 | n: 3 | candidate: 'All positions have a detailed job description that lists qualifications, such as required skills and experience, which candidates must meet in order to be hired by' | candidate_core: 'allpositionshaveadetailedjobdescriptionthatlistsqualificationssuchasrequiredskillsandexperiencewhichcandidatesmustmeetinordertobehiredby' | heading_core: 'testingmatrices' | fuzzy_score: 17.218543046357617
[DEBUG-NORM] TOC: 'SECTION IV. TESTING MATRICES' | heading_core: 'testingmatrices' | candidate: 'qualifications, such as required skills and experience,' | candidate_core: 'qualificationssuchasrequiredskillsandexperience'
[DEBUG] Topic: Control_Descriptions | i: 1272 | n: 1 | candidate: 'qualifications, such as required skills and experience,' | candidate_core: 'qualificationssuchasrequiredskillsandexperience' | heading_core: 'testingmatrices' | fuzzy_score: 29.032258064516125
[DEBUG-NORM] TOC: 'SECTION IV. TESTING MATRICES' | heading_core: 'testingmatrices' | candidate: 'qualifications, such as required skills and experience, which candidates must meet in order to be hired by' | candidate_core: 'qualificationssuchasrequiredskillsandexperiencewhichcandidatesmustmeetinordertobehiredby'
[DEBUG] Topic: Control_Descriptions | i: 1272 | n: 2 | candidate: 'qualifications, such as required skills and experience, which candidates must meet in order to be hired by' | candidate_core: 'qualificationssuchasrequiredskillsandexperiencewhichcandidatesmustmeetinordertobehiredby' | heading_core: 'testingmatrices' | fuzzy_score: 19.417475728155342
[DEBUG-NORM] TOC: 'SECTION IV. TESTING MATRICES' | heading_core: 'testingmatrices' | candidate: 'qualifications, such as required skills and experience, which candidates must meet in order to be hired by SimpleLegal.' | candidate_core: 'qualificationssuchasrequiredskillsandexperiencewhichcandidatesmustmeetinordertobehiredbysimplelegal'
[DEBUG] Topic: Control_Descriptions | i: 1272 | n: 3 | candidate: 'qualifications, such as required skills and experience, which candidates must meet in order to be hired by SimpleLegal.' | candidate_core: 'qualificationssuchasrequiredskillsandexperiencewhichcandidatesmustmeetinordertobehiredbysimplelegal' | heading_core: 'testingmatrices' | fuzzy_score: 19.298245614035093
[DEBUG-NORM] TOC: 'SECTION IV. TESTING MATRICES' | heading_core: 'testingmatrices' | candidate: 'which candidates must meet in order to be hired by' | candidate_core: 'whichcandidatesmustmeetinordertobehiredby'
[DEBUG] Topic: Control_Descriptions | i: 1273 | n: 1 | candidate: 'which candidates must meet in order to be hired by' | candidate_core: 'whichcandidatesmustmeetinordertobehiredby' | heading_core: 'testingmatrices' | fuzzy_score: 32.14285714285714
[DEBUG-NORM] TOC: 'SECTION IV. TESTING MATRICES' | heading_core: 'testingmatrices' | candidate: 'which candidates must meet in order to be hired by SimpleLegal.' | candidate_core: 'whichcandidatesmustmeetinordertobehiredbysimplelegal'
[DEBUG] Topic: Control_Descriptions | i: 1273 | n: 2 | candidate: 'which candidates must meet in order to be hired by SimpleLegal.' | candidate_core: 'whichcandidatesmustmeetinordertobehiredbysimplelegal' | heading_core: 'testingmatrices' | fuzzy_score: 29.850746268656714
[DEBUG-NORM] TOC: 'SECTION IV. TESTING MATRICES' | heading_core: 'testingmatrices' | candidate: 'which candidates must meet in order to be hired by SimpleLegal. Inspected the Onit careers website to verify whether open' | candidate_core: 'whichcandidatesmustmeetinordertobehiredbysimplelegalinspectedtheonitcareerswebsitetoverifywhetheropen'
[DEBUG] Topic: Control_Descriptions | i: 1273 | n: 3 | candidate: 'which candidates must meet in order to be hired by SimpleLegal. Inspected the Onit careers website to verify whether open' | candidate_core: 'whichcandidatesmustmeetinordertobehiredbysimplelegalinspectedtheonitcareerswebsitetoverifywhetheropen' | heading_core: 'testingmatrices' | fuzzy_score: 22.413793103448278
[DEBUG-NORM] TOC: 'SECTION IV. TESTING MATRICES' | heading_core: 'testingmatrices' | candidate: 'SimpleLegal.' | candidate_core: 'simplelegal'
[DEBUG] Topic: Control_Descriptions | i: 1274 | n: 1 | candidate: 'SimpleLegal.' | candidate_core: 'simplelegal' | heading_core: 'testingmatrices' | fuzzy_score: 30.76923076923077
[DEBUG-NORM] TOC: 'SECTION IV. TESTING MATRICES' | heading_core: 'testingmatrices' | candidate: 'SimpleLegal. Inspected the Onit careers website to verify whether open' | candidate_core: 'simplelegalinspectedtheonitcareerswebsitetoverifywhetheropen'
[DEBUG] Topic: Control_Descriptions | i: 1274 | n: 2 | candidate: 'SimpleLegal. Inspected the Onit careers website to verify whether open' | candidate_core: 'simplelegalinspectedtheonitcareerswebsitetoverifywhetheropen' | heading_core: 'testingmatrices' | fuzzy_score: 24.0
[DEBUG-NORM] TOC: 'SECTION IV. TESTING MATRICES' | heading_core: 'testingmatrices' | candidate: 'SimpleLegal. Inspected the Onit careers website to verify whether open positions had job descriptions that listed the qualifications' | candidate_core: 'simplelegalinspectedtheonitcareerswebsitetoverifywhetheropenpositionshadjobdescriptionsthatlistedthequalifications'
[DEBUG] Topic: Control_Descriptions | i: 1274 | n: 3 | candidate: 'SimpleLegal. Inspected the Onit careers website to verify whether open positions had job descriptions that listed the qualifications' | candidate_core: 'simplelegalinspectedtheonitcareerswebsitetoverifywhetheropenpositionshadjobdescriptionsthatlistedthequalifications' | heading_core: 'testingmatrices' | fuzzy_score: 17.05426356589147
[DEBUG-NORM] TOC: 'SECTION IV. TESTING MATRICES' | heading_core: 'testingmatrices' | candidate: 'Inspected the Onit careers website to verify whether open' | candidate_core: 'nspectedtheonitcareerswebsitetoverifywhetheropen'
[DEBUG] Topic: Control_Descriptions | i: 1275 | n: 1 | candidate: 'Inspected the Onit careers website to verify whether open' | candidate_core: 'nspectedtheonitcareerswebsitetoverifywhetheropen' | heading_core: 'testingmatrices' | fuzzy_score: 28.57142857142857
[DEBUG-NORM] TOC: 'SECTION IV. TESTING MATRICES' | heading_core: 'testingmatrices' | candidate: 'Inspected the Onit careers website to verify whether open positions had job descriptions that listed the qualifications' | candidate_core: 'nspectedtheonitcareerswebsitetoverifywhetheropenpositionshadjobdescriptionsthatlistedthequalifications'
[DEBUG] Topic: Control_Descriptions | i: 1275 | n: 2 | candidate: 'Inspected the Onit careers website to verify whether open positions had job descriptions that listed the qualifications' | candidate_core: 'nspectedtheonitcareerswebsitetoverifywhetheropenpositionshadjobdescriptionsthatlistedthequalifications' | heading_core: 'testingmatrices' | fuzzy_score: 18.803418803418804
[DEBUG-NORM] TOC: 'SECTION IV. TESTING MATRICES' | heading_core: 'testingmatrices' | candidate: 'Inspected the Onit careers website to verify whether open positions had job descriptions that listed the qualifications Onit was seeking for the role.' | candidate_core: 'nspectedtheonitcareerswebsitetoverifywhetheropenpositionshadjobdescriptionsthatlistedthequalificationsonitwasseekingfortherole'
[DEBUG] Topic: Control_Descriptions | i: 1275 | n: 3 | candidate: 'Inspected the Onit careers website to verify whether open positions had job descriptions that listed the qualifications Onit was seeking for the role.' | candidate_core: 'nspectedtheonitcareerswebsitetoverifywhetheropenpositionshadjobdescriptionsthatlistedthequalificationsonitwasseekingfortherole' | heading_core: 'testingmatrices' | fuzzy_score: 15.602836879432624
[DEBUG-NORM] TOC: 'SECTION IV. TESTING MATRICES' | heading_core: 'testingmatrices' | candidate: 'positions had job descriptions that listed the qualifications' | candidate_core: 'positionshadjobdescriptionsthatlistedthequalifications'
[DEBUG] Topic: Control_Descriptions | i: 1276 | n: 1 | candidate: 'positions had job descriptions that listed the qualifications' | candidate_core: 'positionshadjobdescriptionsthatlistedthequalifications' | heading_core: 'testingmatrices' | fuzzy_score: 31.88405797101449
[DEBUG-NORM] TOC: 'SECTION IV. TESTING MATRICES' | heading_core: 'testingmatrices' | candidate: 'positions had job descriptions that listed the qualifications Onit was seeking for the role.' | candidate_core: 'positionshadjobdescriptionsthatlistedthequalificationsonitwasseekingfortherole'
[DEBUG] Topic: Control_Descriptions | i: 1276 | n: 2 | candidate: 'positions had job descriptions that listed the qualifications Onit was seeking for the role.' | candidate_core: 'positionshadjobdescriptionsthatlistedthequalificationsonitwasseekingfortherole' | heading_core: 'testingmatrices' | fuzzy_score: 23.655913978494624
[DEBUG-NORM] TOC: 'SECTION IV. TESTING MATRICES' | heading_core: 'testingmatrices' | candidate: 'positions had job descriptions that listed the qualifications Onit was seeking for the role. No exceptions noted.' | candidate_core: 'positionshadjobdescriptionsthatlistedthequalificationsonitwasseekingfortherolenoexceptionsnoted'
[DEBUG] Topic: Control_Descriptions | i: 1276 | n: 3 | candidate: 'positions had job descriptions that listed the qualifications Onit was seeking for the role. No exceptions noted.' | candidate_core: 'positionshadjobdescriptionsthatlistedthequalificationsonitwasseekingfortherolenoexceptionsnoted' | heading_core: 'testingmatrices' | fuzzy_score: 21.818181818181813
[DEBUG-NORM] TOC: 'SECTION IV. TESTING MATRICES' | heading_core: 'testingmatrices' | candidate: 'Onit was seeking for the role.' | candidate_core: 'onitwasseekingfortherole'
[DEBUG] Topic: Control_Descriptions | i: 1277 | n: 1 | candidate: 'Onit was seeking for the role.' | candidate_core: 'onitwasseekingfortherole' | heading_core: 'testingmatrices' | fuzzy_score: 41.02564102564102
[DEBUG-NORM] TOC: 'SECTION IV. TESTING MATRICES' | heading_core: 'testingmatrices' | candidate: 'Onit was seeking for the role. No exceptions noted.' | candidate_core: 'onitwasseekingfortherolenoexceptionsnoted'
[DEBUG] Topic: Control_Descriptions | i: 1277 | n: 2 | candidate: 'Onit was seeking for the role. No exceptions noted.' | candidate_core: 'onitwasseekingfortherolenoexceptionsnoted' | heading_core: 'testingmatrices' | fuzzy_score: 35.71428571428571
[DEBUG-NORM] TOC: 'SECTION IV. TESTING MATRICES' | heading_core: 'testingmatrices' | candidate: 'Onit was seeking for the role. No exceptions noted. CC1.4.2' | candidate_core: 'onitwasseekingfortherolenoexceptionsnotedcc142'
[DEBUG] Topic: Control_Descriptions | i: 1277 | n: 3 | candidate: 'Onit was seeking for the role. No exceptions noted. CC1.4.2' | candidate_core: 'onitwasseekingfortherolenoexceptionsnotedcc142' | heading_core: 'testingmatrices' | fuzzy_score: 32.786885245901644
[DEBUG-NORM] TOC: 'SECTION IV. TESTING MATRICES' | heading_core: 'testingmatrices' | candidate: 'No exceptions noted.' | candidate_core: 'noexceptionsnoted'
[DEBUG] Topic: Control_Descriptions | i: 1278 | n: 1 | candidate: 'No exceptions noted.' | candidate_core: 'noexceptionsnoted' | heading_core: 'testingmatrices' | fuzzy_score: 37.5
[DEBUG-NORM] TOC: 'SECTION IV. TESTING MATRICES' | heading_core: 'testingmatrices' | candidate: 'No exceptions noted. CC1.4.2' | candidate_core: 'noexceptionsnotedcc142'
[DEBUG] Topic: Control_Descriptions | i: 1278 | n: 2 | candidate: 'No exceptions noted. CC1.4.2' | candidate_core: 'noexceptionsnotedcc142' | heading_core: 'testingmatrices' | fuzzy_score: 32.432432432432435
[DEBUG-NORM] TOC: 'SECTION IV. TESTING MATRICES' | heading_core: 'testingmatrices' | candidate: 'No exceptions noted. CC1.4.2 SimpleLegal performs background checks on new' | candidate_core: 'noexceptionsnotedcc142simplelegalperformsbackgroundchecksonnew'
[DEBUG] Topic: Control_Descriptions | i: 1278 | n: 3 | candidate: 'No exceptions noted. CC1.4.2 SimpleLegal performs background checks on new' | candidate_core: 'noexceptionsnotedcc142simplelegalperformsbackgroundchecksonnew' | heading_core: 'testingmatrices' | fuzzy_score: 28.57142857142857
[DEBUG-NORM] TOC: 'SECTION IV. TESTING MATRICES' | heading_core: 'testingmatrices' | candidate: 'CC1.4.2' | candidate_core: '42'
[DEBUG] Topic: Control_Descriptions | i: 1279 | n: 1 | candidate: 'CC1.4.2' | candidate_core: '42' | heading_core: 'testingmatrices' | fuzzy_score: 0.0
[DEBUG-NORM] TOC: 'SECTION IV. TESTING MATRICES' | heading_core: 'testingmatrices' | candidate: 'CC1.4.2 SimpleLegal performs background checks on new' | candidate_core: '42simplelegalperformsbackgroundchecksonnew'
[DEBUG] Topic: Control_Descriptions | i: 1279 | n: 2 | candidate: 'CC1.4.2 SimpleLegal performs background checks on new' | candidate_core: '42simplelegalperformsbackgroundchecksonnew' | heading_core: 'testingmatrices' | fuzzy_score: 31.57894736842105
[DEBUG-NORM] TOC: 'SECTION IV. TESTING MATRICES' | heading_core: 'testingmatrices' | candidate: 'CC1.4.2 SimpleLegal performs background checks on new employees prior to hire, as permitted by local laws. The' | candidate_core: '42simplelegalperformsbackgroundchecksonnewemployeespriortohireaspermittedbylocallawsthe'
[DEBUG] Topic: Control_Descriptions | i: 1279 | n: 3 | candidate: 'CC1.4.2 SimpleLegal performs background checks on new employees prior to hire, as permitted by local laws. The' | candidate_core: '42simplelegalperformsbackgroundchecksonnewemployeespriortohireaspermittedbylocallawsthe' | heading_core: 'testingmatrices' | fuzzy_score: 19.6078431372549
[DEBUG-NORM] TOC: 'SECTION IV. TESTING MATRICES' | heading_core: 'testingmatrices' | candidate: 'SimpleLegal performs background checks on new' | candidate_core: 'simplelegalperformsbackgroundchecksonnew'
[DEBUG] Topic: Control_Descriptions | i: 1280 | n: 1 | candidate: 'SimpleLegal performs background checks on new' | candidate_core: 'simplelegalperformsbackgroundchecksonnew' | heading_core: 'testingmatrices' | fuzzy_score: 32.72727272727273
[DEBUG-NORM] TOC: 'SECTION IV. TESTING MATRICES' | heading_core: 'testingmatrices' | candidate: 'SimpleLegal performs background checks on new employees prior to hire, as permitted by local laws. The' | candidate_core: 'simplelegalperformsbackgroundchecksonnewemployeespriortohireaspermittedbylocallawsthe'
[DEBUG] Topic: Control_Descriptions | i: 1280 | n: 2 | candidate: 'SimpleLegal performs background checks on new employees prior to hire, as permitted by local laws. The' | candidate_core: 'simplelegalperformsbackgroundchecksonnewemployeespriortohireaspermittedbylocallawsthe' | heading_core: 'testingmatrices' | fuzzy_score: 19.999999999999996
[DEBUG-NORM] TOC: 'SECTION IV. TESTING MATRICES' | heading_core: 'testingmatrices' | candidate: 'SimpleLegal performs background checks on new employees prior to hire, as permitted by local laws. The results are reviewed by Human Resources and' | candidate_core: 'simplelegalperformsbackgroundchecksonnewemployeespriortohireaspermittedbylocallawstheresultsarereviewedbyhumanresourcesand'
[DEBUG] Topic: Control_Descriptions | i: 1280 | n: 3 | candidate: 'SimpleLegal performs background checks on new employees prior to hire, as permitted by local laws. The results are reviewed by Human Resources and' | candidate_core: 'simplelegalperformsbackgroundchecksonnewemployeespriortohireaspermittedbylocallawstheresultsarereviewedbyhumanresourcesand' | heading_core: 'testingmatrices' | fuzzy_score: 17.51824817518248
[DEBUG-NORM] TOC: 'SECTION IV. TESTING MATRICES' | heading_core: 'testingmatrices' | candidate: 'employees prior to hire, as permitted by local laws. The' | candidate_core: 'employeespriortohireaspermittedbylocallawsthe'
[DEBUG] Topic: Control_Descriptions | i: 1281 | n: 1 | candidate: 'employees prior to hire, as permitted by local laws. The' | candidate_core: 'employeespriortohireaspermittedbylocallawsthe' | heading_core: 'testingmatrices' | fuzzy_score: 30.000000000000004
[DEBUG-NORM] TOC: 'SECTION IV. TESTING MATRICES' | heading_core: 'testingmatrices' | candidate: 'employees prior to hire, as permitted by local laws. The results are reviewed by Human Resources and' | candidate_core: 'employeespriortohireaspermittedbylocallawstheresultsarereviewedbyhumanresourcesand'
[DEBUG] Topic: Control_Descriptions | i: 1281 | n: 2 | candidate: 'employees prior to hire, as permitted by local laws. The results are reviewed by Human Resources and' | candidate_core: 'employeespriortohireaspermittedbylocallawstheresultsarereviewedbyhumanresourcesand' | heading_core: 'testingmatrices' | fuzzy_score: 24.742268041237114
[DEBUG-NORM] TOC: 'SECTION IV. TESTING MATRICES' | heading_core: 'testingmatrices' | candidate: 'employees prior to hire, as permitted by local laws. The results are reviewed by Human Resources and appropriate action is taken if deemed necessary.' | candidate_core: 'employeespriortohireaspermittedbylocallawstheresultsarereviewedbyhumanresourcesandappropriateactionistakenifdeemednecessary'
[DEBUG] Topic: Control_Descriptions | i: 1281 | n: 3 | candidate: 'employees prior to hire, as permitted by local laws. The results are reviewed by Human Resources and appropriate action is taken if deemed necessary.' | candidate_core: 'employeespriortohireaspermittedbylocallawstheresultsarereviewedbyhumanresourcesandappropriateactionistakenifdeemednecessary' | heading_core: 'testingmatrices' | fuzzy_score: 17.391304347826086
[DEBUG-NORM] TOC: 'SECTION IV. TESTING MATRICES' | heading_core: 'testingmatrices' | candidate: 'results are reviewed by Human Resources and' | candidate_core: 'resultsarereviewedbyhumanresourcesand'
[DEBUG] Topic: Control_Descriptions | i: 1282 | n: 1 | candidate: 'results are reviewed by Human Resources and' | candidate_core: 'resultsarereviewedbyhumanresourcesand' | heading_core: 'testingmatrices' | fuzzy_score: 38.46153846153846
[DEBUG-NORM] TOC: 'SECTION IV. TESTING MATRICES' | heading_core: 'testingmatrices' | candidate: 'results are reviewed by Human Resources and appropriate action is taken if deemed necessary.' | candidate_core: 'resultsarereviewedbyhumanresourcesandappropriateactionistakenifdeemednecessary'
[DEBUG] Topic: Control_Descriptions | i: 1282 | n: 2 | candidate: 'results are reviewed by Human Resources and appropriate action is taken if deemed necessary.' | candidate_core: 'resultsarereviewedbyhumanresourcesandappropriateactionistakenifdeemednecessary' | heading_core: 'testingmatrices' | fuzzy_score: 23.655913978494624
[DEBUG-NORM] TOC: 'SECTION IV. TESTING MATRICES' | heading_core: 'testingmatrices' | candidate: 'results are reviewed by Human Resources and appropriate action is taken if deemed necessary. For all new hires during the period, inspected the completed' | candidate_core: 'resultsarereviewedbyhumanresourcesandappropriateactionistakenifdeemednecessaryforallnewhiresduringtheperiodinspectedthecompleted'
[DEBUG] Topic: Control_Descriptions | i: 1282 | n: 3 | candidate: 'results are reviewed by Human Resources and appropriate action is taken if deemed necessary. For all new hires during the period, inspected the completed' | candidate_core: 'resultsarereviewedbyhumanresourcesandappropriateactionistakenifdeemednecessaryforallnewhiresduringtheperiodinspectedthecompleted' | heading_core: 'testingmatrices' | fuzzy_score: 18.181818181818176
[DEBUG-NORM] TOC: 'SECTION IV. TESTING MATRICES' | heading_core: 'testingmatrices' | candidate: 'appropriate action is taken if deemed necessary.' | candidate_core: 'appropriateactionistakenifdeemednecessary'
[DEBUG] Topic: Control_Descriptions | i: 1283 | n: 1 | candidate: 'appropriate action is taken if deemed necessary.' | candidate_core: 'appropriateactionistakenifdeemednecessary' | heading_core: 'testingmatrices' | fuzzy_score: 35.71428571428571
[DEBUG-NORM] TOC: 'SECTION IV. TESTING MATRICES' | heading_core: 'testingmatrices' | candidate: 'appropriate action is taken if deemed necessary. For all new hires during the period, inspected the completed' | candidate_core: 'appropriateactionistakenifdeemednecessaryforallnewhiresduringtheperiodinspectedthecompleted'
[DEBUG] Topic: Control_Descriptions | i: 1283 | n: 2 | candidate: 'appropriate action is taken if deemed necessary. For all new hires during the period, inspected the completed' | candidate_core: 'appropriateactionistakenifdeemednecessaryforallnewhiresduringtheperiodinspectedthecompleted' | heading_core: 'testingmatrices' | fuzzy_score: 22.64150943396226
[DEBUG-NORM] TOC: 'SECTION IV. TESTING MATRICES' | heading_core: 'testingmatrices' | candidate: 'appropriate action is taken if deemed necessary. For all new hires during the period, inspected the completed background check report to verify whether each individual' | candidate_core: 'appropriateactionistakenifdeemednecessaryforallnewhiresduringtheperiodinspectedthecompletedbackgroundcheckreporttoverifywhethereachindividual'
[DEBUG] Topic: Control_Descriptions | i: 1283 | n: 3 | candidate: 'appropriate action is taken if deemed necessary. For all new hires during the period, inspected the completed background check report to verify whether each individual' | candidate_core: 'appropriateactionistakenifdeemednecessaryforallnewhiresduringtheperiodinspectedthecompletedbackgroundcheckreporttoverifywhethereachindividual' | heading_core: 'testingmatrices' | fuzzy_score: 16.666666666666664
[DEBUG-NORM] TOC: 'SECTION IV. TESTING MATRICES' | heading_core: 'testingmatrices' | candidate: 'For all new hires during the period, inspected the completed' | candidate_core: 'forallnewhiresduringtheperiodinspectedthecompleted'
[DEBUG] Topic: Control_Descriptions | i: 1284 | n: 1 | candidate: 'For all new hires during the period, inspected the completed' | candidate_core: 'forallnewhiresduringtheperiodinspectedthecompleted' | heading_core: 'testingmatrices' | fuzzy_score: 30.76923076923077
[DEBUG-NORM] TOC: 'SECTION IV. TESTING MATRICES' | heading_core: 'testingmatrices' | candidate: 'For all new hires during the period, inspected the completed background check report to verify whether each individual' | candidate_core: 'forallnewhiresduringtheperiodinspectedthecompletedbackgroundcheckreporttoverifywhethereachindividual'
[DEBUG] Topic: Control_Descriptions | i: 1284 | n: 2 | candidate: 'For all new hires during the period, inspected the completed background check report to verify whether each individual' | candidate_core: 'forallnewhiresduringtheperiodinspectedthecompletedbackgroundcheckreporttoverifywhethereachindividual' | heading_core: 'testingmatrices' | fuzzy_score: 19.130434782608695
[DEBUG-NORM] TOC: 'SECTION IV. TESTING MATRICES' | heading_core: 'testingmatrices' | candidate: 'For all new hires during the period, inspected the completed background check report to verify whether each individual had a comprehensive background check performed prior to' | candidate_core: 'forallnewhiresduringtheperiodinspectedthecompletedbackgroundcheckreporttoverifywhethereachindividualhadacomprehensivebackgroundcheckperformedpriorto'
[DEBUG] Topic: Control_Descriptions | i: 1284 | n: 3 | candidate: 'For all new hires during the period, inspected the completed background check report to verify whether each individual had a comprehensive background check performed prior to' | candidate_core: 'forallnewhiresduringtheperiodinspectedthecompletedbackgroundcheckreporttoverifywhethereachindividualhadacomprehensivebackgroundcheckperformedpriorto' | heading_core: 'testingmatrices' | fuzzy_score: 15.95092024539877
[DEBUG-NORM] TOC: 'SECTION IV. TESTING MATRICES' | heading_core: 'testingmatrices' | candidate: 'background check report to verify whether each individual' | candidate_core: 'backgroundcheckreporttoverifywhethereachindividual'
[DEBUG] Topic: Control_Descriptions | i: 1285 | n: 1 | candidate: 'background check report to verify whether each individual' | candidate_core: 'backgroundcheckreporttoverifywhethereachindividual' | heading_core: 'testingmatrices' | fuzzy_score: 18.461538461538463
[DEBUG-NORM] TOC: 'SECTION IV. TESTING MATRICES' | heading_core: 'testingmatrices' | candidate: 'background check report to verify whether each individual had a comprehensive background check performed prior to' | candidate_core: 'backgroundcheckreporttoverifywhethereachindividualhadacomprehensivebackgroundcheckperformedpriorto'
[DEBUG] Topic: Control_Descriptions | i: 1285 | n: 2 | candidate: 'background check report to verify whether each individual had a comprehensive background check performed prior to' | candidate_core: 'backgroundcheckreporttoverifywhethereachindividualhadacomprehensivebackgroundcheckperformedpriorto' | heading_core: 'testingmatrices' | fuzzy_score: 17.699115044247794
[DEBUG-NORM] TOC: 'SECTION IV. TESTING MATRICES' | heading_core: 'testingmatrices' | candidate: 'background check report to verify whether each individual had a comprehensive background check performed prior to their starting date, as permitted by local laws.' | candidate_core: 'backgroundcheckreporttoverifywhethereachindividualhadacomprehensivebackgroundcheckperformedpriortotheirstartingdateaspermittedbylocallaws'
[DEBUG] Topic: Control_Descriptions | i: 1285 | n: 3 | candidate: 'background check report to verify whether each individual had a comprehensive background check performed prior to their starting date, as permitted by local laws.' | candidate_core: 'backgroundcheckreporttoverifywhethereachindividualhadacomprehensivebackgroundcheckperformedpriortotheirstartingdateaspermittedbylocallaws' | heading_core: 'testingmatrices' | fuzzy_score: 17.105263157894733
[DEBUG-NORM] TOC: 'SECTION IV. TESTING MATRICES' | heading_core: 'testingmatrices' | candidate: 'had a comprehensive background check performed prior to' | candidate_core: 'hadacomprehensivebackgroundcheckperformedpriorto'
[DEBUG] Topic: Control_Descriptions | i: 1286 | n: 1 | candidate: 'had a comprehensive background check performed prior to' | candidate_core: 'hadacomprehensivebackgroundcheckperformedpriorto' | heading_core: 'testingmatrices' | fuzzy_score: 22.22222222222222
[DEBUG-NORM] TOC: 'SECTION IV. TESTING MATRICES' | heading_core: 'testingmatrices' | candidate: 'had a comprehensive background check performed prior to their starting date, as permitted by local laws.' | candidate_core: 'hadacomprehensivebackgroundcheckperformedpriortotheirstartingdateaspermittedbylocallaws'
[DEBUG] Topic: Control_Descriptions | i: 1286 | n: 2 | candidate: 'had a comprehensive background check performed prior to their starting date, as permitted by local laws.' | candidate_core: 'hadacomprehensivebackgroundcheckperformedpriortotheirstartingdateaspermittedbylocallaws' | heading_core: 'testingmatrices' | fuzzy_score: 25.49019607843137
[DEBUG-NORM] TOC: 'SECTION IV. TESTING MATRICES' | heading_core: 'testingmatrices' | candidate: 'had a comprehensive background check performed prior to their starting date, as permitted by local laws. No exceptions noted.' | candidate_core: 'hadacomprehensivebackgroundcheckperformedpriortotheirstartingdateaspermittedbylocallawsnoexceptionsnoted'
[DEBUG] Topic: Control_Descriptions | i: 1286 | n: 3 | candidate: 'had a comprehensive background check performed prior to their starting date, as permitted by local laws. No exceptions noted.' | candidate_core: 'hadacomprehensivebackgroundcheckperformedpriortotheirstartingdateaspermittedbylocallawsnoexceptionsnoted' | heading_core: 'testingmatrices' | fuzzy_score: 23.529411764705888
[DEBUG-NORM] TOC: 'SECTION IV. TESTING MATRICES' | heading_core: 'testingmatrices' | candidate: 'their starting date, as permitted by local laws.' | candidate_core: 'theirstartingdateaspermittedbylocallaws'
[DEBUG] Topic: Control_Descriptions | i: 1287 | n: 1 | candidate: 'their starting date, as permitted by local laws.' | candidate_core: 'theirstartingdateaspermittedbylocallaws' | heading_core: 'testingmatrices' | fuzzy_score: 48.14814814814815
[DEBUG-NORM] TOC: 'SECTION IV. TESTING MATRICES' | heading_core: 'testingmatrices' | candidate: 'their starting date, as permitted by local laws. No exceptions noted.' | candidate_core: 'theirstartingdateaspermittedbylocallawsnoexceptionsnoted'
[DEBUG] Topic: Control_Descriptions | i: 1287 | n: 2 | candidate: 'their starting date, as permitted by local laws. No exceptions noted.' | candidate_core: 'theirstartingdateaspermittedbylocallawsnoexceptionsnoted' | heading_core: 'testingmatrices' | fuzzy_score: 39.43661971830986
[DEBUG-NORM] TOC: 'SECTION IV. TESTING MATRICES' | heading_core: 'testingmatrices' | candidate: 'their starting date, as permitted by local laws. No exceptions noted. CC1.4.3' | candidate_core: 'theirstartingdateaspermittedbylocallawsnoexceptionsnotedcc143'
[DEBUG] Topic: Control_Descriptions | i: 1287 | n: 3 | candidate: 'their starting date, as permitted by local laws. No exceptions noted. CC1.4.3' | candidate_core: 'theirstartingdateaspermittedbylocallawsnoexceptionsnotedcc143' | heading_core: 'testingmatrices' | fuzzy_score: 36.8421052631579
[DEBUG-NORM] TOC: 'SECTION IV. TESTING MATRICES' | heading_core: 'testingmatrices' | candidate: 'No exceptions noted.' | candidate_core: 'noexceptionsnoted'
[DEBUG] Topic: Control_Descriptions | i: 1288 | n: 1 | candidate: 'No exceptions noted.' | candidate_core: 'noexceptionsnoted' | heading_core: 'testingmatrices' | fuzzy_score: 37.5
[DEBUG-NORM] TOC: 'SECTION IV. TESTING MATRICES' | heading_core: 'testingmatrices' | candidate: 'No exceptions noted. CC1.4.3' | candidate_core: 'noexceptionsnotedcc143'
[DEBUG] Topic: Control_Descriptions | i: 1288 | n: 2 | candidate: 'No exceptions noted. CC1.4.3' | candidate_core: 'noexceptionsnotedcc143' | heading_core: 'testingmatrices' | fuzzy_score: 32.432432432432435
[DEBUG-NORM] TOC: 'SECTION IV. TESTING MATRICES' | heading_core: 'testingmatrices' | candidate: 'No exceptions noted. CC1.4.3 Executive management holds monthly meetings that' | candidate_core: 'noexceptionsnotedcc143executivemanagementholdsmonthlymeetingsthat'
[DEBUG] Topic: Control_Descriptions | i: 1288 | n: 3 | candidate: 'No exceptions noted. CC1.4.3 Executive management holds monthly meetings that' | candidate_core: 'noexceptionsnotedcc143executivemanagementholdsmonthlymeetingsthat' | heading_core: 'testingmatrices' | fuzzy_score: 25.0
[DEBUG-NORM] TOC: 'SECTION IV. TESTING MATRICES' | heading_core: 'testingmatrices' | candidate: 'CC1.4.3' | candidate_core: '43'
[DEBUG] Topic: Control_Descriptions | i: 1289 | n: 1 | candidate: 'CC1.4.3' | candidate_core: '43' | heading_core: 'testingmatrices' | fuzzy_score: 0.0
[DEBUG-NORM] TOC: 'SECTION IV. TESTING MATRICES' | heading_core: 'testingmatrices' | candidate: 'CC1.4.3 Executive management holds monthly meetings that' | candidate_core: '43executivemanagementholdsmonthlymeetingsthat'
[DEBUG] Topic: Control_Descriptions | i: 1289 | n: 2 | candidate: 'CC1.4.3 Executive management holds monthly meetings that' | candidate_core: '43executivemanagementholdsmonthlymeetingsthat' | heading_core: 'testingmatrices' | fuzzy_score: 30.000000000000004
[DEBUG-NORM] TOC: 'SECTION IV. TESTING MATRICES' | heading_core: 'testingmatrices' | candidate: 'CC1.4.3 Executive management holds monthly meetings that include analyzing the competency of its staff against the' | candidate_core: '43executivemanagementholdsmonthlymeetingsthatincludeanalyzingthecompetencyofitsstaffagainstthe'
[DEBUG] Topic: Control_Descriptions | i: 1289 | n: 3 | candidate: 'CC1.4.3 Executive management holds monthly meetings that include analyzing the competency of its staff against the' | candidate_core: '43executivemanagementholdsmonthlymeetingsthatincludeanalyzingthecompetencyofitsstaffagainstthe' | heading_core: 'testingmatrices' | fuzzy_score: 23.853211009174313
[DEBUG-NORM] TOC: 'SECTION IV. TESTING MATRICES' | heading_core: 'testingmatrices' | candidate: 'Executive management holds monthly meetings that' | candidate_core: 'executivemanagementholdsmonthlymeetingsthat'
[DEBUG] Topic: Control_Descriptions | i: 1290 | n: 1 | candidate: 'Executive management holds monthly meetings that' | candidate_core: 'executivemanagementholdsmonthlymeetingsthat' | heading_core: 'testingmatrices' | fuzzy_score: 31.034482758620683
[DEBUG-NORM] TOC: 'SECTION IV. TESTING MATRICES' | heading_core: 'testingmatrices' | candidate: 'Executive management holds monthly meetings that include analyzing the competency of its staff against the' | candidate_core: 'executivemanagementholdsmonthlymeetingsthatincludeanalyzingthecompetencyofitsstaffagainstthe'
[DEBUG] Topic: Control_Descriptions | i: 1290 | n: 2 | candidate: 'Executive management holds monthly meetings that include analyzing the competency of its staff against the' | candidate_core: 'executivemanagementholdsmonthlymeetingsthatincludeanalyzingthecompetencyofitsstaffagainstthe' | heading_core: 'testingmatrices' | fuzzy_score: 24.29906542056075
[DEBUG-NORM] TOC: 'SECTION IV. TESTING MATRICES' | heading_core: 'testingmatrices' | candidate: 'Executive management holds monthly meetings that include analyzing the competency of its staff against the required business objectives and forecasted growth to' | candidate_core: 'executivemanagementholdsmonthlymeetingsthatincludeanalyzingthecompetencyofitsstaffagainsttherequiredbusinessobjectivesandforecastedgrowthto'
[DEBUG] Topic: Control_Descriptions | i: 1290 | n: 3 | candidate: 'Executive management holds monthly meetings that include analyzing the competency of its staff against the required business objectives and forecasted growth to' | candidate_core: 'executivemanagementholdsmonthlymeetingsthatincludeanalyzingthecompetencyofitsstaffagainsttherequiredbusinessobjectivesandforecastedgrowthto' | heading_core: 'testingmatrices' | fuzzy_score: 19.480519480519476
[DEBUG-NORM] TOC: 'SECTION IV. TESTING MATRICES' | heading_core: 'testingmatrices' | candidate: 'include analyzing the competency of its staff against the' | candidate_core: 'ncludeanalyzingthecompetencyofitsstaffagainstthe'
[DEBUG] Topic: Control_Descriptions | i: 1291 | n: 1 | candidate: 'include analyzing the competency of its staff against the' | candidate_core: 'ncludeanalyzingthecompetencyofitsstaffagainstthe' | heading_core: 'testingmatrices' | fuzzy_score: 25.396825396825395
[DEBUG-NORM] TOC: 'SECTION IV. TESTING MATRICES' | heading_core: 'testingmatrices' | candidate: 'include analyzing the competency of its staff against the required business objectives and forecasted growth to' | candidate_core: 'ncludeanalyzingthecompetencyofitsstaffagainsttherequiredbusinessobjectivesandforecastedgrowthto'
[DEBUG] Topic: Control_Descriptions | i: 1291 | n: 2 | candidate: 'include analyzing the competency of its staff against the required business objectives and forecasted growth to' | candidate_core: 'ncludeanalyzingthecompetencyofitsstaffagainsttherequiredbusinessobjectivesandforecastedgrowthto' | heading_core: 'testingmatrices' | fuzzy_score: 21.818181818181813
[DEBUG-NORM] TOC: 'SECTION IV. TESTING MATRICES' | heading_core: 'testingmatrices' | candidate: 'include analyzing the competency of its staff against the required business objectives and forecasted growth to determine whether additional resources are necessary.' | candidate_core: 'ncludeanalyzingthecompetencyofitsstaffagainsttherequiredbusinessobjectivesandforecastedgrowthtodeterminewhetheradditionalresourcesarenecessary'
[DEBUG] Topic: Control_Descriptions | i: 1291 | n: 3 | candidate: 'include analyzing the competency of its staff against the required business objectives and forecasted growth to determine whether additional resources are necessary.' | candidate_core: 'ncludeanalyzingthecompetencyofitsstaffagainsttherequiredbusinessobjectivesandforecastedgrowthtodeterminewhetheradditionalresourcesarenecessary' | heading_core: 'testingmatrices' | fuzzy_score: 17.834394904458595
[DEBUG-NORM] TOC: 'SECTION IV. TESTING MATRICES' | heading_core: 'testingmatrices' | candidate: 'required business objectives and forecasted growth to' | candidate_core: 'requiredbusinessobjectivesandforecastedgrowthto'
[DEBUG] Topic: Control_Descriptions | i: 1292 | n: 1 | candidate: 'required business objectives and forecasted growth to' | candidate_core: 'requiredbusinessobjectivesandforecastedgrowthto' | heading_core: 'testingmatrices' | fuzzy_score: 25.806451612903224
[DEBUG-NORM] TOC: 'SECTION IV. TESTING MATRICES' | heading_core: 'testingmatrices' | candidate: 'required business objectives and forecasted growth to determine whether additional resources are necessary.' | candidate_core: 'requiredbusinessobjectivesandforecastedgrowthtodeterminewhetheradditionalresourcesarenecessary'
[DEBUG] Topic: Control_Descriptions | i: 1292 | n: 2 | candidate: 'required business objectives and forecasted growth to determine whether additional resources are necessary.' | candidate_core: 'requiredbusinessobjectivesandforecastedgrowthtodeterminewhetheradditionalresourcesarenecessary' | heading_core: 'testingmatrices' | fuzzy_score: 23.853211009174313
[DEBUG-NORM] TOC: 'SECTION IV. TESTING MATRICES' | heading_core: 'testingmatrices' | candidate: 'required business objectives and forecasted growth to determine whether additional resources are necessary. For a selection of months, inspected executive leadership' | candidate_core: 'requiredbusinessobjectivesandforecastedgrowthtodeterminewhetheradditionalresourcesarenecessaryforaselectionofmonthsinspectedexecutiveleadership'
[DEBUG] Topic: Control_Descriptions | i: 1292 | n: 3 | candidate: 'required business objectives and forecasted growth to determine whether additional resources are necessary. For a selection of months, inspected executive leadership' | candidate_core: 'requiredbusinessobjectivesandforecastedgrowthtodeterminewhetheradditionalresourcesarenecessaryforaselectionofmonthsinspectedexecutiveleadership' | heading_core: 'testingmatrices' | fuzzy_score: 17.721518987341767
[DEBUG-NORM] TOC: 'SECTION IV. TESTING MATRICES' | heading_core: 'testingmatrices' | candidate: 'determine whether additional resources are necessary.' | candidate_core: 'eterminewhetheradditionalresourcesarenecessary'
[DEBUG] Topic: Control_Descriptions | i: 1293 | n: 1 | candidate: 'determine whether additional resources are necessary.' | candidate_core: 'eterminewhetheradditionalresourcesarenecessary' | heading_core: 'testingmatrices' | fuzzy_score: 32.786885245901644
[DEBUG-NORM] TOC: 'SECTION IV. TESTING MATRICES' | heading_core: 'testingmatrices' | candidate: 'determine whether additional resources are necessary. For a selection of months, inspected executive leadership' | candidate_core: 'eterminewhetheradditionalresourcesarenecessaryforaselectionofmonthsinspectedexecutiveleadership'
[DEBUG] Topic: Control_Descriptions | i: 1293 | n: 2 | candidate: 'determine whether additional resources are necessary. For a selection of months, inspected executive leadership' | candidate_core: 'eterminewhetheradditionalresourcesarenecessaryforaselectionofmonthsinspectedexecutiveleadership' | heading_core: 'testingmatrices' | fuzzy_score: 21.818181818181813
[DEBUG-NORM] TOC: 'SECTION IV. TESTING MATRICES' | heading_core: 'testingmatrices' | candidate: 'determine whether additional resources are necessary. For a selection of months, inspected executive leadership meeting invitations and agendas to verify whether they' | candidate_core: 'eterminewhetheradditionalresourcesarenecessaryforaselectionofmonthsinspectedexecutiveleadershipmeetinginvitationsandagendastoverifywhetherthey'
[DEBUG] Topic: Control_Descriptions | i: 1293 | n: 3 | candidate: 'determine whether additional resources are necessary. For a selection of months, inspected executive leadership meeting invitations and agendas to verify whether they' | candidate_core: 'eterminewhetheradditionalresourcesarenecessaryforaselectionofmonthsinspectedexecutiveleadershipmeetinginvitationsandagendastoverifywhetherthey' | heading_core: 'testingmatrices' | fuzzy_score: 15.286624203821653
[DEBUG-NORM] TOC: 'SECTION IV. TESTING MATRICES' | heading_core: 'testingmatrices' | candidate: 'For a selection of months, inspected executive leadership' | candidate_core: 'foraselectionofmonthsinspectedexecutiveleadership'
[DEBUG] Topic: Control_Descriptions | i: 1294 | n: 1 | candidate: 'For a selection of months, inspected executive leadership' | candidate_core: 'foraselectionofmonthsinspectedexecutiveleadership' | heading_core: 'testingmatrices' | fuzzy_score: 31.25
[DEBUG-NORM] TOC: 'SECTION IV. TESTING MATRICES' | heading_core: 'testingmatrices' | candidate: 'For a selection of months, inspected executive leadership meeting invitations and agendas to verify whether they' | candidate_core: 'foraselectionofmonthsinspectedexecutiveleadershipmeetinginvitationsandagendastoverifywhetherthey'
[DEBUG] Topic: Control_Descriptions | i: 1294 | n: 2 | candidate: 'For a selection of months, inspected executive leadership meeting invitations and agendas to verify whether they' | candidate_core: 'foraselectionofmonthsinspectedexecutiveleadershipmeetinginvitationsandagendastoverifywhetherthey' | heading_core: 'testingmatrices' | fuzzy_score: 21.62162162162162
[DEBUG-NORM] TOC: 'SECTION IV. TESTING MATRICES' | heading_core: 'testingmatrices' | candidate: 'For a selection of months, inspected executive leadership meeting invitations and agendas to verify whether they included discussions regarding human resources.' | candidate_core: 'foraselectionofmonthsinspectedexecutiveleadershipmeetinginvitationsandagendastoverifywhethertheyincludeddiscussionsregardinghumanresources'
[DEBUG] Topic: Control_Descriptions | i: 1294 | n: 3 | candidate: 'For a selection of months, inspected executive leadership meeting invitations and agendas to verify whether they included discussions regarding human resources.' | candidate_core: 'foraselectionofmonthsinspectedexecutiveleadershipmeetinginvitationsandagendastoverifywhethertheyincludeddiscussionsregardinghumanresources' | heading_core: 'testingmatrices' | fuzzy_score: 18.300653594771244
[DEBUG-NORM] TOC: 'SECTION IV. TESTING MATRICES' | heading_core: 'testingmatrices' | candidate: 'meeting invitations and agendas to verify whether they' | candidate_core: 'eetinginvitationsandagendastoverifywhetherthey'
[DEBUG] Topic: Control_Descriptions | i: 1295 | n: 1 | candidate: 'meeting invitations and agendas to verify whether they' | candidate_core: 'eetinginvitationsandagendastoverifywhetherthey' | heading_core: 'testingmatrices' | fuzzy_score: 32.786885245901644
[DEBUG-NORM] TOC: 'SECTION IV. TESTING MATRICES' | heading_core: 'testingmatrices' | candidate: 'meeting invitations and agendas to verify whether they included discussions regarding human resources.' | candidate_core: 'eetinginvitationsandagendastoverifywhethertheyincludeddiscussionsregardinghumanresources'
[DEBUG] Topic: Control_Descriptions | i: 1295 | n: 2 | candidate: 'meeting invitations and agendas to verify whether they included discussions regarding human resources.' | candidate_core: 'eetinginvitationsandagendastoverifywhethertheyincludeddiscussionsregardinghumanresources' | heading_core: 'testingmatrices' | fuzzy_score: 25.24271844660194
[DEBUG-NORM] TOC: 'SECTION IV. TESTING MATRICES' | heading_core: 'testingmatrices' | candidate: 'meeting invitations and agendas to verify whether they included discussions regarding human resources. No exceptions noted.' | candidate_core: 'eetinginvitationsandagendastoverifywhethertheyincludeddiscussionsregardinghumanresourcesnoexceptionsnoted'
[DEBUG] Topic: Control_Descriptions | i: 1295 | n: 3 | candidate: 'meeting invitations and agendas to verify whether they included discussions regarding human resources. No exceptions noted.' | candidate_core: 'eetinginvitationsandagendastoverifywhethertheyincludeddiscussionsregardinghumanresourcesnoexceptionsnoted' | heading_core: 'testingmatrices' | fuzzy_score: 21.666666666666668
[DEBUG-NORM] TOC: 'SECTION IV. TESTING MATRICES' | heading_core: 'testingmatrices' | candidate: 'included discussions regarding human resources.' | candidate_core: 'ncludeddiscussionsregardinghumanresources'
[DEBUG] Topic: Control_Descriptions | i: 1296 | n: 1 | candidate: 'included discussions regarding human resources.' | candidate_core: 'ncludeddiscussionsregardinghumanresources' | heading_core: 'testingmatrices' | fuzzy_score: 39.28571428571429
[DEBUG-NORM] TOC: 'SECTION IV. TESTING MATRICES' | heading_core: 'testingmatrices' | candidate: 'included discussions regarding human resources. No exceptions noted.' | candidate_core: 'ncludeddiscussionsregardinghumanresourcesnoexceptionsnoted'
[DEBUG] Topic: Control_Descriptions | i: 1296 | n: 2 | candidate: 'included discussions regarding human resources. No exceptions noted.' | candidate_core: 'ncludeddiscussionsregardinghumanresourcesnoexceptionsnoted' | heading_core: 'testingmatrices' | fuzzy_score: 30.136986301369863
[DEBUG-NORM] TOC: 'SECTION IV. TESTING MATRICES' | heading_core: 'testingmatrices' | candidate: 'included discussions regarding human resources. No exceptions noted. CC1.5 COSO Principle 5: The entity holds individuals accountable for their internal control responsibilities in the pursuit of objectives.' | candidate_core: 'ncludeddiscussionsregardinghumanresourcesnoexceptionsnotedcc15cosoprinciple5theentityholdsindividualsaccountablefortheirinternalcontrolresponsibilitiesinthepursuitofobjectives'
[DEBUG] Topic: Control_Descriptions | i: 1296 | n: 3 | candidate: 'included discussions regarding human resources. No exceptions noted. CC1.5 COSO Principle 5: The entity holds individuals accountable for their internal control responsibilities in the pursuit of objectives.' | candidate_core: 'ncludeddiscussionsregardinghumanresourcesnoexceptionsnotedcc15cosoprinciple5theentityholdsindividualsaccountablefortheirinternalcontrolresponsibilitiesinthepursuitofobjectives' | heading_core: 'testingmatrices' | fuzzy_score: 13.684210526315788
[DEBUG-NORM] TOC: 'SECTION IV. TESTING MATRICES' | heading_core: 'testingmatrices' | candidate: 'No exceptions noted.' | candidate_core: 'noexceptionsnoted'
[DEBUG] Topic: Control_Descriptions | i: 1297 | n: 1 | candidate: 'No exceptions noted.' | candidate_core: 'noexceptionsnoted' | heading_core: 'testingmatrices' | fuzzy_score: 37.5
[DEBUG-NORM] TOC: 'SECTION IV. TESTING MATRICES' | heading_core: 'testingmatrices' | candidate: 'No exceptions noted. CC1.5 COSO Principle 5: The entity holds individuals accountable for their internal control responsibilities in the pursuit of objectives.' | candidate_core: 'noexceptionsnotedcc15cosoprinciple5theentityholdsindividualsaccountablefortheirinternalcontrolresponsibilitiesinthepursuitofobjectives'
[DEBUG] Topic: Control_Descriptions | i: 1297 | n: 2 | candidate: 'No exceptions noted. CC1.5 COSO Principle 5: The entity holds individuals accountable for their internal control responsibilities in the pursuit of objectives.' | candidate_core: 'noexceptionsnotedcc15cosoprinciple5theentityholdsindividualsaccountablefortheirinternalcontrolresponsibilitiesinthepursuitofobjectives' | heading_core: 'testingmatrices' | fuzzy_score: 17.4496644295302
[DEBUG-NORM] TOC: 'SECTION IV. TESTING MATRICES' | heading_core: 'testingmatrices' | candidate: 'No exceptions noted. CC1.5 COSO Principle 5: The entity holds individuals accountable for their internal control responsibilities in the pursuit of objectives. CC1.5.1' | candidate_core: 'noexceptionsnotedcc15cosoprinciple5theentityholdsindividualsaccountablefortheirinternalcontrolresponsibilitiesinthepursuitofobjectivescc151'
[DEBUG] Topic: Control_Descriptions | i: 1297 | n: 3 | candidate: 'No exceptions noted. CC1.5 COSO Principle 5: The entity holds individuals accountable for their internal control responsibilities in the pursuit of objectives. CC1.5.1' | candidate_core: 'noexceptionsnotedcc15cosoprinciple5theentityholdsindividualsaccountablefortheirinternalcontrolresponsibilitiesinthepursuitofobjectivescc151' | heading_core: 'testingmatrices' | fuzzy_score: 16.883116883116877
[DEBUG-NORM] TOC: 'SECTION IV. TESTING MATRICES' | heading_core: 'testingmatrices' | candidate: 'CC1.5 COSO Principle 5: The entity holds individuals accountable for their internal control responsibilities in the pursuit of objectives.' | candidate_core: '5cosoprinciple5theentityholdsindividualsaccountablefortheirinternalcontrolresponsibilitiesinthepursuitofobjectives'
[DEBUG] Topic: Control_Descriptions | i: 1298 | n: 1 | candidate: 'CC1.5 COSO Principle 5: The entity holds individuals accountable for their internal control responsibilities in the pursuit of objectives.' | candidate_core: '5cosoprinciple5theentityholdsindividualsaccountablefortheirinternalcontrolresponsibilitiesinthepursuitofobjectives' | heading_core: 'testingmatrices' | fuzzy_score: 20.155038759689926
[DEBUG-NORM] TOC: 'SECTION IV. TESTING MATRICES' | heading_core: 'testingmatrices' | candidate: 'CC1.5 COSO Principle 5: The entity holds individuals accountable for their internal control responsibilities in the pursuit of objectives. CC1.5.1' | candidate_core: '5cosoprinciple5theentityholdsindividualsaccountablefortheirinternalcontrolresponsibilitiesinthepursuitofobjectivescc151'
[DEBUG] Topic: Control_Descriptions | i: 1298 | n: 2 | candidate: 'CC1.5 COSO Principle 5: The entity holds individuals accountable for their internal control responsibilities in the pursuit of objectives. CC1.5.1' | candidate_core: '5cosoprinciple5theentityholdsindividualsaccountablefortheirinternalcontrolresponsibilitiesinthepursuitofobjectivescc151' | heading_core: 'testingmatrices' | fuzzy_score: 19.402985074626866
[DEBUG-NORM] TOC: 'SECTION IV. TESTING MATRICES' | heading_core: 'testingmatrices' | candidate: 'CC1.5 COSO Principle 5: The entity holds individuals accountable for their internal control responsibilities in the pursuit of objectives. CC1.5.1 SimpleLegal maintains formalized performance' | candidate_core: '5cosoprinciple5theentityholdsindividualsaccountablefortheirinternalcontrolresponsibilitiesinthepursuitofobjectivescc151simplelegalmaintainsformalizedperformance'
[DEBUG] Topic: Control_Descriptions | i: 1298 | n: 3 | candidate: 'CC1.5 COSO Principle 5: The entity holds individuals accountable for their internal control responsibilities in the pursuit of objectives. CC1.5.1 SimpleLegal maintains formalized performance' | candidate_core: '5cosoprinciple5theentityholdsindividualsaccountablefortheirinternalcontrolresponsibilitiesinthepursuitofobjectivescc151simplelegalmaintainsformalizedperformance' | heading_core: 'testingmatrices' | fuzzy_score: 16.000000000000004
[DEBUG-NORM] TOC: 'SECTION IV. TESTING MATRICES' | heading_core: 'testingmatrices' | candidate: 'CC1.5.1' | candidate_core: '51'
[DEBUG] Topic: Control_Descriptions | i: 1299 | n: 1 | candidate: 'CC1.5.1' | candidate_core: '51' | heading_core: 'testingmatrices' | fuzzy_score: 0.0
[DEBUG-NORM] TOC: 'SECTION IV. TESTING MATRICES' | heading_core: 'testingmatrices' | candidate: 'CC1.5.1 SimpleLegal maintains formalized performance' | candidate_core: '51simplelegalmaintainsformalizedperformance'
[DEBUG] Topic: Control_Descriptions | i: 1299 | n: 2 | candidate: 'CC1.5.1 SimpleLegal maintains formalized performance' | candidate_core: '51simplelegalmaintainsformalizedperformance' | heading_core: 'testingmatrices' | fuzzy_score: 34.48275862068966
[DEBUG-NORM] TOC: 'SECTION IV. TESTING MATRICES' | heading_core: 'testingmatrices' | candidate: 'CC1.5.1 SimpleLegal maintains formalized performance expectations for each position and uses these' | candidate_core: '51simplelegalmaintainsformalizedperformanceexpectationsforeachpositionandusesthese'
[DEBUG] Topic: Control_Descriptions | i: 1299 | n: 3 | candidate: 'CC1.5.1 SimpleLegal maintains formalized performance expectations for each position and uses these' | candidate_core: '51simplelegalmaintainsformalizedperformanceexpectationsforeachpositionandusesthese' | heading_core: 'testingmatrices' | fuzzy_score: 22.680412371134018
[DEBUG-NORM] TOC: 'SECTION IV. TESTING MATRICES' | heading_core: 'testingmatrices' | candidate: 'SimpleLegal maintains formalized performance' | candidate_core: 'simplelegalmaintainsformalizedperformance'
[DEBUG] Topic: Control_Descriptions | i: 1300 | n: 1 | candidate: 'SimpleLegal maintains formalized performance' | candidate_core: 'simplelegalmaintainsformalizedperformance' | heading_core: 'testingmatrices' | fuzzy_score: 35.71428571428571
[DEBUG-NORM] TOC: 'SECTION IV. TESTING MATRICES' | heading_core: 'testingmatrices' | candidate: 'SimpleLegal maintains formalized performance expectations for each position and uses these' | candidate_core: 'simplelegalmaintainsformalizedperformanceexpectationsforeachpositionandusesthese'
[DEBUG] Topic: Control_Descriptions | i: 1300 | n: 2 | candidate: 'SimpleLegal maintains formalized performance expectations for each position and uses these' | candidate_core: 'simplelegalmaintainsformalizedperformanceexpectationsforeachpositionandusesthese' | heading_core: 'testingmatrices' | fuzzy_score: 23.15789473684211
[DEBUG-NORM] TOC: 'SECTION IV. TESTING MATRICES' | heading_core: 'testingmatrices' | candidate: 'SimpleLegal maintains formalized performance expectations for each position and uses these expectations as a basis for evaluating the performance' | candidate_core: 'simplelegalmaintainsformalizedperformanceexpectationsforeachpositionandusestheseexpectationsasabasisforevaluatingtheperformance'
[DEBUG] Topic: Control_Descriptions | i: 1300 | n: 3 | candidate: 'SimpleLegal maintains formalized performance expectations for each position and uses these expectations as a basis for evaluating the performance' | candidate_core: 'simplelegalmaintainsformalizedperformanceexpectationsforeachpositionandusestheseexpectationsasabasisforevaluatingtheperformance' | heading_core: 'testingmatrices' | fuzzy_score: 16.901408450704224
[DEBUG-NORM] TOC: 'SECTION IV. TESTING MATRICES' | heading_core: 'testingmatrices' | candidate: 'expectations for each position and uses these' | candidate_core: 'expectationsforeachpositionandusesthese'
[DEBUG] Topic: Control_Descriptions | i: 1301 | n: 1 | candidate: 'expectations for each position and uses these' | candidate_core: 'expectationsforeachpositionandusesthese' | heading_core: 'testingmatrices' | fuzzy_score: 37.03703703703704
[DEBUG-NORM] TOC: 'SECTION IV. TESTING MATRICES' | heading_core: 'testingmatrices' | candidate: 'expectations for each position and uses these expectations as a basis for evaluating the performance' | candidate_core: 'expectationsforeachpositionandusestheseexpectationsasabasisforevaluatingtheperformance'
[DEBUG] Topic: Control_Descriptions | i: 1301 | n: 2 | candidate: 'expectations for each position and uses these expectations as a basis for evaluating the performance' | candidate_core: 'expectationsforeachpositionandusestheseexpectationsasabasisforevaluatingtheperformance' | heading_core: 'testingmatrices' | fuzzy_score: 23.762376237623762
[DEBUG-NORM] TOC: 'SECTION IV. TESTING MATRICES' | heading_core: 'testingmatrices' | candidate: 'expectations for each position and uses these expectations as a basis for evaluating the performance of each of its employees. These performance' | candidate_core: 'expectationsforeachpositionandusestheseexpectationsasabasisforevaluatingtheperformanceofeachofitsemployeestheseperformance'
[DEBUG] Topic: Control_Descriptions | i: 1301 | n: 3 | candidate: 'expectations for each position and uses these expectations as a basis for evaluating the performance of each of its employees. These performance' | candidate_core: 'expectationsforeachpositionandusestheseexpectationsasabasisforevaluatingtheperformanceofeachofitsemployeestheseperformance' | heading_core: 'testingmatrices' | fuzzy_score: 18.97810218978102
[DEBUG-NORM] TOC: 'SECTION IV. TESTING MATRICES' | heading_core: 'testingmatrices' | candidate: 'expectations as a basis for evaluating the performance' | candidate_core: 'expectationsasabasisforevaluatingtheperformance'
[DEBUG] Topic: Control_Descriptions | i: 1302 | n: 1 | candidate: 'expectations as a basis for evaluating the performance' | candidate_core: 'expectationsasabasisforevaluatingtheperformance' | heading_core: 'testingmatrices' | fuzzy_score: 32.25806451612904
[DEBUG-NORM] TOC: 'SECTION IV. TESTING MATRICES' | heading_core: 'testingmatrices' | candidate: 'expectations as a basis for evaluating the performance of each of its employees. These performance' | candidate_core: 'expectationsasabasisforevaluatingtheperformanceofeachofitsemployeestheseperformance'
[DEBUG] Topic: Control_Descriptions | i: 1302 | n: 2 | candidate: 'expectations as a basis for evaluating the performance of each of its employees. These performance' | candidate_core: 'expectationsasabasisforevaluatingtheperformanceofeachofitsemployeestheseperformance' | heading_core: 'testingmatrices' | fuzzy_score: 24.489795918367353
[DEBUG-NORM] TOC: 'SECTION IV. TESTING MATRICES' | heading_core: 'testingmatrices' | candidate: 'expectations as a basis for evaluating the performance of each of its employees. These performance evaluations, which incorporate internal control' | candidate_core: 'expectationsasabasisforevaluatingtheperformanceofeachofitsemployeestheseperformanceevaluationswhichincorporateinternalcontrol'
[DEBUG] Topic: Control_Descriptions | i: 1302 | n: 3 | candidate: 'expectations as a basis for evaluating the performance of each of its employees. These performance evaluations, which incorporate internal control' | candidate_core: 'expectationsasabasisforevaluatingtheperformanceofeachofitsemployeestheseperformanceevaluationswhichincorporateinternalcontrol' | heading_core: 'testingmatrices' | fuzzy_score: 18.571428571428573
[DEBUG-NORM] TOC: 'SECTION IV. TESTING MATRICES' | heading_core: 'testingmatrices' | candidate: 'of each of its employees. These performance' | candidate_core: 'ofeachofitsemployeestheseperformance'
[DEBUG] Topic: Control_Descriptions | i: 1303 | n: 1 | candidate: 'of each of its employees. These performance' | candidate_core: 'ofeachofitsemployeestheseperformance' | heading_core: 'testingmatrices' | fuzzy_score: 31.372549019607842
[DEBUG-NORM] TOC: 'SECTION IV. TESTING MATRICES' | heading_core: 'testingmatrices' | candidate: 'of each of its employees. These performance evaluations, which incorporate internal control' | candidate_core: 'ofeachofitsemployeestheseperformanceevaluationswhichincorporateinternalcontrol'
[DEBUG] Topic: Control_Descriptions | i: 1303 | n: 2 | candidate: 'of each of its employees. These performance evaluations, which incorporate internal control' | candidate_core: 'ofeachofitsemployeestheseperformanceevaluationswhichincorporateinternalcontrol' | heading_core: 'testingmatrices' | fuzzy_score: 21.505376344086024
[DEBUG-NORM] TOC: 'SECTION IV. TESTING MATRICES' | heading_core: 'testingmatrices' | candidate: 'of each of its employees. These performance evaluations, which incorporate internal control responsibilities, are completed on an annual basis.' | candidate_core: 'ofeachofitsemployeestheseperformanceevaluationswhichincorporateinternalcontrolresponsibilitiesarecompletedonanannualbasis'
[DEBUG] Topic: Control_Descriptions | i: 1303 | n: 3 | candidate: 'of each of its employees. These performance evaluations, which incorporate internal control responsibilities, are completed on an annual basis.' | candidate_core: 'ofeachofitsemployeestheseperformanceevaluationswhichincorporateinternalcontrolresponsibilitiesarecompletedonanannualbasis' | heading_core: 'testingmatrices' | fuzzy_score: 19.11764705882353
[DEBUG-NORM] TOC: 'SECTION IV. TESTING MATRICES' | heading_core: 'testingmatrices' | candidate: 'evaluations, which incorporate internal control' | candidate_core: 'evaluationswhichincorporateinternalcontrol'
[DEBUG] Topic: Control_Descriptions | i: 1304 | n: 1 | candidate: 'evaluations, which incorporate internal control' | candidate_core: 'evaluationswhichincorporateinternalcontrol' | heading_core: 'testingmatrices' | fuzzy_score: 28.07017543859649
[DEBUG-NORM] TOC: 'SECTION IV. TESTING MATRICES' | heading_core: 'testingmatrices' | candidate: 'evaluations, which incorporate internal control responsibilities, are completed on an annual basis.' | candidate_core: 'evaluationswhichincorporateinternalcontrolresponsibilitiesarecompletedonanannualbasis'
[DEBUG] Topic: Control_Descriptions | i: 1304 | n: 2 | candidate: 'evaluations, which incorporate internal control responsibilities, are completed on an annual basis.' | candidate_core: 'evaluationswhichincorporateinternalcontrolresponsibilitiesarecompletedonanannualbasis' | heading_core: 'testingmatrices' | fuzzy_score: 24.0
[DEBUG-NORM] TOC: 'SECTION IV. TESTING MATRICES' | heading_core: 'testingmatrices' | candidate: 'evaluations, which incorporate internal control responsibilities, are completed on an annual basis. For a selection of active personnel during the period,' | candidate_core: 'evaluationswhichincorporateinternalcontrolresponsibilitiesarecompletedonanannualbasisforaselectionofactivepersonnelduringtheperiod'
[DEBUG] Topic: Control_Descriptions | i: 1304 | n: 3 | candidate: 'evaluations, which incorporate internal control responsibilities, are completed on an annual basis. For a selection of active personnel during the period,' | candidate_core: 'evaluationswhichincorporateinternalcontrolresponsibilitiesarecompletedonanannualbasisforaselectionofactivepersonnelduringtheperiod' | heading_core: 'testingmatrices' | fuzzy_score: 16.551724137931036
[DEBUG-NORM] TOC: 'SECTION IV. TESTING MATRICES' | heading_core: 'testingmatrices' | candidate: 'responsibilities, are completed on an annual basis.' | candidate_core: 'responsibilitiesarecompletedonanannualbasis'
[DEBUG] Topic: Control_Descriptions | i: 1305 | n: 1 | candidate: 'responsibilities, are completed on an annual basis.' | candidate_core: 'responsibilitiesarecompletedonanannualbasis' | heading_core: 'testingmatrices' | fuzzy_score: 31.034482758620683
[DEBUG-NORM] TOC: 'SECTION IV. TESTING MATRICES' | heading_core: 'testingmatrices' | candidate: 'responsibilities, are completed on an annual basis. For a selection of active personnel during the period,' | candidate_core: 'responsibilitiesarecompletedonanannualbasisforaselectionofactivepersonnelduringtheperiod'
[DEBUG] Topic: Control_Descriptions | i: 1305 | n: 2 | candidate: 'responsibilities, are completed on an annual basis. For a selection of active personnel during the period,' | candidate_core: 'responsibilitiesarecompletedonanannualbasisforaselectionofactivepersonnelduringtheperiod' | heading_core: 'testingmatrices' | fuzzy_score: 21.359223300970875
[DEBUG-NORM] TOC: 'SECTION IV. TESTING MATRICES' | heading_core: 'testingmatrices' | candidate: 'responsibilities, are completed on an annual basis. For a selection of active personnel during the period, inspected completed performance evaluations to verify' | candidate_core: 'responsibilitiesarecompletedonanannualbasisforaselectionofactivepersonnelduringtheperiodinspectedcompletedperformanceevaluationstoverify'
[DEBUG] Topic: Control_Descriptions | i: 1305 | n: 3 | candidate: 'responsibilities, are completed on an annual basis. For a selection of active personnel during the period, inspected completed performance evaluations to verify' | candidate_core: 'responsibilitiesarecompletedonanannualbasisforaselectionofactivepersonnelduringtheperiodinspectedcompletedperformanceevaluationstoverify' | heading_core: 'testingmatrices' | fuzzy_score: 17.218543046357617
[DEBUG-NORM] TOC: 'SECTION IV. TESTING MATRICES' | heading_core: 'testingmatrices' | candidate: 'For a selection of active personnel during the period,' | candidate_core: 'foraselectionofactivepersonnelduringtheperiod'
[DEBUG] Topic: Control_Descriptions | i: 1306 | n: 1 | candidate: 'For a selection of active personnel during the period,' | candidate_core: 'foraselectionofactivepersonnelduringtheperiod' | heading_core: 'testingmatrices' | fuzzy_score: 30.000000000000004
[DEBUG-NORM] TOC: 'SECTION IV. TESTING MATRICES' | heading_core: 'testingmatrices' | candidate: 'For a selection of active personnel during the period, inspected completed performance evaluations to verify' | candidate_core: 'foraselectionofactivepersonnelduringtheperiodinspectedcompletedperformanceevaluationstoverify'
[DEBUG] Topic: Control_Descriptions | i: 1306 | n: 2 | candidate: 'For a selection of active personnel during the period, inspected completed performance evaluations to verify' | candidate_core: 'foraselectionofactivepersonnelduringtheperiodinspectedcompletedperformanceevaluationstoverify' | heading_core: 'testingmatrices' | fuzzy_score: 22.22222222222222
[DEBUG-NORM] TOC: 'SECTION IV. TESTING MATRICES' | heading_core: 'testingmatrices' | candidate: 'For a selection of active personnel during the period, inspected completed performance evaluations to verify whether each individual received a formalized performance' | candidate_core: 'foraselectionofactivepersonnelduringtheperiodinspectedcompletedperformanceevaluationstoverifywhethereachindividualreceivedaformalizedperformance'
[DEBUG] Topic: Control_Descriptions | i: 1306 | n: 3 | candidate: 'For a selection of active personnel during the period, inspected completed performance evaluations to verify whether each individual received a formalized performance' | candidate_core: 'foraselectionofactivepersonnelduringtheperiodinspectedcompletedperformanceevaluationstoverifywhethereachindividualreceivedaformalizedperformance' | heading_core: 'testingmatrices' | fuzzy_score: 16.35220125786163
[DEBUG-NORM] TOC: 'SECTION IV. TESTING MATRICES' | heading_core: 'testingmatrices' | candidate: 'inspected completed performance evaluations to verify' | candidate_core: 'nspectedcompletedperformanceevaluationstoverify'
[DEBUG] Topic: Control_Descriptions | i: 1307 | n: 1 | candidate: 'inspected completed performance evaluations to verify' | candidate_core: 'nspectedcompletedperformanceevaluationstoverify' | heading_core: 'testingmatrices' | fuzzy_score: 25.806451612903224
[DEBUG-NORM] TOC: 'SECTION IV. TESTING MATRICES' | heading_core: 'testingmatrices' | candidate: 'inspected completed performance evaluations to verify whether each individual received a formalized performance' | candidate_core: 'nspectedcompletedperformanceevaluationstoverifywhethereachindividualreceivedaformalizedperformance'
[DEBUG] Topic: Control_Descriptions | i: 1307 | n: 2 | candidate: 'inspected completed performance evaluations to verify whether each individual received a formalized performance' | candidate_core: 'nspectedcompletedperformanceevaluationstoverifywhethereachindividualreceivedaformalizedperformance' | heading_core: 'testingmatrices' | fuzzy_score: 19.469026548672563
[DEBUG-NORM] TOC: 'SECTION IV. TESTING MATRICES' | heading_core: 'testingmatrices' | candidate: 'inspected completed performance evaluations to verify whether each individual received a formalized performance evaluation during the period which incorporated internal' | candidate_core: 'nspectedcompletedperformanceevaluationstoverifywhethereachindividualreceivedaformalizedperformanceevaluationduringtheperiodwhichincorporatedinternal'
[DEBUG] Topic: Control_Descriptions | i: 1307 | n: 3 | candidate: 'inspected completed performance evaluations to verify whether each individual received a formalized performance evaluation during the period which incorporated internal' | candidate_core: 'nspectedcompletedperformanceevaluationstoverifywhethereachindividualreceivedaformalizedperformanceevaluationduringtheperiodwhichincorporatedinternal' | heading_core: 'testingmatrices' | fuzzy_score: 15.95092024539877
[DEBUG-NORM] TOC: 'SECTION IV. TESTING MATRICES' | heading_core: 'testingmatrices' | candidate: 'whether each individual received a formalized performance' | candidate_core: 'whethereachindividualreceivedaformalizedperformance'
[DEBUG] Topic: Control_Descriptions | i: 1308 | n: 1 | candidate: 'whether each individual received a formalized performance' | candidate_core: 'whethereachindividualreceivedaformalizedperformance' | heading_core: 'testingmatrices' | fuzzy_score: 27.27272727272727
[DEBUG-NORM] TOC: 'SECTION IV. TESTING MATRICES' | heading_core: 'testingmatrices' | candidate: 'whether each individual received a formalized performance evaluation during the period which incorporated internal' | candidate_core: 'whethereachindividualreceivedaformalizedperformanceevaluationduringtheperiodwhichincorporatedinternal'
[DEBUG] Topic: Control_Descriptions | i: 1308 | n: 2 | candidate: 'whether each individual received a formalized performance evaluation during the period which incorporated internal' | candidate_core: 'whethereachindividualreceivedaformalizedperformanceevaluationduringtheperiodwhichincorporatedinternal' | heading_core: 'testingmatrices' | fuzzy_score: 18.965517241379317
[DEBUG-NORM] TOC: 'SECTION IV. TESTING MATRICES' | heading_core: 'testingmatrices' | candidate: 'whether each individual received a formalized performance evaluation during the period which incorporated internal control responsibilities.' | candidate_core: 'whethereachindividualreceivedaformalizedperformanceevaluationduringtheperiodwhichincorporatedinternalcontrolresponsibilities'
[DEBUG] Topic: Control_Descriptions | i: 1308 | n: 3 | candidate: 'whether each individual received a formalized performance evaluation during the period which incorporated internal control responsibilities.' | candidate_core: 'whethereachindividualreceivedaformalizedperformanceevaluationduringtheperiodwhichincorporatedinternalcontrolresponsibilities' | heading_core: 'testingmatrices' | fuzzy_score: 17.266187050359715
[DEBUG-NORM] TOC: 'SECTION IV. TESTING MATRICES' | heading_core: 'testingmatrices' | candidate: 'evaluation during the period which incorporated internal' | candidate_core: 'evaluationduringtheperiodwhichincorporatedinternal'
[DEBUG] Topic: Control_Descriptions | i: 1309 | n: 1 | candidate: 'evaluation during the period which incorporated internal' | candidate_core: 'evaluationduringtheperiodwhichincorporatedinternal' | heading_core: 'testingmatrices' | fuzzy_score: 30.76923076923077
[DEBUG-NORM] TOC: 'SECTION IV. TESTING MATRICES' | heading_core: 'testingmatrices' | candidate: 'evaluation during the period which incorporated internal control responsibilities.' | candidate_core: 'evaluationduringtheperiodwhichincorporatedinternalcontrolresponsibilities'
[DEBUG] Topic: Control_Descriptions | i: 1309 | n: 2 | candidate: 'evaluation during the period which incorporated internal control responsibilities.' | candidate_core: 'evaluationduringtheperiodwhichincorporatedinternalcontrolresponsibilities' | heading_core: 'testingmatrices' | fuzzy_score: 25.0
[DEBUG-NORM] TOC: 'SECTION IV. TESTING MATRICES' | heading_core: 'testingmatrices' | candidate: 'evaluation during the period which incorporated internal control responsibilities. No exceptions noted.' | candidate_core: 'evaluationduringtheperiodwhichincorporatedinternalcontrolresponsibilitiesnoexceptionsnoted'
[DEBUG] Topic: Control_Descriptions | i: 1309 | n: 3 | candidate: 'evaluation during the period which incorporated internal control responsibilities. No exceptions noted.' | candidate_core: 'evaluationduringtheperiodwhichincorporatedinternalcontrolresponsibilitiesnoexceptionsnoted' | heading_core: 'testingmatrices' | fuzzy_score: 22.857142857142854
[DEBUG-NORM] TOC: 'SECTION IV. TESTING MATRICES' | heading_core: 'testingmatrices' | candidate: 'control responsibilities.' | candidate_core: 'ontrolresponsibilities'
[DEBUG] Topic: Control_Descriptions | i: 1310 | n: 1 | candidate: 'control responsibilities.' | candidate_core: 'ontrolresponsibilities' | heading_core: 'testingmatrices' | fuzzy_score: 43.24324324324324
[DEBUG-NORM] TOC: 'SECTION IV. TESTING MATRICES' | heading_core: 'testingmatrices' | candidate: 'control responsibilities. No exceptions noted.' | candidate_core: 'ontrolresponsibilitiesnoexceptionsnoted'
[DEBUG] Topic: Control_Descriptions | i: 1310 | n: 2 | candidate: 'control responsibilities. No exceptions noted.' | candidate_core: 'ontrolresponsibilitiesnoexceptionsnoted' | heading_core: 'testingmatrices' | fuzzy_score: 33.333333333333336
[DEBUG-NORM] TOC: 'SECTION IV. TESTING MATRICES' | heading_core: 'testingmatrices' | candidate: 'control responsibilities. No exceptions noted. === PAGE 28 ===' | candidate_core: 'ontrolresponsibilitiesnoexceptionsnotedpage28'
[DEBUG] Topic: Control_Descriptions | i: 1310 | n: 3 | candidate: 'control responsibilities. No exceptions noted. === PAGE 28 ===' | candidate_core: 'ontrolresponsibilitiesnoexceptionsnotedpage28' | heading_core: 'testingmatrices' | fuzzy_score: 30.000000000000004
[DEBUG-NORM] TOC: 'SECTION IV. TESTING MATRICES' | heading_core: 'testingmatrices' | candidate: 'No exceptions noted.' | candidate_core: 'noexceptionsnoted'
[DEBUG] Topic: Control_Descriptions | i: 1311 | n: 1 | candidate: 'No exceptions noted.' | candidate_core: 'noexceptionsnoted' | heading_core: 'testingmatrices' | fuzzy_score: 37.5
[DEBUG-NORM] TOC: 'SECTION IV. TESTING MATRICES' | heading_core: 'testingmatrices' | candidate: 'No exceptions noted. === PAGE 28 ===' | candidate_core: 'noexceptionsnotedpage28'
[DEBUG] Topic: Control_Descriptions | i: 1311 | n: 2 | candidate: 'No exceptions noted. === PAGE 28 ===' | candidate_core: 'noexceptionsnotedpage28' | heading_core: 'testingmatrices' | fuzzy_score: 31.57894736842105
[DEBUG-NORM] TOC: 'SECTION IV. TESTING MATRICES' | heading_core: 'testingmatrices' | candidate: 'No exceptions noted. === PAGE 28 === ' | candidate_core: 'noexceptionsnotedpage28'
[DEBUG] Topic: Control_Descriptions | i: 1311 | n: 3 | candidate: 'No exceptions noted. === PAGE 28 === ' | candidate_core: 'noexceptionsnotedpage28' | heading_core: 'testingmatrices' | fuzzy_score: 31.57894736842105
[DEBUG-NORM] TOC: 'SECTION IV. TESTING MATRICES' | heading_core: 'testingmatrices' | candidate: '=== PAGE 28 ===' | candidate_core: 'page28'
[DEBUG] Topic: Control_Descriptions | i: 1312 | n: 1 | candidate: '=== PAGE 28 ===' | candidate_core: 'page28' | heading_core: 'testingmatrices' | fuzzy_score: 19.047619047619047
[DEBUG-NORM] TOC: 'SECTION IV. TESTING MATRICES' | heading_core: 'testingmatrices' | candidate: '=== PAGE 28 === ' | candidate_core: 'page28'
[DEBUG] Topic: Control_Descriptions | i: 1312 | n: 2 | candidate: '=== PAGE 28 === ' | candidate_core: 'page28' | heading_core: 'testingmatrices' | fuzzy_score: 19.047619047619047
[DEBUG-NORM] TOC: 'SECTION IV. TESTING MATRICES' | heading_core: 'testingmatrices' | candidate: '=== PAGE 28 ===  Control #' | candidate_core: 'page28control'
[DEBUG] Topic: Control_Descriptions | i: 1312 | n: 3 | candidate: '=== PAGE 28 ===  Control #' | candidate_core: 'page28control' | heading_core: 'testingmatrices' | fuzzy_score: 28.57142857142857
[DEBUG-NORM] TOC: 'SECTION IV. TESTING MATRICES' | heading_core: 'testingmatrices' | candidate: '' | candidate_core: ''
[DEBUG] Topic: Control_Descriptions | i: 1313 | n: 1 | candidate: '' | candidate_core: '' | heading_core: 'testingmatrices' | fuzzy_score: 0.0
[DEBUG-NORM] TOC: 'SECTION IV. TESTING MATRICES' | heading_core: 'testingmatrices' | candidate: ' Control #' | candidate_core: 'control'
[DEBUG] Topic: Control_Descriptions | i: 1313 | n: 2 | candidate: ' Control #' | candidate_core: 'control' | heading_core: 'testingmatrices' | fuzzy_score: 27.27272727272727
[DEBUG-NORM] TOC: 'SECTION IV. TESTING MATRICES' | heading_core: 'testingmatrices' | candidate: ' Control # Control Activity Specified by SimpleLegal' | candidate_core: 'controlcontrolactivityspecifiedbysimplelegal'
[DEBUG] Topic: Control_Descriptions | i: 1313 | n: 3 | candidate: ' Control # Control Activity Specified by SimpleLegal' | candidate_core: 'controlcontrolactivityspecifiedbysimplelegal' | heading_core: 'testingmatrices' | fuzzy_score: 27.118644067796616
[DEBUG-NORM] TOC: 'SECTION IV. TESTING MATRICES' | heading_core: 'testingmatrices' | candidate: 'Control #' | candidate_core: 'ontrol'
[DEBUG] Topic: Control_Descriptions | i: 1314 | n: 1 | candidate: 'Control #' | candidate_core: 'ontrol' | heading_core: 'testingmatrices' | fuzzy_score: 28.57142857142857
[DEBUG-NORM] TOC: 'SECTION IV. TESTING MATRICES' | heading_core: 'testingmatrices' | candidate: 'Control # Control Activity Specified by SimpleLegal' | candidate_core: 'ontrolcontrolactivityspecifiedbysimplelegal'
[DEBUG] Topic: Control_Descriptions | i: 1314 | n: 2 | candidate: 'Control # Control Activity Specified by SimpleLegal' | candidate_core: 'ontrolcontrolactivityspecifiedbysimplelegal' | heading_core: 'testingmatrices' | fuzzy_score: 27.586206896551722
[DEBUG-NORM] TOC: 'SECTION IV. TESTING MATRICES' | heading_core: 'testingmatrices' | candidate: 'Control # Control Activity Specified by SimpleLegal Boulay’s Test of Controls' | candidate_core: 'ontrolcontrolactivityspecifiedbysimplelegalboulaystestofcontrols'
[DEBUG] Topic: Control_Descriptions | i: 1314 | n: 3 | candidate: 'Control # Control Activity Specified by SimpleLegal Boulay’s Test of Controls' | candidate_core: 'ontrolcontrolactivityspecifiedbysimplelegalboulaystestofcontrols' | heading_core: 'testingmatrices' | fuzzy_score: 22.78481012658228
[DEBUG-NORM] TOC: 'SECTION IV. TESTING MATRICES' | heading_core: 'testingmatrices' | candidate: 'Control #' | candidate_core: 'ontrol'
[DEBUG] Topic: Control_Descriptions | i: 1315 | n: 1 | candidate: 'Control #' | candidate_core: 'ontrol' | heading_core: 'testingmatrices' | fuzzy_score: 28.57142857142857
[DEBUG-NORM] TOC: 'SECTION IV. TESTING MATRICES' | heading_core: 'testingmatrices' | candidate: 'Control # Control Activity Specified by SimpleLegal' | candidate_core: 'ontrolcontrolactivityspecifiedbysimplelegal'
[DEBUG] Topic: Control_Descriptions | i: 1315 | n: 2 | candidate: 'Control # Control Activity Specified by SimpleLegal' | candidate_core: 'ontrolcontrolactivityspecifiedbysimplelegal' | heading_core: 'testingmatrices' | fuzzy_score: 27.586206896551722
[DEBUG-NORM] TOC: 'SECTION IV. TESTING MATRICES' | heading_core: 'testingmatrices' | candidate: 'Control # Control Activity Specified by SimpleLegal Boulay’s Test of Controls' | candidate_core: 'ontrolcontrolactivityspecifiedbysimplelegalboulaystestofcontrols'
[DEBUG] Topic: Control_Descriptions | i: 1315 | n: 3 | candidate: 'Control # Control Activity Specified by SimpleLegal Boulay’s Test of Controls' | candidate_core: 'ontrolcontrolactivityspecifiedbysimplelegalboulaystestofcontrols' | heading_core: 'testingmatrices' | fuzzy_score: 22.78481012658228
[DEBUG-NORM] TOC: 'SECTION IV. TESTING MATRICES' | heading_core: 'testingmatrices' | candidate: 'Control Activity Specified by SimpleLegal' | candidate_core: 'ontrolactivityspecifiedbysimplelegal'
[DEBUG] Topic: Control_Descriptions | i: 1316 | n: 1 | candidate: 'Control Activity Specified by SimpleLegal' | candidate_core: 'ontrolactivityspecifiedbysimplelegal' | heading_core: 'testingmatrices' | fuzzy_score: 27.450980392156865
[DEBUG-NORM] TOC: 'SECTION IV. TESTING MATRICES' | heading_core: 'testingmatrices' | candidate: 'Control Activity Specified by SimpleLegal Boulay’s Test of Controls' | candidate_core: 'ontrolactivityspecifiedbysimplelegalboulaystestofcontrols'
[DEBUG] Topic: Control_Descriptions | i: 1316 | n: 2 | candidate: 'Control Activity Specified by SimpleLegal Boulay’s Test of Controls' | candidate_core: 'ontrolactivityspecifiedbysimplelegalboulaystestofcontrols' | heading_core: 'testingmatrices' | fuzzy_score: 25.0
[DEBUG-NORM] TOC: 'SECTION IV. TESTING MATRICES' | heading_core: 'testingmatrices' | candidate: 'Control Activity Specified by SimpleLegal Boulay’s Test of Controls Test Results' | candidate_core: 'ontrolactivityspecifiedbysimplelegalboulaystestofcontrolstestresults'
[DEBUG] Topic: Control_Descriptions | i: 1316 | n: 3 | candidate: 'Control Activity Specified by SimpleLegal Boulay’s Test of Controls Test Results' | candidate_core: 'ontrolactivityspecifiedbysimplelegalboulaystestofcontrolstestresults' | heading_core: 'testingmatrices' | fuzzy_score: 24.096385542168676
[DEBUG-NORM] TOC: 'SECTION IV. TESTING MATRICES' | heading_core: 'testingmatrices' | candidate: 'Boulay’s Test of Controls' | candidate_core: 'boulaystestofcontrols'
[DEBUG] Topic: Control_Descriptions | i: 1317 | n: 1 | candidate: 'Boulay’s Test of Controls' | candidate_core: 'boulaystestofcontrols' | heading_core: 'testingmatrices' | fuzzy_score: 44.44444444444444
[DEBUG-NORM] TOC: 'SECTION IV. TESTING MATRICES' | heading_core: 'testingmatrices' | candidate: 'Boulay’s Test of Controls Test Results' | candidate_core: 'boulaystestofcontrolstestresults'
[DEBUG] Topic: Control_Descriptions | i: 1317 | n: 2 | candidate: 'Boulay’s Test of Controls Test Results' | candidate_core: 'boulaystestofcontrolstestresults' | heading_core: 'testingmatrices' | fuzzy_score: 38.297872340425535
[DEBUG-NORM] TOC: 'SECTION IV. TESTING MATRICES' | heading_core: 'testingmatrices' | candidate: 'Boulay’s Test of Controls Test Results Communication and Information' | candidate_core: 'boulaystestofcontrolstestresultscommunicationandinformation'
[DEBUG] Topic: Control_Descriptions | i: 1317 | n: 3 | candidate: 'Boulay’s Test of Controls Test Results Communication and Information' | candidate_core: 'boulaystestofcontrolstestresultscommunicationandinformation' | heading_core: 'testingmatrices' | fuzzy_score: 27.027027027027028
[DEBUG-NORM] TOC: 'SECTION IV. TESTING MATRICES' | heading_core: 'testingmatrices' | candidate: 'Test Results' | candidate_core: 'testresults'
[DEBUG] Topic: Control_Descriptions | i: 1318 | n: 1 | candidate: 'Test Results' | candidate_core: 'testresults' | heading_core: 'testingmatrices' | fuzzy_score: 53.84615384615385
[DEBUG-NORM] TOC: 'SECTION IV. TESTING MATRICES' | heading_core: 'testingmatrices' | candidate: 'Test Results Communication and Information' | candidate_core: 'testresultscommunicationandinformation'
[DEBUG] Topic: Control_Descriptions | i: 1318 | n: 2 | candidate: 'Test Results Communication and Information' | candidate_core: 'testresultscommunicationandinformation' | heading_core: 'testingmatrices' | fuzzy_score: 37.735849056603776
[DEBUG-NORM] TOC: 'SECTION IV. TESTING MATRICES' | heading_core: 'testingmatrices' | candidate: 'Test Results Communication and Information CC2.1 COSO Principle 13: The entity obtains or generates and uses relevant, quality information to support the functioning of internal control.' | candidate_core: 'testresultscommunicationandinformationcc21cosoprinciple13theentityobtainsorgeneratesandusesrelevantqualityinformationtosupportthefunctioningofinternalcontrol'
[DEBUG] Topic: Control_Descriptions | i: 1318 | n: 3 | candidate: 'Test Results Communication and Information CC2.1 COSO Principle 13: The entity obtains or generates and uses relevant, quality information to support the functioning of internal control.' | candidate_core: 'testresultscommunicationandinformationcc21cosoprinciple13theentityobtainsorgeneratesandusesrelevantqualityinformationtosupportthefunctioningofinternalcontrol' | heading_core: 'testingmatrices' | fuzzy_score: 16.279069767441857
[DEBUG-NORM] TOC: 'SECTION IV. TESTING MATRICES' | heading_core: 'testingmatrices' | candidate: 'Communication and Information' | candidate_core: 'ommunicationandinformation'
[DEBUG] Topic: Control_Descriptions | i: 1319 | n: 1 | candidate: 'Communication and Information' | candidate_core: 'ommunicationandinformation' | heading_core: 'testingmatrices' | fuzzy_score: 34.14634146341463
[DEBUG-NORM] TOC: 'SECTION IV. TESTING MATRICES' | heading_core: 'testingmatrices' | candidate: 'Communication and Information CC2.1 COSO Principle 13: The entity obtains or generates and uses relevant, quality information to support the functioning of internal control.' | candidate_core: 'ommunicationandinformationcc21cosoprinciple13theentityobtainsorgeneratesandusesrelevantqualityinformationtosupportthefunctioningofinternalcontrol'
[DEBUG] Topic: Control_Descriptions | i: 1319 | n: 2 | candidate: 'Communication and Information CC2.1 COSO Principle 13: The entity obtains or generates and uses relevant, quality information to support the functioning of internal control.' | candidate_core: 'ommunicationandinformationcc21cosoprinciple13theentityobtainsorgeneratesandusesrelevantqualityinformationtosupportthefunctioningofinternalcontrol' | heading_core: 'testingmatrices' | fuzzy_score: 15.000000000000002
[DEBUG-NORM] TOC: 'SECTION IV. TESTING MATRICES' | heading_core: 'testingmatrices' | candidate: 'Communication and Information CC2.1 COSO Principle 13: The entity obtains or generates and uses relevant, quality information to support the functioning of internal control. CC2.1.1' | candidate_core: 'ommunicationandinformationcc21cosoprinciple13theentityobtainsorgeneratesandusesrelevantqualityinformationtosupportthefunctioningofinternalcontrolcc211'
[DEBUG] Topic: Control_Descriptions | i: 1319 | n: 3 | candidate: 'Communication and Information CC2.1 COSO Principle 13: The entity obtains or generates and uses relevant, quality information to support the functioning of internal control. CC2.1.1' | candidate_core: 'ommunicationandinformationcc21cosoprinciple13theentityobtainsorgeneratesandusesrelevantqualityinformationtosupportthefunctioningofinternalcontrolcc211' | heading_core: 'testingmatrices' | fuzzy_score: 14.54545454545455
[DEBUG-NORM] TOC: 'SECTION IV. TESTING MATRICES' | heading_core: 'testingmatrices' | candidate: 'CC2.1 COSO Principle 13: The entity obtains or generates and uses relevant, quality information to support the functioning of internal control.' | candidate_core: '1cosoprinciple13theentityobtainsorgeneratesandusesrelevantqualityinformationtosupportthefunctioningofinternalcontrol'
[DEBUG] Topic: Control_Descriptions | i: 1320 | n: 1 | candidate: 'CC2.1 COSO Principle 13: The entity obtains or generates and uses relevant, quality information to support the functioning of internal control.' | candidate_core: '1cosoprinciple13theentityobtainsorgeneratesandusesrelevantqualityinformationtosupportthefunctioningofinternalcontrol' | heading_core: 'testingmatrices' | fuzzy_score: 18.3206106870229
[DEBUG-NORM] TOC: 'SECTION IV. TESTING MATRICES' | heading_core: 'testingmatrices' | candidate: 'CC2.1 COSO Principle 13: The entity obtains or generates and uses relevant, quality information to support the functioning of internal control. CC2.1.1' | candidate_core: '1cosoprinciple13theentityobtainsorgeneratesandusesrelevantqualityinformationtosupportthefunctioningofinternalcontrolcc211'
[DEBUG] Topic: Control_Descriptions | i: 1320 | n: 2 | candidate: 'CC2.1 COSO Principle 13: The entity obtains or generates and uses relevant, quality information to support the functioning of internal control. CC2.1.1' | candidate_core: '1cosoprinciple13theentityobtainsorgeneratesandusesrelevantqualityinformationtosupportthefunctioningofinternalcontrolcc211' | heading_core: 'testingmatrices' | fuzzy_score: 17.647058823529417
[DEBUG-NORM] TOC: 'SECTION IV. TESTING MATRICES' | heading_core: 'testingmatrices' | candidate: 'CC2.1 COSO Principle 13: The entity obtains or generates and uses relevant, quality information to support the functioning of internal control. CC2.1.1 SimpleLegal’s mission-critical systems and sensitive' | candidate_core: '1cosoprinciple13theentityobtainsorgeneratesandusesrelevantqualityinformationtosupportthefunctioningofinternalcontrolcc211simplelegalsmissioncriticalsystemsandsensitive'
[DEBUG] Topic: Control_Descriptions | i: 1320 | n: 3 | candidate: 'CC2.1 COSO Principle 13: The entity obtains or generates and uses relevant, quality information to support the functioning of internal control. CC2.1.1 SimpleLegal’s mission-critical systems and sensitive' | candidate_core: '1cosoprinciple13theentityobtainsorgeneratesandusesrelevantqualityinformationtosupportthefunctioningofinternalcontrolcc211simplelegalsmissioncriticalsystemsandsensitive' | heading_core: 'testingmatrices' | fuzzy_score: 15.384615384615385
[DEBUG-NORM] TOC: 'SECTION IV. TESTING MATRICES' | heading_core: 'testingmatrices' | candidate: 'CC2.1.1' | candidate_core: '11'
[DEBUG] Topic: Control_Descriptions | i: 1321 | n: 1 | candidate: 'CC2.1.1' | candidate_core: '11' | heading_core: 'testingmatrices' | fuzzy_score: 0.0
[DEBUG-NORM] TOC: 'SECTION IV. TESTING MATRICES' | heading_core: 'testingmatrices' | candidate: 'CC2.1.1 SimpleLegal’s mission-critical systems and sensitive' | candidate_core: '11simplelegalsmissioncriticalsystemsandsensitive'
[DEBUG] Topic: Control_Descriptions | i: 1321 | n: 2 | candidate: 'CC2.1.1 SimpleLegal’s mission-critical systems and sensitive' | candidate_core: '11simplelegalsmissioncriticalsystemsandsensitive' | heading_core: 'testingmatrices' | fuzzy_score: 28.57142857142857
[DEBUG-NORM] TOC: 'SECTION IV. TESTING MATRICES' | heading_core: 'testingmatrices' | candidate: 'CC2.1.1 SimpleLegal’s mission-critical systems and sensitive information are identified as part of their asset inventory,' | candidate_core: '11simplelegalsmissioncriticalsystemsandsensitiveinformationareidentifiedaspartoftheirassetinventory'
[DEBUG] Topic: Control_Descriptions | i: 1321 | n: 3 | candidate: 'CC2.1.1 SimpleLegal’s mission-critical systems and sensitive information are identified as part of their asset inventory,' | candidate_core: '11simplelegalsmissioncriticalsystemsandsensitiveinformationareidentifiedaspartoftheirassetinventory' | heading_core: 'testingmatrices' | fuzzy_score: 22.807017543859654
[DEBUG-NORM] TOC: 'SECTION IV. TESTING MATRICES' | heading_core: 'testingmatrices' | candidate: 'SimpleLegal’s mission-critical systems and sensitive' | candidate_core: 'simplelegalsmissioncriticalsystemsandsensitive'
[DEBUG] Topic: Control_Descriptions | i: 1322 | n: 1 | candidate: 'SimpleLegal’s mission-critical systems and sensitive' | candidate_core: 'simplelegalsmissioncriticalsystemsandsensitive' | heading_core: 'testingmatrices' | fuzzy_score: 29.508196721311474
[DEBUG-NORM] TOC: 'SECTION IV. TESTING MATRICES' | heading_core: 'testingmatrices' | candidate: 'SimpleLegal’s mission-critical systems and sensitive information are identified as part of their asset inventory,' | candidate_core: 'simplelegalsmissioncriticalsystemsandsensitiveinformationareidentifiedaspartoftheirassetinventory'
[DEBUG] Topic: Control_Descriptions | i: 1322 | n: 2 | candidate: 'SimpleLegal’s mission-critical systems and sensitive information are identified as part of their asset inventory,' | candidate_core: 'simplelegalsmissioncriticalsystemsandsensitiveinformationareidentifiedaspartoftheirassetinventory' | heading_core: 'testingmatrices' | fuzzy_score: 23.214285714285708
[DEBUG-NORM] TOC: 'SECTION IV. TESTING MATRICES' | heading_core: 'testingmatrices' | candidate: 'SimpleLegal’s mission-critical systems and sensitive information are identified as part of their asset inventory, which includes capturing internal and external sources of' | candidate_core: 'simplelegalsmissioncriticalsystemsandsensitiveinformationareidentifiedaspartoftheirassetinventorywhichincludescapturinginternalandexternalsourcesof'
[DEBUG] Topic: Control_Descriptions | i: 1322 | n: 3 | candidate: 'SimpleLegal’s mission-critical systems and sensitive information are identified as part of their asset inventory, which includes capturing internal and external sources of' | candidate_core: 'simplelegalsmissioncriticalsystemsandsensitiveinformationareidentifiedaspartoftheirassetinventorywhichincludescapturinginternalandexternalsourcesof' | heading_core: 'testingmatrices' | fuzzy_score: 17.28395061728395
[DEBUG-NORM] TOC: 'SECTION IV. TESTING MATRICES' | heading_core: 'testingmatrices' | candidate: 'information are identified as part of their asset inventory,' | candidate_core: 'nformationareidentifiedaspartoftheirassetinventory'
[DEBUG] Topic: Control_Descriptions | i: 1323 | n: 1 | candidate: 'information are identified as part of their asset inventory,' | candidate_core: 'nformationareidentifiedaspartoftheirassetinventory' | heading_core: 'testingmatrices' | fuzzy_score: 27.692307692307693
[DEBUG-NORM] TOC: 'SECTION IV. TESTING MATRICES' | heading_core: 'testingmatrices' | candidate: 'information are identified as part of their asset inventory, which includes capturing internal and external sources of' | candidate_core: 'nformationareidentifiedaspartoftheirassetinventorywhichincludescapturinginternalandexternalsourcesof'
[DEBUG] Topic: Control_Descriptions | i: 1323 | n: 2 | candidate: 'information are identified as part of their asset inventory, which includes capturing internal and external sources of' | candidate_core: 'nformationareidentifiedaspartoftheirassetinventorywhichincludescapturinginternalandexternalsourcesof' | heading_core: 'testingmatrices' | fuzzy_score: 22.608695652173914
[DEBUG-NORM] TOC: 'SECTION IV. TESTING MATRICES' | heading_core: 'testingmatrices' | candidate: 'information are identified as part of their asset inventory, which includes capturing internal and external sources of data.' | candidate_core: 'nformationareidentifiedaspartoftheirassetinventorywhichincludescapturinginternalandexternalsourcesofdata'
[DEBUG] Topic: Control_Descriptions | i: 1323 | n: 3 | candidate: 'information are identified as part of their asset inventory, which includes capturing internal and external sources of data.' | candidate_core: 'nformationareidentifiedaspartoftheirassetinventorywhichincludescapturinginternalandexternalsourcesofdata' | heading_core: 'testingmatrices' | fuzzy_score: 21.84873949579832
[DEBUG-NORM] TOC: 'SECTION IV. TESTING MATRICES' | heading_core: 'testingmatrices' | candidate: 'which includes capturing internal and external sources of' | candidate_core: 'whichincludescapturinginternalandexternalsourcesof'
[DEBUG] Topic: Control_Descriptions | i: 1324 | n: 1 | candidate: 'which includes capturing internal and external sources of' | candidate_core: 'whichincludescapturinginternalandexternalsourcesof' | heading_core: 'testingmatrices' | fuzzy_score: 36.92307692307693
[DEBUG-NORM] TOC: 'SECTION IV. TESTING MATRICES' | heading_core: 'testingmatrices' | candidate: 'which includes capturing internal and external sources of data.' | candidate_core: 'whichincludescapturinginternalandexternalsourcesofdata'
[DEBUG] Topic: Control_Descriptions | i: 1324 | n: 2 | candidate: 'which includes capturing internal and external sources of data.' | candidate_core: 'whichincludescapturinginternalandexternalsourcesofdata' | heading_core: 'testingmatrices' | fuzzy_score: 34.78260869565217
[DEBUG-NORM] TOC: 'SECTION IV. TESTING MATRICES' | heading_core: 'testingmatrices' | candidate: 'which includes capturing internal and external sources of data. Inspected the AWS dashboard and Jamf inventory report to' | candidate_core: 'whichincludescapturinginternalandexternalsourcesofdatainspectedtheawsdashboardandjamfinventoryreportto'
[DEBUG] Topic: Control_Descriptions | i: 1324 | n: 3 | candidate: 'which includes capturing internal and external sources of data. Inspected the AWS dashboard and Jamf inventory report to' | candidate_core: 'whichincludescapturinginternalandexternalsourcesofdatainspectedtheawsdashboardandjamfinventoryreportto' | heading_core: 'testingmatrices' | fuzzy_score: 22.22222222222222
[DEBUG-NORM] TOC: 'SECTION IV. TESTING MATRICES' | heading_core: 'testingmatrices' | candidate: 'data.' | candidate_core: 'ata'
[DEBUG] Topic: Control_Descriptions | i: 1325 | n: 1 | candidate: 'data.' | candidate_core: 'ata' | heading_core: 'testingmatrices' | fuzzy_score: 22.22222222222222
[DEBUG-NORM] TOC: 'SECTION IV. TESTING MATRICES' | heading_core: 'testingmatrices' | candidate: 'data. Inspected the AWS dashboard and Jamf inventory report to' | candidate_core: 'atainspectedtheawsdashboardandjamfinventoryreportto'
[DEBUG] Topic: Control_Descriptions | i: 1325 | n: 2 | candidate: 'data. Inspected the AWS dashboard and Jamf inventory report to' | candidate_core: 'atainspectedtheawsdashboardandjamfinventoryreportto' | heading_core: 'testingmatrices' | fuzzy_score: 24.242424242424242
[DEBUG-NORM] TOC: 'SECTION IV. TESTING MATRICES' | heading_core: 'testingmatrices' | candidate: 'data. Inspected the AWS dashboard and Jamf inventory report to verify whether SimpleLegal had identified its mission-critical' | candidate_core: 'atainspectedtheawsdashboardandjamfinventoryreporttoverifywhethersimplelegalhadidentifieditsmissioncritical'
[DEBUG] Topic: Control_Descriptions | i: 1325 | n: 3 | candidate: 'data. Inspected the AWS dashboard and Jamf inventory report to verify whether SimpleLegal had identified its mission-critical' | candidate_core: 'atainspectedtheawsdashboardandjamfinventoryreporttoverifywhethersimplelegalhadidentifieditsmissioncritical' | heading_core: 'testingmatrices' | fuzzy_score: 18.181818181818176
[DEBUG-NORM] TOC: 'SECTION IV. TESTING MATRICES' | heading_core: 'testingmatrices' | candidate: 'Inspected the AWS dashboard and Jamf inventory report to' | candidate_core: 'nspectedtheawsdashboardandjamfinventoryreportto'
[DEBUG] Topic: Control_Descriptions | i: 1326 | n: 1 | candidate: 'Inspected the AWS dashboard and Jamf inventory report to' | candidate_core: 'nspectedtheawsdashboardandjamfinventoryreportto' | heading_core: 'testingmatrices' | fuzzy_score: 25.806451612903224
[DEBUG-NORM] TOC: 'SECTION IV. TESTING MATRICES' | heading_core: 'testingmatrices' | candidate: 'Inspected the AWS dashboard and Jamf inventory report to verify whether SimpleLegal had identified its mission-critical' | candidate_core: 'nspectedtheawsdashboardandjamfinventoryreporttoverifywhethersimplelegalhadidentifieditsmissioncritical'
[DEBUG] Topic: Control_Descriptions | i: 1326 | n: 2 | candidate: 'Inspected the AWS dashboard and Jamf inventory report to verify whether SimpleLegal had identified its mission-critical' | candidate_core: 'nspectedtheawsdashboardandjamfinventoryreporttoverifywhethersimplelegalhadidentifieditsmissioncritical' | heading_core: 'testingmatrices' | fuzzy_score: 18.803418803418804
[DEBUG-NORM] TOC: 'SECTION IV. TESTING MATRICES' | heading_core: 'testingmatrices' | candidate: 'Inspected the AWS dashboard and Jamf inventory report to verify whether SimpleLegal had identified its mission-critical systems and sources of sensitive information.' | candidate_core: 'nspectedtheawsdashboardandjamfinventoryreporttoverifywhethersimplelegalhadidentifieditsmissioncriticalsystemsandsourcesofsensitiveinformation'
[DEBUG] Topic: Control_Descriptions | i: 1326 | n: 3 | candidate: 'Inspected the AWS dashboard and Jamf inventory report to verify whether SimpleLegal had identified its mission-critical systems and sources of sensitive information.' | candidate_core: 'nspectedtheawsdashboardandjamfinventoryreporttoverifywhethersimplelegalhadidentifieditsmissioncriticalsystemsandsourcesofsensitiveinformation' | heading_core: 'testingmatrices' | fuzzy_score: 16.666666666666664
[DEBUG-NORM] TOC: 'SECTION IV. TESTING MATRICES' | heading_core: 'testingmatrices' | candidate: 'verify whether SimpleLegal had identified its mission-critical' | candidate_core: 'erifywhethersimplelegalhadidentifieditsmissioncritical'
[DEBUG] Topic: Control_Descriptions | i: 1327 | n: 1 | candidate: 'verify whether SimpleLegal had identified its mission-critical' | candidate_core: 'erifywhethersimplelegalhadidentifieditsmissioncritical' | heading_core: 'testingmatrices' | fuzzy_score: 28.985507246376805
[DEBUG-NORM] TOC: 'SECTION IV. TESTING MATRICES' | heading_core: 'testingmatrices' | candidate: 'verify whether SimpleLegal had identified its mission-critical systems and sources of sensitive information.' | candidate_core: 'erifywhethersimplelegalhadidentifieditsmissioncriticalsystemsandsourcesofsensitiveinformation'
[DEBUG] Topic: Control_Descriptions | i: 1327 | n: 2 | candidate: 'verify whether SimpleLegal had identified its mission-critical systems and sources of sensitive information.' | candidate_core: 'erifywhethersimplelegalhadidentifieditsmissioncriticalsystemsandsourcesofsensitiveinformation' | heading_core: 'testingmatrices' | fuzzy_score: 22.22222222222222
[DEBUG-NORM] TOC: 'SECTION IV. TESTING MATRICES' | heading_core: 'testingmatrices' | candidate: 'verify whether SimpleLegal had identified its mission-critical systems and sources of sensitive information. No exceptions noted.' | candidate_core: 'erifywhethersimplelegalhadidentifieditsmissioncriticalsystemsandsourcesofsensitiveinformationnoexceptionsnoted'
[DEBUG] Topic: Control_Descriptions | i: 1327 | n: 3 | candidate: 'verify whether SimpleLegal had identified its mission-critical systems and sources of sensitive information. No exceptions noted.' | candidate_core: 'erifywhethersimplelegalhadidentifieditsmissioncriticalsystemsandsourcesofsensitiveinformationnoexceptionsnoted' | heading_core: 'testingmatrices' | fuzzy_score: 22.4
[DEBUG-NORM] TOC: 'SECTION IV. TESTING MATRICES' | heading_core: 'testingmatrices' | candidate: 'systems and sources of sensitive information.' | candidate_core: 'systemsandsourcesofsensitiveinformation'
[DEBUG] Topic: Control_Descriptions | i: 1328 | n: 1 | candidate: 'systems and sources of sensitive information.' | candidate_core: 'systemsandsourcesofsensitiveinformation' | heading_core: 'testingmatrices' | fuzzy_score: 37.03703703703704
[DEBUG-NORM] TOC: 'SECTION IV. TESTING MATRICES' | heading_core: 'testingmatrices' | candidate: 'systems and sources of sensitive information. No exceptions noted.' | candidate_core: 'systemsandsourcesofsensitiveinformationnoexceptionsnoted'
[DEBUG] Topic: Control_Descriptions | i: 1328 | n: 2 | candidate: 'systems and sources of sensitive information. No exceptions noted.' | candidate_core: 'systemsandsourcesofsensitiveinformationnoexceptionsnoted' | heading_core: 'testingmatrices' | fuzzy_score: 36.61971830985915
[DEBUG-NORM] TOC: 'SECTION IV. TESTING MATRICES' | heading_core: 'testingmatrices' | candidate: 'systems and sources of sensitive information. No exceptions noted. CC2.1.2' | candidate_core: 'systemsandsourcesofsensitiveinformationnoexceptionsnotedcc212'
[DEBUG] Topic: Control_Descriptions | i: 1328 | n: 3 | candidate: 'systems and sources of sensitive information. No exceptions noted. CC2.1.2' | candidate_core: 'systemsandsourcesofsensitiveinformationnoexceptionsnotedcc212' | heading_core: 'testingmatrices' | fuzzy_score: 34.210526315789465
[DEBUG-NORM] TOC: 'SECTION IV. TESTING MATRICES' | heading_core: 'testingmatrices' | candidate: 'No exceptions noted.' | candidate_core: 'noexceptionsnoted'
[DEBUG] Topic: Control_Descriptions | i: 1329 | n: 1 | candidate: 'No exceptions noted.' | candidate_core: 'noexceptionsnoted' | heading_core: 'testingmatrices' | fuzzy_score: 37.5
[DEBUG-NORM] TOC: 'SECTION IV. TESTING MATRICES' | heading_core: 'testingmatrices' | candidate: 'No exceptions noted. CC2.1.2' | candidate_core: 'noexceptionsnotedcc212'
[DEBUG] Topic: Control_Descriptions | i: 1329 | n: 2 | candidate: 'No exceptions noted. CC2.1.2' | candidate_core: 'noexceptionsnotedcc212' | heading_core: 'testingmatrices' | fuzzy_score: 32.432432432432435
[DEBUG-NORM] TOC: 'SECTION IV. TESTING MATRICES' | heading_core: 'testingmatrices' | candidate: 'No exceptions noted. CC2.1.2 SimpleLegal maintains an updated cloud architecture' | candidate_core: 'noexceptionsnotedcc212simplelegalmaintainsanupdatedcloudarchitecture'
[DEBUG] Topic: Control_Descriptions | i: 1329 | n: 3 | candidate: 'No exceptions noted. CC2.1.2 SimpleLegal maintains an updated cloud architecture' | candidate_core: 'noexceptionsnotedcc212simplelegalmaintainsanupdatedcloudarchitecture' | heading_core: 'testingmatrices' | fuzzy_score: 28.915662650602414
[DEBUG-NORM] TOC: 'SECTION IV. TESTING MATRICES' | heading_core: 'testingmatrices' | candidate: 'CC2.1.2' | candidate_core: '12'
[DEBUG] Topic: Control_Descriptions | i: 1330 | n: 1 | candidate: 'CC2.1.2' | candidate_core: '12' | heading_core: 'testingmatrices' | fuzzy_score: 0.0
[DEBUG-NORM] TOC: 'SECTION IV. TESTING MATRICES' | heading_core: 'testingmatrices' | candidate: 'CC2.1.2 SimpleLegal maintains an updated cloud architecture' | candidate_core: '12simplelegalmaintainsanupdatedcloudarchitecture'
[DEBUG] Topic: Control_Descriptions | i: 1330 | n: 2 | candidate: 'CC2.1.2 SimpleLegal maintains an updated cloud architecture' | candidate_core: '12simplelegalmaintainsanupdatedcloudarchitecture' | heading_core: 'testingmatrices' | fuzzy_score: 31.746031746031743
[DEBUG-NORM] TOC: 'SECTION IV. TESTING MATRICES' | heading_core: 'testingmatrices' | candidate: 'CC2.1.2 SimpleLegal maintains an updated cloud architecture diagram outlining how data is processed and secured' | candidate_core: '12simplelegalmaintainsanupdatedcloudarchitecturediagramoutlininghowdataisprocessedandsecured'
[DEBUG] Topic: Control_Descriptions | i: 1330 | n: 3 | candidate: 'CC2.1.2 SimpleLegal maintains an updated cloud architecture diagram outlining how data is processed and secured' | candidate_core: '12simplelegalmaintainsanupdatedcloudarchitecturediagramoutlininghowdataisprocessedandsecured' | heading_core: 'testingmatrices' | fuzzy_score: 22.429906542056077
[DEBUG-NORM] TOC: 'SECTION IV. TESTING MATRICES' | heading_core: 'testingmatrices' | candidate: 'SimpleLegal maintains an updated cloud architecture' | candidate_core: 'simplelegalmaintainsanupdatedcloudarchitecture'
[DEBUG] Topic: Control_Descriptions | i: 1331 | n: 1 | candidate: 'SimpleLegal maintains an updated cloud architecture' | candidate_core: 'simplelegalmaintainsanupdatedcloudarchitecture' | heading_core: 'testingmatrices' | fuzzy_score: 32.786885245901644
[DEBUG-NORM] TOC: 'SECTION IV. TESTING MATRICES' | heading_core: 'testingmatrices' | candidate: 'SimpleLegal maintains an updated cloud architecture diagram outlining how data is processed and secured' | candidate_core: 'simplelegalmaintainsanupdatedcloudarchitecturediagramoutlininghowdataisprocessedandsecured'
[DEBUG] Topic: Control_Descriptions | i: 1331 | n: 2 | candidate: 'SimpleLegal maintains an updated cloud architecture diagram outlining how data is processed and secured' | candidate_core: 'simplelegalmaintainsanupdatedcloudarchitecturediagramoutlininghowdataisprocessedandsecured' | heading_core: 'testingmatrices' | fuzzy_score: 22.857142857142854
[DEBUG-NORM] TOC: 'SECTION IV. TESTING MATRICES' | heading_core: 'testingmatrices' | candidate: 'SimpleLegal maintains an updated cloud architecture diagram outlining how data is processed and secured within AWS.' | candidate_core: 'simplelegalmaintainsanupdatedcloudarchitecturediagramoutlininghowdataisprocessedandsecuredwithinaws'
[DEBUG] Topic: Control_Descriptions | i: 1331 | n: 3 | candidate: 'SimpleLegal maintains an updated cloud architecture diagram outlining how data is processed and secured within AWS.' | candidate_core: 'simplelegalmaintainsanupdatedcloudarchitecturediagramoutlininghowdataisprocessedandsecuredwithinaws' | heading_core: 'testingmatrices' | fuzzy_score: 21.052631578947366
[DEBUG-NORM] TOC: 'SECTION IV. TESTING MATRICES' | heading_core: 'testingmatrices' | candidate: 'diagram outlining how data is processed and secured' | candidate_core: 'agramoutlininghowdataisprocessedandsecured'
[DEBUG] Topic: Control_Descriptions | i: 1332 | n: 1 | candidate: 'diagram outlining how data is processed and secured' | candidate_core: 'agramoutlininghowdataisprocessedandsecured' | heading_core: 'testingmatrices' | fuzzy_score: 35.08771929824561
[DEBUG-NORM] TOC: 'SECTION IV. TESTING MATRICES' | heading_core: 'testingmatrices' | candidate: 'diagram outlining how data is processed and secured within AWS.' | candidate_core: 'agramoutlininghowdataisprocessedandsecuredwithinaws'
[DEBUG] Topic: Control_Descriptions | i: 1332 | n: 2 | candidate: 'diagram outlining how data is processed and secured within AWS.' | candidate_core: 'agramoutlininghowdataisprocessedandsecuredwithinaws' | heading_core: 'testingmatrices' | fuzzy_score: 30.303030303030297
[DEBUG-NORM] TOC: 'SECTION IV. TESTING MATRICES' | heading_core: 'testingmatrices' | candidate: 'diagram outlining how data is processed and secured within AWS. Inspected SimpleLegal's cloud architecture diagrams to' | candidate_core: 'agramoutlininghowdataisprocessedandsecuredwithinawsinspectedsimplelegalscloudarchitecturediagramsto'
[DEBUG] Topic: Control_Descriptions | i: 1332 | n: 3 | candidate: 'diagram outlining how data is processed and secured within AWS. Inspected SimpleLegal's cloud architecture diagrams to' | candidate_core: 'agramoutlininghowdataisprocessedandsecuredwithinawsinspectedsimplelegalscloudarchitecturediagramsto' | heading_core: 'testingmatrices' | fuzzy_score: 22.807017543859654
[DEBUG-NORM] TOC: 'SECTION IV. TESTING MATRICES' | heading_core: 'testingmatrices' | candidate: 'within AWS.' | candidate_core: 'withinaws'
[DEBUG] Topic: Control_Descriptions | i: 1333 | n: 1 | candidate: 'within AWS.' | candidate_core: 'withinaws' | heading_core: 'testingmatrices' | fuzzy_score: 41.666666666666664
[DEBUG-NORM] TOC: 'SECTION IV. TESTING MATRICES' | heading_core: 'testingmatrices' | candidate: 'within AWS. Inspected SimpleLegal's cloud architecture diagrams to' | candidate_core: 'withinawsinspectedsimplelegalscloudarchitecturediagramsto'
[DEBUG] Topic: Control_Descriptions | i: 1333 | n: 2 | candidate: 'within AWS. Inspected SimpleLegal's cloud architecture diagrams to' | candidate_core: 'withinawsinspectedsimplelegalscloudarchitecturediagramsto' | heading_core: 'testingmatrices' | fuzzy_score: 30.555555555555557
[DEBUG-NORM] TOC: 'SECTION IV. TESTING MATRICES' | heading_core: 'testingmatrices' | candidate: 'within AWS. Inspected SimpleLegal's cloud architecture diagrams to verify whether they provided a comprehensive illustration of' | candidate_core: 'withinawsinspectedsimplelegalscloudarchitecturediagramstoverifywhethertheyprovidedacomprehensiveillustrationof'
[DEBUG] Topic: Control_Descriptions | i: 1333 | n: 3 | candidate: 'within AWS. Inspected SimpleLegal's cloud architecture diagrams to verify whether they provided a comprehensive illustration of' | candidate_core: 'withinawsinspectedsimplelegalscloudarchitecturediagramstoverifywhethertheyprovidedacomprehensiveillustrationof' | heading_core: 'testingmatrices' | fuzzy_score: 20.799999999999997
[DEBUG-NORM] TOC: 'SECTION IV. TESTING MATRICES' | heading_core: 'testingmatrices' | candidate: 'Inspected SimpleLegal's cloud architecture diagrams to' | candidate_core: 'nspectedsimplelegalscloudarchitecturediagramsto'
[DEBUG] Topic: Control_Descriptions | i: 1334 | n: 1 | candidate: 'Inspected SimpleLegal's cloud architecture diagrams to' | candidate_core: 'nspectedsimplelegalscloudarchitecturediagramsto' | heading_core: 'testingmatrices' | fuzzy_score: 35.483870967741936
[DEBUG-NORM] TOC: 'SECTION IV. TESTING MATRICES' | heading_core: 'testingmatrices' | candidate: 'Inspected SimpleLegal's cloud architecture diagrams to verify whether they provided a comprehensive illustration of' | candidate_core: 'nspectedsimplelegalscloudarchitecturediagramstoverifywhethertheyprovidedacomprehensiveillustrationof'
[DEBUG] Topic: Control_Descriptions | i: 1334 | n: 2 | candidate: 'Inspected SimpleLegal's cloud architecture diagrams to verify whether they provided a comprehensive illustration of' | candidate_core: 'nspectedsimplelegalscloudarchitecturediagramstoverifywhethertheyprovidedacomprehensiveillustrationof' | heading_core: 'testingmatrices' | fuzzy_score: 22.608695652173914
[DEBUG-NORM] TOC: 'SECTION IV. TESTING MATRICES' | heading_core: 'testingmatrices' | candidate: 'Inspected SimpleLegal's cloud architecture diagrams to verify whether they provided a comprehensive illustration of the AWS architecture and how data is processed and' | candidate_core: 'nspectedsimplelegalscloudarchitecturediagramstoverifywhethertheyprovidedacomprehensiveillustrationoftheawsarchitectureandhowdataisprocessedand'
[DEBUG] Topic: Control_Descriptions | i: 1334 | n: 3 | candidate: 'Inspected SimpleLegal's cloud architecture diagrams to verify whether they provided a comprehensive illustration of the AWS architecture and how data is processed and' | candidate_core: 'nspectedsimplelegalscloudarchitecturediagramstoverifywhethertheyprovidedacomprehensiveillustrationoftheawsarchitectureandhowdataisprocessedand' | heading_core: 'testingmatrices' | fuzzy_score: 17.834394904458595
[DEBUG-NORM] TOC: 'SECTION IV. TESTING MATRICES' | heading_core: 'testingmatrices' | candidate: 'verify whether they provided a comprehensive illustration of' | candidate_core: 'erifywhethertheyprovidedacomprehensiveillustrationof'
[DEBUG] Topic: Control_Descriptions | i: 1335 | n: 1 | candidate: 'verify whether they provided a comprehensive illustration of' | candidate_core: 'erifywhethertheyprovidedacomprehensiveillustrationof' | heading_core: 'testingmatrices' | fuzzy_score: 26.865671641791046
[DEBUG-NORM] TOC: 'SECTION IV. TESTING MATRICES' | heading_core: 'testingmatrices' | candidate: 'verify whether they provided a comprehensive illustration of the AWS architecture and how data is processed and' | candidate_core: 'erifywhethertheyprovidedacomprehensiveillustrationoftheawsarchitectureandhowdataisprocessedand'
[DEBUG] Topic: Control_Descriptions | i: 1335 | n: 2 | candidate: 'verify whether they provided a comprehensive illustration of the AWS architecture and how data is processed and' | candidate_core: 'erifywhethertheyprovidedacomprehensiveillustrationoftheawsarchitectureandhowdataisprocessedand' | heading_core: 'testingmatrices' | fuzzy_score: 23.853211009174313
[DEBUG-NORM] TOC: 'SECTION IV. TESTING MATRICES' | heading_core: 'testingmatrices' | candidate: 'verify whether they provided a comprehensive illustration of the AWS architecture and how data is processed and secured.' | candidate_core: 'erifywhethertheyprovidedacomprehensiveillustrationoftheawsarchitectureandhowdataisprocessedandsecured'
[DEBUG] Topic: Control_Descriptions | i: 1335 | n: 3 | candidate: 'verify whether they provided a comprehensive illustration of the AWS architecture and how data is processed and secured.' | candidate_core: 'erifywhethertheyprovidedacomprehensiveillustrationoftheawsarchitectureandhowdataisprocessedandsecured' | heading_core: 'testingmatrices' | fuzzy_score: 22.413793103448278
[DEBUG-NORM] TOC: 'SECTION IV. TESTING MATRICES' | heading_core: 'testingmatrices' | candidate: 'the AWS architecture and how data is processed and' | candidate_core: 'theawsarchitectureandhowdataisprocessedand'
[DEBUG] Topic: Control_Descriptions | i: 1336 | n: 1 | candidate: 'the AWS architecture and how data is processed and' | candidate_core: 'theawsarchitectureandhowdataisprocessedand' | heading_core: 'testingmatrices' | fuzzy_score: 38.59649122807017
[DEBUG-NORM] TOC: 'SECTION IV. TESTING MATRICES' | heading_core: 'testingmatrices' | candidate: 'the AWS architecture and how data is processed and secured.' | candidate_core: 'theawsarchitectureandhowdataisprocessedandsecured'
[DEBUG] Topic: Control_Descriptions | i: 1336 | n: 2 | candidate: 'the AWS architecture and how data is processed and secured.' | candidate_core: 'theawsarchitectureandhowdataisprocessedandsecured' | heading_core: 'testingmatrices' | fuzzy_score: 34.375
[DEBUG-NORM] TOC: 'SECTION IV. TESTING MATRICES' | heading_core: 'testingmatrices' | candidate: 'the AWS architecture and how data is processed and secured. No exceptions noted.' | candidate_core: 'theawsarchitectureandhowdataisprocessedandsecurednoexceptionsnoted'
[DEBUG] Topic: Control_Descriptions | i: 1336 | n: 3 | candidate: 'the AWS architecture and how data is processed and secured. No exceptions noted.' | candidate_core: 'theawsarchitectureandhowdataisprocessedandsecurednoexceptionsnoted' | heading_core: 'testingmatrices' | fuzzy_score: 27.160493827160494
[DEBUG-NORM] TOC: 'SECTION IV. TESTING MATRICES' | heading_core: 'testingmatrices' | candidate: 'secured.' | candidate_core: 'secured'
[DEBUG] Topic: Control_Descriptions | i: 1337 | n: 1 | candidate: 'secured.' | candidate_core: 'secured' | heading_core: 'testingmatrices' | fuzzy_score: 27.27272727272727
[DEBUG-NORM] TOC: 'SECTION IV. TESTING MATRICES' | heading_core: 'testingmatrices' | candidate: 'secured. No exceptions noted.' | candidate_core: 'securednoexceptionsnoted'
[DEBUG] Topic: Control_Descriptions | i: 1337 | n: 2 | candidate: 'secured. No exceptions noted.' | candidate_core: 'securednoexceptionsnoted' | heading_core: 'testingmatrices' | fuzzy_score: 30.76923076923077
[DEBUG-NORM] TOC: 'SECTION IV. TESTING MATRICES' | heading_core: 'testingmatrices' | candidate: 'secured. No exceptions noted. CC2.2 COSO Principle 14: The entity internally communicates information, including objectives and responsibilities for internal control, necessary to support the' | candidate_core: 'securednoexceptionsnotedcc22cosoprinciple14theentityinternallycommunicatesinformationincludingobjectivesandresponsibilitiesforinternalcontrolnecessarytosupportthe'
[DEBUG] Topic: Control_Descriptions | i: 1337 | n: 3 | candidate: 'secured. No exceptions noted. CC2.2 COSO Principle 14: The entity internally communicates information, including objectives and responsibilities for internal control, necessary to support the' | candidate_core: 'securednoexceptionsnotedcc22cosoprinciple14theentityinternallycommunicatesinformationincludingobjectivesandresponsibilitiesforinternalcontrolnecessarytosupportthe' | heading_core: 'testingmatrices' | fuzzy_score: 15.81920903954802
[DEBUG-NORM] TOC: 'SECTION IV. TESTING MATRICES' | heading_core: 'testingmatrices' | candidate: 'No exceptions noted.' | candidate_core: 'noexceptionsnoted'
[DEBUG] Topic: Control_Descriptions | i: 1338 | n: 1 | candidate: 'No exceptions noted.' | candidate_core: 'noexceptionsnoted' | heading_core: 'testingmatrices' | fuzzy_score: 37.5
[DEBUG-NORM] TOC: 'SECTION IV. TESTING MATRICES' | heading_core: 'testingmatrices' | candidate: 'No exceptions noted. CC2.2 COSO Principle 14: The entity internally communicates information, including objectives and responsibilities for internal control, necessary to support the' | candidate_core: 'noexceptionsnotedcc22cosoprinciple14theentityinternallycommunicatesinformationincludingobjectivesandresponsibilitiesforinternalcontrolnecessarytosupportthe'
[DEBUG] Topic: Control_Descriptions | i: 1338 | n: 2 | candidate: 'No exceptions noted. CC2.2 COSO Principle 14: The entity internally communicates information, including objectives and responsibilities for internal control, necessary to support the' | candidate_core: 'noexceptionsnotedcc22cosoprinciple14theentityinternallycommunicatesinformationincludingobjectivesandresponsibilitiesforinternalcontrolnecessarytosupportthe' | heading_core: 'testingmatrices' | fuzzy_score: 16.470588235294116
[DEBUG-NORM] TOC: 'SECTION IV. TESTING MATRICES' | heading_core: 'testingmatrices' | candidate: 'No exceptions noted. CC2.2 COSO Principle 14: The entity internally communicates information, including objectives and responsibilities for internal control, necessary to support the functioning of internal control.' | candidate_core: 'noexceptionsnotedcc22cosoprinciple14theentityinternallycommunicatesinformationincludingobjectivesandresponsibilitiesforinternalcontrolnecessarytosupportthefunctioningofinternalcontrol'
[DEBUG] Topic: Control_Descriptions | i: 1338 | n: 3 | candidate: 'No exceptions noted. CC2.2 COSO Principle 14: The entity internally communicates information, including objectives and responsibilities for internal control, necessary to support the functioning of internal control.' | candidate_core: 'noexceptionsnotedcc22cosoprinciple14theentityinternallycommunicatesinformationincludingobjectivesandresponsibilitiesforinternalcontrolnecessarytosupportthefunctioningofinternalcontrol' | heading_core: 'testingmatrices' | fuzzy_score: 14.141414141414144
[DEBUG-NORM] TOC: 'SECTION IV. TESTING MATRICES' | heading_core: 'testingmatrices' | candidate: 'CC2.2 COSO Principle 14: The entity internally communicates information, including objectives and responsibilities for internal control, necessary to support the' | candidate_core: '2cosoprinciple14theentityinternallycommunicatesinformationincludingobjectivesandresponsibilitiesforinternalcontrolnecessarytosupportthe'
[DEBUG] Topic: Control_Descriptions | i: 1339 | n: 1 | candidate: 'CC2.2 COSO Principle 14: The entity internally communicates information, including objectives and responsibilities for internal control, necessary to support the' | candidate_core: '2cosoprinciple14theentityinternallycommunicatesinformationincludingobjectivesandresponsibilitiesforinternalcontrolnecessarytosupportthe' | heading_core: 'testingmatrices' | fuzzy_score: 18.666666666666664
[DEBUG-NORM] TOC: 'SECTION IV. TESTING MATRICES' | heading_core: 'testingmatrices' | candidate: 'CC2.2 COSO Principle 14: The entity internally communicates information, including objectives and responsibilities for internal control, necessary to support the functioning of internal control.' | candidate_core: '2cosoprinciple14theentityinternallycommunicatesinformationincludingobjectivesandresponsibilitiesforinternalcontrolnecessarytosupportthefunctioningofinternalcontrol'
[DEBUG] Topic: Control_Descriptions | i: 1339 | n: 2 | candidate: 'CC2.2 COSO Principle 14: The entity internally communicates information, including objectives and responsibilities for internal control, necessary to support the functioning of internal control.' | candidate_core: '2cosoprinciple14theentityinternallycommunicatesinformationincludingobjectivesandresponsibilitiesforinternalcontrolnecessarytosupportthefunctioningofinternalcontrol' | heading_core: 'testingmatrices' | fuzzy_score: 15.73033707865169
[DEBUG-NORM] TOC: 'SECTION IV. TESTING MATRICES' | heading_core: 'testingmatrices' | candidate: 'CC2.2 COSO Principle 14: The entity internally communicates information, including objectives and responsibilities for internal control, necessary to support the functioning of internal control. CC2.2.1' | candidate_core: '2cosoprinciple14theentityinternallycommunicatesinformationincludingobjectivesandresponsibilitiesforinternalcontrolnecessarytosupportthefunctioningofinternalcontrolcc221'
[DEBUG] Topic: Control_Descriptions | i: 1339 | n: 3 | candidate: 'CC2.2 COSO Principle 14: The entity internally communicates information, including objectives and responsibilities for internal control, necessary to support the functioning of internal control. CC2.2.1' | candidate_core: '2cosoprinciple14theentityinternallycommunicatesinformationincludingobjectivesandresponsibilitiesforinternalcontrolnecessarytosupportthefunctioningofinternalcontrolcc221' | heading_core: 'testingmatrices' | fuzzy_score: 15.300546448087427
[DEBUG-NORM] TOC: 'SECTION IV. TESTING MATRICES' | heading_core: 'testingmatrices' | candidate: 'functioning of internal control.' | candidate_core: 'functioningofinternalcontrol'
[DEBUG] Topic: Control_Descriptions | i: 1340 | n: 1 | candidate: 'functioning of internal control.' | candidate_core: 'functioningofinternalcontrol' | heading_core: 'testingmatrices' | fuzzy_score: 32.55813953488372
[DEBUG-NORM] TOC: 'SECTION IV. TESTING MATRICES' | heading_core: 'testingmatrices' | candidate: 'functioning of internal control. CC2.2.1' | candidate_core: 'functioningofinternalcontrolcc221'
[DEBUG] Topic: Control_Descriptions | i: 1340 | n: 2 | candidate: 'functioning of internal control. CC2.2.1' | candidate_core: 'functioningofinternalcontrolcc221' | heading_core: 'testingmatrices' | fuzzy_score: 33.333333333333336
[DEBUG-NORM] TOC: 'SECTION IV. TESTING MATRICES' | heading_core: 'testingmatrices' | candidate: 'functioning of internal control. CC2.2.1 SimpleLegal maintains updated policies and procedures' | candidate_core: 'functioningofinternalcontrolcc221simplelegalmaintainsupdatedpoliciesandprocedures'
[DEBUG] Topic: Control_Descriptions | i: 1340 | n: 3 | candidate: 'functioning of internal control. CC2.2.1 SimpleLegal maintains updated policies and procedures' | candidate_core: 'functioningofinternalcontrolcc221simplelegalmaintainsupdatedpoliciesandprocedures' | heading_core: 'testingmatrices' | fuzzy_score: 25.0
[DEBUG-NORM] TOC: 'SECTION IV. TESTING MATRICES' | heading_core: 'testingmatrices' | candidate: 'CC2.2.1' | candidate_core: '21'
[DEBUG] Topic: Control_Descriptions | i: 1341 | n: 1 | candidate: 'CC2.2.1' | candidate_core: '21' | heading_core: 'testingmatrices' | fuzzy_score: 0.0
[DEBUG-NORM] TOC: 'SECTION IV. TESTING MATRICES' | heading_core: 'testingmatrices' | candidate: 'CC2.2.1 SimpleLegal maintains updated policies and procedures' | candidate_core: '21simplelegalmaintainsupdatedpoliciesandprocedures'
[DEBUG] Topic: Control_Descriptions | i: 1341 | n: 2 | candidate: 'CC2.2.1 SimpleLegal maintains updated policies and procedures' | candidate_core: '21simplelegalmaintainsupdatedpoliciesandprocedures' | heading_core: 'testingmatrices' | fuzzy_score: 30.76923076923077
[DEBUG-NORM] TOC: 'SECTION IV. TESTING MATRICES' | heading_core: 'testingmatrices' | candidate: 'CC2.2.1 SimpleLegal maintains updated policies and procedures that enable all personnel to understand and carry out' | candidate_core: '21simplelegalmaintainsupdatedpoliciesandproceduresthatenableallpersonneltounderstandandcarryout'
[DEBUG] Topic: Control_Descriptions | i: 1341 | n: 3 | candidate: 'CC2.2.1 SimpleLegal maintains updated policies and procedures that enable all personnel to understand and carry out' | candidate_core: '21simplelegalmaintainsupdatedpoliciesandproceduresthatenableallpersonneltounderstandandcarryout' | heading_core: 'testingmatrices' | fuzzy_score: 18.181818181818176
[DEBUG-NORM] TOC: 'SECTION IV. TESTING MATRICES' | heading_core: 'testingmatrices' | candidate: 'SimpleLegal maintains updated policies and procedures' | candidate_core: 'simplelegalmaintainsupdatedpoliciesandprocedures'
[DEBUG] Topic: Control_Descriptions | i: 1342 | n: 1 | candidate: 'SimpleLegal maintains updated policies and procedures' | candidate_core: 'simplelegalmaintainsupdatedpoliciesandprocedures' | heading_core: 'testingmatrices' | fuzzy_score: 31.746031746031743
[DEBUG-NORM] TOC: 'SECTION IV. TESTING MATRICES' | heading_core: 'testingmatrices' | candidate: 'SimpleLegal maintains updated policies and procedures that enable all personnel to understand and carry out' | candidate_core: 'simplelegalmaintainsupdatedpoliciesandproceduresthatenableallpersonneltounderstandandcarryout'
[DEBUG] Topic: Control_Descriptions | i: 1342 | n: 2 | candidate: 'SimpleLegal maintains updated policies and procedures that enable all personnel to understand and carry out' | candidate_core: 'simplelegalmaintainsupdatedpoliciesandproceduresthatenableallpersonneltounderstandandcarryout' | heading_core: 'testingmatrices' | fuzzy_score: 18.518518518518523
[DEBUG-NORM] TOC: 'SECTION IV. TESTING MATRICES' | heading_core: 'testingmatrices' | candidate: 'SimpleLegal maintains updated policies and procedures that enable all personnel to understand and carry out their internal control responsibilities, including ensuring' | candidate_core: 'simplelegalmaintainsupdatedpoliciesandproceduresthatenableallpersonneltounderstandandcarryouttheirinternalcontrolresponsibilitiesincludingensuring'
[DEBUG] Topic: Control_Descriptions | i: 1342 | n: 3 | candidate: 'SimpleLegal maintains updated policies and procedures that enable all personnel to understand and carry out their internal control responsibilities, including ensuring' | candidate_core: 'simplelegalmaintainsupdatedpoliciesandproceduresthatenableallpersonneltounderstandandcarryouttheirinternalcontrolresponsibilitiesincludingensuring' | heading_core: 'testingmatrices' | fuzzy_score: 16.149068322981364
[DEBUG-NORM] TOC: 'SECTION IV. TESTING MATRICES' | heading_core: 'testingmatrices' | candidate: 'that enable all personnel to understand and carry out' | candidate_core: 'thatenableallpersonneltounderstandandcarryout'
[DEBUG] Topic: Control_Descriptions | i: 1343 | n: 1 | candidate: 'that enable all personnel to understand and carry out' | candidate_core: 'thatenableallpersonneltounderstandandcarryout' | heading_core: 'testingmatrices' | fuzzy_score: 23.33333333333333
[DEBUG-NORM] TOC: 'SECTION IV. TESTING MATRICES' | heading_core: 'testingmatrices' | candidate: 'that enable all personnel to understand and carry out their internal control responsibilities, including ensuring' | candidate_core: 'thatenableallpersonneltounderstandandcarryouttheirinternalcontrolresponsibilitiesincludingensuring'
[DEBUG] Topic: Control_Descriptions | i: 1343 | n: 2 | candidate: 'that enable all personnel to understand and carry out their internal control responsibilities, including ensuring' | candidate_core: 'thatenableallpersonneltounderstandandcarryouttheirinternalcontrolresponsibilitiesincludingensuring' | heading_core: 'testingmatrices' | fuzzy_score: 23.008849557522126
[DEBUG-NORM] TOC: 'SECTION IV. TESTING MATRICES' | heading_core: 'testingmatrices' | candidate: 'that enable all personnel to understand and carry out their internal control responsibilities, including ensuring confidentiality, integrity, and availability of all systems' | candidate_core: 'thatenableallpersonneltounderstandandcarryouttheirinternalcontrolresponsibilitiesincludingensuringconfidentialityintegrityandavailabilityofallsystems'
[DEBUG] Topic: Control_Descriptions | i: 1343 | n: 3 | candidate: 'that enable all personnel to understand and carry out their internal control responsibilities, including ensuring confidentiality, integrity, and availability of all systems' | candidate_core: 'thatenableallpersonneltounderstandandcarryouttheirinternalcontrolresponsibilitiesincludingensuringconfidentialityintegrityandavailabilityofallsystems' | heading_core: 'testingmatrices' | fuzzy_score: 15.85365853658537
[DEBUG-NORM] TOC: 'SECTION IV. TESTING MATRICES' | heading_core: 'testingmatrices' | candidate: 'their internal control responsibilities, including ensuring' | candidate_core: 'theirinternalcontrolresponsibilitiesincludingensuring'
[DEBUG] Topic: Control_Descriptions | i: 1344 | n: 1 | candidate: 'their internal control responsibilities, including ensuring' | candidate_core: 'theirinternalcontrolresponsibilitiesincludingensuring' | heading_core: 'testingmatrices' | fuzzy_score: 32.35294117647059
[DEBUG-NORM] TOC: 'SECTION IV. TESTING MATRICES' | heading_core: 'testingmatrices' | candidate: 'their internal control responsibilities, including ensuring confidentiality, integrity, and availability of all systems' | candidate_core: 'theirinternalcontrolresponsibilitiesincludingensuringconfidentialityintegrityandavailabilityofallsystems'
[DEBUG] Topic: Control_Descriptions | i: 1344 | n: 2 | candidate: 'their internal control responsibilities, including ensuring confidentiality, integrity, and availability of all systems' | candidate_core: 'theirinternalcontrolresponsibilitiesincludingensuringconfidentialityintegrityandavailabilityofallsystems' | heading_core: 'testingmatrices' | fuzzy_score: 21.84873949579832
[DEBUG-NORM] TOC: 'SECTION IV. TESTING MATRICES' | heading_core: 'testingmatrices' | candidate: 'their internal control responsibilities, including ensuring confidentiality, integrity, and availability of all systems and data. These policies and procedures are accessible' | candidate_core: 'theirinternalcontrolresponsibilitiesincludingensuringconfidentialityintegrityandavailabilityofallsystemsanddatathesepoliciesandproceduresareaccessible'
[DEBUG] Topic: Control_Descriptions | i: 1344 | n: 3 | candidate: 'their internal control responsibilities, including ensuring confidentiality, integrity, and availability of all systems and data. These policies and procedures are accessible' | candidate_core: 'theirinternalcontrolresponsibilitiesincludingensuringconfidentialityintegrityandavailabilityofallsystemsanddatathesepoliciesandproceduresareaccessible' | heading_core: 'testingmatrices' | fuzzy_score: 16.96969696969697
[DEBUG-NORM] TOC: 'SECTION IV. TESTING MATRICES' | heading_core: 'testingmatrices' | candidate: 'confidentiality, integrity, and availability of all systems' | candidate_core: 'onfidentialityintegrityandavailabilityofallsystems'
[DEBUG] Topic: Control_Descriptions | i: 1345 | n: 1 | candidate: 'confidentiality, integrity, and availability of all systems' | candidate_core: 'onfidentialityintegrityandavailabilityofallsystems' | heading_core: 'testingmatrices' | fuzzy_score: 27.692307692307693
[DEBUG-NORM] TOC: 'SECTION IV. TESTING MATRICES' | heading_core: 'testingmatrices' | candidate: 'confidentiality, integrity, and availability of all systems and data. These policies and procedures are accessible' | candidate_core: 'onfidentialityintegrityandavailabilityofallsystemsanddatathesepoliciesandproceduresareaccessible'
[DEBUG] Topic: Control_Descriptions | i: 1345 | n: 2 | candidate: 'confidentiality, integrity, and availability of all systems and data. These policies and procedures are accessible' | candidate_core: 'onfidentialityintegrityandavailabilityofallsystemsanddatathesepoliciesandproceduresareaccessible' | heading_core: 'testingmatrices' | fuzzy_score: 21.62162162162162
[DEBUG-NORM] TOC: 'SECTION IV. TESTING MATRICES' | heading_core: 'testingmatrices' | candidate: 'confidentiality, integrity, and availability of all systems and data. These policies and procedures are accessible to all personnel and are acknowledged upon hire.' | candidate_core: 'onfidentialityintegrityandavailabilityofallsystemsanddatathesepoliciesandproceduresareaccessibletoallpersonnelandareacknowledgeduponhire'
[DEBUG] Topic: Control_Descriptions | i: 1345 | n: 3 | candidate: 'confidentiality, integrity, and availability of all systems and data. These policies and procedures are accessible to all personnel and are acknowledged upon hire.' | candidate_core: 'onfidentialityintegrityandavailabilityofallsystemsanddatathesepoliciesandproceduresareaccessibletoallpersonnelandareacknowledgeduponhire' | heading_core: 'testingmatrices' | fuzzy_score: 15.89403973509934
[DEBUG-NORM] TOC: 'SECTION IV. TESTING MATRICES' | heading_core: 'testingmatrices' | candidate: 'and data. These policies and procedures are accessible' | candidate_core: 'anddatathesepoliciesandproceduresareaccessible'
[DEBUG] Topic: Control_Descriptions | i: 1346 | n: 1 | candidate: 'and data. These policies and procedures are accessible' | candidate_core: 'anddatathesepoliciesandproceduresareaccessible' | heading_core: 'testingmatrices' | fuzzy_score: 32.786885245901644
[DEBUG-NORM] TOC: 'SECTION IV. TESTING MATRICES' | heading_core: 'testingmatrices' | candidate: 'and data. These policies and procedures are accessible to all personnel and are acknowledged upon hire.' | candidate_core: 'anddatathesepoliciesandproceduresareaccessibletoallpersonnelandareacknowledgeduponhire'
[DEBUG] Topic: Control_Descriptions | i: 1346 | n: 2 | candidate: 'and data. These policies and procedures are accessible to all personnel and are acknowledged upon hire.' | candidate_core: 'anddatathesepoliciesandproceduresareaccessibletoallpersonnelandareacknowledgeduponhire' | heading_core: 'testingmatrices' | fuzzy_score: 19.8019801980198
[DEBUG-NORM] TOC: 'SECTION IV. TESTING MATRICES' | heading_core: 'testingmatrices' | candidate: 'and data. These policies and procedures are accessible to all personnel and are acknowledged upon hire. Inspected the collection of organizational policies and' | candidate_core: 'anddatathesepoliciesandproceduresareaccessibletoallpersonnelandareacknowledgeduponhireinspectedthecollectionoforganizationalpoliciesand'
[DEBUG] Topic: Control_Descriptions | i: 1346 | n: 3 | candidate: 'and data. These policies and procedures are accessible to all personnel and are acknowledged upon hire. Inspected the collection of organizational policies and' | candidate_core: 'anddatathesepoliciesandproceduresareaccessibletoallpersonnelandareacknowledgeduponhireinspectedthecollectionoforganizationalpoliciesand' | heading_core: 'testingmatrices' | fuzzy_score: 17.333333333333336
[DEBUG-NORM] TOC: 'SECTION IV. TESTING MATRICES' | heading_core: 'testingmatrices' | candidate: 'to all personnel and are acknowledged upon hire.' | candidate_core: 'toallpersonnelandareacknowledgeduponhire'
[DEBUG] Topic: Control_Descriptions | i: 1347 | n: 1 | candidate: 'to all personnel and are acknowledged upon hire.' | candidate_core: 'toallpersonnelandareacknowledgeduponhire' | heading_core: 'testingmatrices' | fuzzy_score: 29.09090909090909
[DEBUG-NORM] TOC: 'SECTION IV. TESTING MATRICES' | heading_core: 'testingmatrices' | candidate: 'to all personnel and are acknowledged upon hire. Inspected the collection of organizational policies and' | candidate_core: 'toallpersonnelandareacknowledgeduponhireinspectedthecollectionoforganizationalpoliciesand'
[DEBUG] Topic: Control_Descriptions | i: 1347 | n: 2 | candidate: 'to all personnel and are acknowledged upon hire. Inspected the collection of organizational policies and' | candidate_core: 'toallpersonnelandareacknowledgeduponhireinspectedthecollectionoforganizationalpoliciesand' | heading_core: 'testingmatrices' | fuzzy_score: 25.0
[DEBUG-NORM] TOC: 'SECTION IV. TESTING MATRICES' | heading_core: 'testingmatrices' | candidate: 'to all personnel and are acknowledged upon hire. Inspected the collection of organizational policies and procedures to verify whether they outlined roles and' | candidate_core: 'toallpersonnelandareacknowledgeduponhireinspectedthecollectionoforganizationalpoliciesandprocedurestoverifywhethertheyoutlinedrolesand'
[DEBUG] Topic: Control_Descriptions | i: 1347 | n: 3 | candidate: 'to all personnel and are acknowledged upon hire. Inspected the collection of organizational policies and procedures to verify whether they outlined roles and' | candidate_core: 'toallpersonnelandareacknowledgeduponhireinspectedthecollectionoforganizationalpoliciesandprocedurestoverifywhethertheyoutlinedrolesand' | heading_core: 'testingmatrices' | fuzzy_score: 17.4496644295302
[DEBUG-NORM] TOC: 'SECTION IV. TESTING MATRICES' | heading_core: 'testingmatrices' | candidate: 'Inspected the collection of organizational policies and' | candidate_core: 'nspectedthecollectionoforganizationalpoliciesand'
[DEBUG] Topic: Control_Descriptions | i: 1348 | n: 1 | candidate: 'Inspected the collection of organizational policies and' | candidate_core: 'nspectedthecollectionoforganizationalpoliciesand' | heading_core: 'testingmatrices' | fuzzy_score: 38.095238095238095
[DEBUG-NORM] TOC: 'SECTION IV. TESTING MATRICES' | heading_core: 'testingmatrices' | candidate: 'Inspected the collection of organizational policies and procedures to verify whether they outlined roles and' | candidate_core: 'nspectedthecollectionoforganizationalpoliciesandprocedurestoverifywhethertheyoutlinedrolesand'
[DEBUG] Topic: Control_Descriptions | i: 1348 | n: 2 | candidate: 'Inspected the collection of organizational policies and procedures to verify whether they outlined roles and' | candidate_core: 'nspectedthecollectionoforganizationalpoliciesandprocedurestoverifywhethertheyoutlinedrolesand' | heading_core: 'testingmatrices' | fuzzy_score: 22.22222222222222
[DEBUG-NORM] TOC: 'SECTION IV. TESTING MATRICES' | heading_core: 'testingmatrices' | candidate: 'Inspected the collection of organizational policies and procedures to verify whether they outlined roles and responsibilities around internal control performance.' | candidate_core: 'nspectedthecollectionoforganizationalpoliciesandprocedurestoverifywhethertheyoutlinedrolesandresponsibilitiesaroundinternalcontrolperformance'
[DEBUG] Topic: Control_Descriptions | i: 1348 | n: 3 | candidate: 'Inspected the collection of organizational policies and procedures to verify whether they outlined roles and responsibilities around internal control performance.' | candidate_core: 'nspectedthecollectionoforganizationalpoliciesandprocedurestoverifywhethertheyoutlinedrolesandresponsibilitiesaroundinternalcontrolperformance' | heading_core: 'testingmatrices' | fuzzy_score: 15.384615384615385
[DEBUG-NORM] TOC: 'SECTION IV. TESTING MATRICES' | heading_core: 'testingmatrices' | candidate: 'procedures to verify whether they outlined roles and' | candidate_core: 'procedurestoverifywhethertheyoutlinedrolesand'
[DEBUG] Topic: Control_Descriptions | i: 1349 | n: 1 | candidate: 'procedures to verify whether they outlined roles and' | candidate_core: 'procedurestoverifywhethertheyoutlinedrolesand' | heading_core: 'testingmatrices' | fuzzy_score: 30.000000000000004
[DEBUG-NORM] TOC: 'SECTION IV. TESTING MATRICES' | heading_core: 'testingmatrices' | candidate: 'procedures to verify whether they outlined roles and responsibilities around internal control performance.' | candidate_core: 'procedurestoverifywhethertheyoutlinedrolesandresponsibilitiesaroundinternalcontrolperformance'
[DEBUG] Topic: Control_Descriptions | i: 1349 | n: 2 | candidate: 'procedures to verify whether they outlined roles and responsibilities around internal control performance.' | candidate_core: 'procedurestoverifywhethertheyoutlinedrolesandresponsibilitiesaroundinternalcontrolperformance' | heading_core: 'testingmatrices' | fuzzy_score: 20.370370370370374
[DEBUG-NORM] TOC: 'SECTION IV. TESTING MATRICES' | heading_core: 'testingmatrices' | candidate: 'procedures to verify whether they outlined roles and responsibilities around internal control performance. Inspected the internal shared folder to verify whether up-to-' | candidate_core: 'procedurestoverifywhethertheyoutlinedrolesandresponsibilitiesaroundinternalcontrolperformanceinspectedtheinternalsharedfoldertoverifywhetherupto'
[DEBUG] Topic: Control_Descriptions | i: 1349 | n: 3 | candidate: 'procedures to verify whether they outlined roles and responsibilities around internal control performance. Inspected the internal shared folder to verify whether up-to-' | candidate_core: 'procedurestoverifywhethertheyoutlinedrolesandresponsibilitiesaroundinternalcontrolperformanceinspectedtheinternalsharedfoldertoverifywhetherupto' | heading_core: 'testingmatrices' | fuzzy_score: 16.35220125786163
[DEBUG-NORM] TOC: 'SECTION IV. TESTING MATRICES' | heading_core: 'testingmatrices' | candidate: 'responsibilities around internal control performance.' | candidate_core: 'responsibilitiesaroundinternalcontrolperformance'
[DEBUG] Topic: Control_Descriptions | i: 1350 | n: 1 | candidate: 'responsibilities around internal control performance.' | candidate_core: 'responsibilitiesaroundinternalcontrolperformance' | heading_core: 'testingmatrices' | fuzzy_score: 31.746031746031743
[DEBUG-NORM] TOC: 'SECTION IV. TESTING MATRICES' | heading_core: 'testingmatrices' | candidate: 'responsibilities around internal control performance. Inspected the internal shared folder to verify whether up-to-' | candidate_core: 'responsibilitiesaroundinternalcontrolperformanceinspectedtheinternalsharedfoldertoverifywhetherupto'
[DEBUG] Topic: Control_Descriptions | i: 1350 | n: 2 | candidate: 'responsibilities around internal control performance. Inspected the internal shared folder to verify whether up-to-' | candidate_core: 'responsibilitiesaroundinternalcontrolperformanceinspectedtheinternalsharedfoldertoverifywhetherupto' | heading_core: 'testingmatrices' | fuzzy_score: 21.052631578947366
[DEBUG-NORM] TOC: 'SECTION IV. TESTING MATRICES' | heading_core: 'testingmatrices' | candidate: 'responsibilities around internal control performance. Inspected the internal shared folder to verify whether up-to- date policies and procedures were available to all' | candidate_core: 'responsibilitiesaroundinternalcontrolperformanceinspectedtheinternalsharedfoldertoverifywhetheruptodatepoliciesandprocedureswereavailabletoall'
[DEBUG] Topic: Control_Descriptions | i: 1350 | n: 3 | candidate: 'responsibilities around internal control performance. Inspected the internal shared folder to verify whether up-to- date policies and procedures were available to all' | candidate_core: 'responsibilitiesaroundinternalcontrolperformanceinspectedtheinternalsharedfoldertoverifywhetheruptodatepoliciesandprocedureswereavailabletoall' | heading_core: 'testingmatrices' | fuzzy_score: 16.560509554140125
[DEBUG-NORM] TOC: 'SECTION IV. TESTING MATRICES' | heading_core: 'testingmatrices' | candidate: 'Inspected the internal shared folder to verify whether up-to-' | candidate_core: 'nspectedtheinternalsharedfoldertoverifywhetherupto'
[DEBUG] Topic: Control_Descriptions | i: 1351 | n: 1 | candidate: 'Inspected the internal shared folder to verify whether up-to-' | candidate_core: 'nspectedtheinternalsharedfoldertoverifywhetherupto' | heading_core: 'testingmatrices' | fuzzy_score: 30.76923076923077
[DEBUG-NORM] TOC: 'SECTION IV. TESTING MATRICES' | heading_core: 'testingmatrices' | candidate: 'Inspected the internal shared folder to verify whether up-to- date policies and procedures were available to all' | candidate_core: 'nspectedtheinternalsharedfoldertoverifywhetheruptodatepoliciesandprocedureswereavailabletoall'
[DEBUG] Topic: Control_Descriptions | i: 1351 | n: 2 | candidate: 'Inspected the internal shared folder to verify whether up-to- date policies and procedures were available to all' | candidate_core: 'nspectedtheinternalsharedfoldertoverifywhetheruptodatepoliciesandprocedureswereavailabletoall' | heading_core: 'testingmatrices' | fuzzy_score: 22.22222222222222
[DEBUG-NORM] TOC: 'SECTION IV. TESTING MATRICES' | heading_core: 'testingmatrices' | candidate: 'Inspected the internal shared folder to verify whether up-to- date policies and procedures were available to all SimpleLegal personnel.' | candidate_core: 'nspectedtheinternalsharedfoldertoverifywhetheruptodatepoliciesandprocedureswereavailabletoallsimplelegalpersonnel'
[DEBUG] Topic: Control_Descriptions | i: 1351 | n: 3 | candidate: 'Inspected the internal shared folder to verify whether up-to- date policies and procedures were available to all SimpleLegal personnel.' | candidate_core: 'nspectedtheinternalsharedfoldertoverifywhetheruptodatepoliciesandprocedureswereavailabletoallsimplelegalpersonnel' | heading_core: 'testingmatrices' | fuzzy_score: 18.75
[DEBUG-NORM] TOC: 'SECTION IV. TESTING MATRICES' | heading_core: 'testingmatrices' | candidate: 'date policies and procedures were available to all' | candidate_core: 'atepoliciesandprocedureswereavailabletoall'
[DEBUG] Topic: Control_Descriptions | i: 1352 | n: 1 | candidate: 'date policies and procedures were available to all' | candidate_core: 'atepoliciesandprocedureswereavailabletoall' | heading_core: 'testingmatrices' | fuzzy_score: 28.07017543859649
[DEBUG-NORM] TOC: 'SECTION IV. TESTING MATRICES' | heading_core: 'testingmatrices' | candidate: 'date policies and procedures were available to all SimpleLegal personnel.' | candidate_core: 'atepoliciesandprocedureswereavailabletoallsimplelegalpersonnel'
[DEBUG] Topic: Control_Descriptions | i: 1352 | n: 2 | candidate: 'date policies and procedures were available to all SimpleLegal personnel.' | candidate_core: 'atepoliciesandprocedureswereavailabletoallsimplelegalpersonnel' | heading_core: 'testingmatrices' | fuzzy_score: 23.376623376623375
[DEBUG-NORM] TOC: 'SECTION IV. TESTING MATRICES' | heading_core: 'testingmatrices' | candidate: 'date policies and procedures were available to all SimpleLegal personnel. For all new hires during the period, inspected the signed' | candidate_core: 'atepoliciesandprocedureswereavailabletoallsimplelegalpersonnelforallnewhiresduringtheperiodinspectedthesigned'
[DEBUG] Topic: Control_Descriptions | i: 1352 | n: 3 | candidate: 'date policies and procedures were available to all SimpleLegal personnel. For all new hires during the period, inspected the signed' | candidate_core: 'atepoliciesandprocedureswereavailabletoallsimplelegalpersonnelforallnewhiresduringtheperiodinspectedthesigned' | heading_core: 'testingmatrices' | fuzzy_score: 20.967741935483875
[DEBUG-NORM] TOC: 'SECTION IV. TESTING MATRICES' | heading_core: 'testingmatrices' | candidate: 'SimpleLegal personnel.' | candidate_core: 'simplelegalpersonnel'
[DEBUG] Topic: Control_Descriptions | i: 1353 | n: 1 | candidate: 'SimpleLegal personnel.' | candidate_core: 'simplelegalpersonnel' | heading_core: 'testingmatrices' | fuzzy_score: 34.285714285714285
[DEBUG-NORM] TOC: 'SECTION IV. TESTING MATRICES' | heading_core: 'testingmatrices' | candidate: 'SimpleLegal personnel. For all new hires during the period, inspected the signed' | candidate_core: 'simplelegalpersonnelforallnewhiresduringtheperiodinspectedthesigned'
[DEBUG] Topic: Control_Descriptions | i: 1353 | n: 2 | candidate: 'SimpleLegal personnel. For all new hires during the period, inspected the signed' | candidate_core: 'simplelegalpersonnelforallnewhiresduringtheperiodinspectedthesigned' | heading_core: 'testingmatrices' | fuzzy_score: 26.82926829268293
[DEBUG-NORM] TOC: 'SECTION IV. TESTING MATRICES' | heading_core: 'testingmatrices' | candidate: 'SimpleLegal personnel. For all new hires during the period, inspected the signed handbook to verify whether each individual had' | candidate_core: 'simplelegalpersonnelforallnewhiresduringtheperiodinspectedthesignedhandbooktoverifywhethereachindividualhad'
[DEBUG] Topic: Control_Descriptions | i: 1353 | n: 3 | candidate: 'SimpleLegal personnel. For all new hires during the period, inspected the signed handbook to verify whether each individual had' | candidate_core: 'simplelegalpersonnelforallnewhiresduringtheperiodinspectedthesignedhandbooktoverifywhethereachindividualhad' | heading_core: 'testingmatrices' | fuzzy_score: 18.032786885245898
[DEBUG-NORM] TOC: 'SECTION IV. TESTING MATRICES' | heading_core: 'testingmatrices' | candidate: 'For all new hires during the period, inspected the signed' | candidate_core: 'forallnewhiresduringtheperiodinspectedthesigned'
[DEBUG] Topic: Control_Descriptions | i: 1354 | n: 1 | candidate: 'For all new hires during the period, inspected the signed' | candidate_core: 'forallnewhiresduringtheperiodinspectedthesigned' | heading_core: 'testingmatrices' | fuzzy_score: 35.483870967741936
[DEBUG-NORM] TOC: 'SECTION IV. TESTING MATRICES' | heading_core: 'testingmatrices' | candidate: 'For all new hires during the period, inspected the signed handbook to verify whether each individual had' | candidate_core: 'forallnewhiresduringtheperiodinspectedthesignedhandbooktoverifywhethereachindividualhad'
[DEBUG] Topic: Control_Descriptions | i: 1354 | n: 2 | candidate: 'For all new hires during the period, inspected the signed handbook to verify whether each individual had' | candidate_core: 'forallnewhiresduringtheperiodinspectedthesignedhandbooktoverifywhethereachindividualhad' | heading_core: 'testingmatrices' | fuzzy_score: 21.568627450980394
[DEBUG-NORM] TOC: 'SECTION IV. TESTING MATRICES' | heading_core: 'testingmatrices' | candidate: 'For all new hires during the period, inspected the signed handbook to verify whether each individual had acknowledged and accepted the organizational policies and' | candidate_core: 'forallnewhiresduringtheperiodinspectedthesignedhandbooktoverifywhethereachindividualhadacknowledgedandacceptedtheorganizationalpoliciesand'
[DEBUG] Topic: Control_Descriptions | i: 1354 | n: 3 | candidate: 'For all new hires during the period, inspected the signed handbook to verify whether each individual had acknowledged and accepted the organizational policies and' | candidate_core: 'forallnewhiresduringtheperiodinspectedthesignedhandbooktoverifywhethereachindividualhadacknowledgedandacceptedtheorganizationalpoliciesand' | heading_core: 'testingmatrices' | fuzzy_score: 18.300653594771244
[DEBUG-NORM] TOC: 'SECTION IV. TESTING MATRICES' | heading_core: 'testingmatrices' | candidate: 'handbook to verify whether each individual had' | candidate_core: 'handbooktoverifywhethereachindividualhad'
[DEBUG] Topic: Control_Descriptions | i: 1355 | n: 1 | candidate: 'handbook to verify whether each individual had' | candidate_core: 'handbooktoverifywhethereachindividualhad' | heading_core: 'testingmatrices' | fuzzy_score: 21.818181818181813
[DEBUG-NORM] TOC: 'SECTION IV. TESTING MATRICES' | heading_core: 'testingmatrices' | candidate: 'handbook to verify whether each individual had acknowledged and accepted the organizational policies and' | candidate_core: 'handbooktoverifywhethereachindividualhadacknowledgedandacceptedtheorganizationalpoliciesand'
[DEBUG] Topic: Control_Descriptions | i: 1355 | n: 2 | candidate: 'handbook to verify whether each individual had acknowledged and accepted the organizational policies and' | candidate_core: 'handbooktoverifywhethereachindividualhadacknowledgedandacceptedtheorganizationalpoliciesand' | heading_core: 'testingmatrices' | fuzzy_score: 24.52830188679245
[DEBUG-NORM] TOC: 'SECTION IV. TESTING MATRICES' | heading_core: 'testingmatrices' | candidate: 'handbook to verify whether each individual had acknowledged and accepted the organizational policies and procedures.' | candidate_core: 'handbooktoverifywhethereachindividualhadacknowledgedandacceptedtheorganizationalpoliciesandprocedures'
[DEBUG] Topic: Control_Descriptions | i: 1355 | n: 3 | candidate: 'handbook to verify whether each individual had acknowledged and accepted the organizational policies and procedures.' | candidate_core: 'handbooktoverifywhethereachindividualhadacknowledgedandacceptedtheorganizationalpoliciesandprocedures' | heading_core: 'testingmatrices' | fuzzy_score: 22.413793103448278
[DEBUG-NORM] TOC: 'SECTION IV. TESTING MATRICES' | heading_core: 'testingmatrices' | candidate: 'acknowledged and accepted the organizational policies and' | candidate_core: 'acknowledgedandacceptedtheorganizationalpoliciesand'
[DEBUG] Topic: Control_Descriptions | i: 1356 | n: 1 | candidate: 'acknowledged and accepted the organizational policies and' | candidate_core: 'acknowledgedandacceptedtheorganizationalpoliciesand' | heading_core: 'testingmatrices' | fuzzy_score: 30.303030303030297
[DEBUG-NORM] TOC: 'SECTION IV. TESTING MATRICES' | heading_core: 'testingmatrices' | candidate: 'acknowledged and accepted the organizational policies and procedures.' | candidate_core: 'acknowledgedandacceptedtheorganizationalpoliciesandprocedures'
[DEBUG] Topic: Control_Descriptions | i: 1356 | n: 2 | candidate: 'acknowledged and accepted the organizational policies and procedures.' | candidate_core: 'acknowledgedandacceptedtheorganizationalpoliciesandprocedures' | heading_core: 'testingmatrices' | fuzzy_score: 26.315789473684216
[DEBUG-NORM] TOC: 'SECTION IV. TESTING MATRICES' | heading_core: 'testingmatrices' | candidate: 'acknowledged and accepted the organizational policies and procedures. No exceptions noted.' | candidate_core: 'acknowledgedandacceptedtheorganizationalpoliciesandproceduresnoexceptionsnoted'
[DEBUG] Topic: Control_Descriptions | i: 1356 | n: 3 | candidate: 'acknowledged and accepted the organizational policies and procedures. No exceptions noted.' | candidate_core: 'acknowledgedandacceptedtheorganizationalpoliciesandproceduresnoexceptionsnoted' | heading_core: 'testingmatrices' | fuzzy_score: 21.505376344086024
[DEBUG-NORM] TOC: 'SECTION IV. TESTING MATRICES' | heading_core: 'testingmatrices' | candidate: 'procedures.' | candidate_core: 'procedures'
[DEBUG] Topic: Control_Descriptions | i: 1357 | n: 1 | candidate: 'procedures.' | candidate_core: 'procedures' | heading_core: 'testingmatrices' | fuzzy_score: 31.999999999999996
[DEBUG-NORM] TOC: 'SECTION IV. TESTING MATRICES' | heading_core: 'testingmatrices' | candidate: 'procedures. No exceptions noted.' | candidate_core: 'proceduresnoexceptionsnoted'
[DEBUG] Topic: Control_Descriptions | i: 1357 | n: 2 | candidate: 'procedures. No exceptions noted.' | candidate_core: 'proceduresnoexceptionsnoted' | heading_core: 'testingmatrices' | fuzzy_score: 33.333333333333336
[DEBUG-NORM] TOC: 'SECTION IV. TESTING MATRICES' | heading_core: 'testingmatrices' | candidate: 'procedures. No exceptions noted. CC2.2.2' | candidate_core: 'proceduresnoexceptionsnotedcc222'
[DEBUG] Topic: Control_Descriptions | i: 1357 | n: 3 | candidate: 'procedures. No exceptions noted. CC2.2.2' | candidate_core: 'proceduresnoexceptionsnotedcc222' | heading_core: 'testingmatrices' | fuzzy_score: 29.78723404255319
[DEBUG-NORM] TOC: 'SECTION IV. TESTING MATRICES' | heading_core: 'testingmatrices' | candidate: 'No exceptions noted.' | candidate_core: 'noexceptionsnoted'
[DEBUG] Topic: Control_Descriptions | i: 1358 | n: 1 | candidate: 'No exceptions noted.' | candidate_core: 'noexceptionsnoted' | heading_core: 'testingmatrices' | fuzzy_score: 37.5
[DEBUG-NORM] TOC: 'SECTION IV. TESTING MATRICES' | heading_core: 'testingmatrices' | candidate: 'No exceptions noted. CC2.2.2' | candidate_core: 'noexceptionsnotedcc222'
[DEBUG] Topic: Control_Descriptions | i: 1358 | n: 2 | candidate: 'No exceptions noted. CC2.2.2' | candidate_core: 'noexceptionsnotedcc222' | heading_core: 'testingmatrices' | fuzzy_score: 32.432432432432435
[DEBUG-NORM] TOC: 'SECTION IV. TESTING MATRICES' | heading_core: 'testingmatrices' | candidate: 'No exceptions noted. CC2.2.2 SimpleLegal employees are required to complete' | candidate_core: 'noexceptionsnotedcc222simplelegalemployeesarerequiredtocomplete'
[DEBUG] Topic: Control_Descriptions | i: 1358 | n: 3 | candidate: 'No exceptions noted. CC2.2.2 SimpleLegal employees are required to complete' | candidate_core: 'noexceptionsnotedcc222simplelegalemployeesarerequiredtocomplete' | heading_core: 'testingmatrices' | fuzzy_score: 28.205128205128204
[DEBUG-NORM] TOC: 'SECTION IV. TESTING MATRICES' | heading_core: 'testingmatrices' | candidate: 'CC2.2.2' | candidate_core: '22'
[DEBUG] Topic: Control_Descriptions | i: 1359 | n: 1 | candidate: 'CC2.2.2' | candidate_core: '22' | heading_core: 'testingmatrices' | fuzzy_score: 0.0
[DEBUG-NORM] TOC: 'SECTION IV. TESTING MATRICES' | heading_core: 'testingmatrices' | candidate: 'CC2.2.2 SimpleLegal employees are required to complete' | candidate_core: '22simplelegalemployeesarerequiredtocomplete'
[DEBUG] Topic: Control_Descriptions | i: 1359 | n: 2 | candidate: 'CC2.2.2 SimpleLegal employees are required to complete' | candidate_core: '22simplelegalemployeesarerequiredtocomplete' | heading_core: 'testingmatrices' | fuzzy_score: 31.034482758620683
[DEBUG-NORM] TOC: 'SECTION IV. TESTING MATRICES' | heading_core: 'testingmatrices' | candidate: 'CC2.2.2 SimpleLegal employees are required to complete information security awareness training upon hire and on' | candidate_core: '22simplelegalemployeesarerequiredtocompleteinformationsecurityawarenesstraininguponhireandon'
[DEBUG] Topic: Control_Descriptions | i: 1359 | n: 3 | candidate: 'CC2.2.2 SimpleLegal employees are required to complete information security awareness training upon hire and on' | candidate_core: '22simplelegalemployeesarerequiredtocompleteinformationsecurityawarenesstraininguponhireandon' | heading_core: 'testingmatrices' | fuzzy_score: 22.429906542056077
[DEBUG-NORM] TOC: 'SECTION IV. TESTING MATRICES' | heading_core: 'testingmatrices' | candidate: 'SimpleLegal employees are required to complete' | candidate_core: 'simplelegalemployeesarerequiredtocomplete'
[DEBUG] Topic: Control_Descriptions | i: 1360 | n: 1 | candidate: 'SimpleLegal employees are required to complete' | candidate_core: 'simplelegalemployeesarerequiredtocomplete' | heading_core: 'testingmatrices' | fuzzy_score: 32.14285714285714
[DEBUG-NORM] TOC: 'SECTION IV. TESTING MATRICES' | heading_core: 'testingmatrices' | candidate: 'SimpleLegal employees are required to complete information security awareness training upon hire and on' | candidate_core: 'simplelegalemployeesarerequiredtocompleteinformationsecurityawarenesstraininguponhireandon'
[DEBUG] Topic: Control_Descriptions | i: 1360 | n: 2 | candidate: 'SimpleLegal employees are required to complete information security awareness training upon hire and on' | candidate_core: 'simplelegalemployeesarerequiredtocompleteinformationsecurityawarenesstraininguponhireandon' | heading_core: 'testingmatrices' | fuzzy_score: 22.857142857142854
[DEBUG-NORM] TOC: 'SECTION IV. TESTING MATRICES' | heading_core: 'testingmatrices' | candidate: 'SimpleLegal employees are required to complete information security awareness training upon hire and on at least an annual basis thereafter.' | candidate_core: 'simplelegalemployeesarerequiredtocompleteinformationsecurityawarenesstraininguponhireandonatleastanannualbasisthereafter'
[DEBUG] Topic: Control_Descriptions | i: 1360 | n: 3 | candidate: 'SimpleLegal employees are required to complete information security awareness training upon hire and on at least an annual basis thereafter.' | candidate_core: 'simplelegalemployeesarerequiredtocompleteinformationsecurityawarenesstraininguponhireandonatleastanannualbasisthereafter' | heading_core: 'testingmatrices' | fuzzy_score: 17.777777777777782
[DEBUG-NORM] TOC: 'SECTION IV. TESTING MATRICES' | heading_core: 'testingmatrices' | candidate: 'information security awareness training upon hire and on' | candidate_core: 'nformationsecurityawarenesstraininguponhireandon'
[DEBUG] Topic: Control_Descriptions | i: 1361 | n: 1 | candidate: 'information security awareness training upon hire and on' | candidate_core: 'nformationsecurityawarenesstraininguponhireandon' | heading_core: 'testingmatrices' | fuzzy_score: 28.57142857142857
[DEBUG-NORM] TOC: 'SECTION IV. TESTING MATRICES' | heading_core: 'testingmatrices' | candidate: 'information security awareness training upon hire and on at least an annual basis thereafter.' | candidate_core: 'nformationsecurityawarenesstraininguponhireandonatleastanannualbasisthereafter'
[DEBUG] Topic: Control_Descriptions | i: 1361 | n: 2 | candidate: 'information security awareness training upon hire and on at least an annual basis thereafter.' | candidate_core: 'nformationsecurityawarenesstraininguponhireandonatleastanannualbasisthereafter' | heading_core: 'testingmatrices' | fuzzy_score: 23.655913978494624
[DEBUG-NORM] TOC: 'SECTION IV. TESTING MATRICES' | heading_core: 'testingmatrices' | candidate: 'information security awareness training upon hire and on at least an annual basis thereafter. For all new hires during the period, inspected security' | candidate_core: 'nformationsecurityawarenesstraininguponhireandonatleastanannualbasisthereafterforallnewhiresduringtheperiodinspectedsecurity'
[DEBUG] Topic: Control_Descriptions | i: 1361 | n: 3 | candidate: 'information security awareness training upon hire and on at least an annual basis thereafter. For all new hires during the period, inspected security' | candidate_core: 'nformationsecurityawarenesstraininguponhireandonatleastanannualbasisthereafterforallnewhiresduringtheperiodinspectedsecurity' | heading_core: 'testingmatrices' | fuzzy_score: 20.143884892086326
[DEBUG-NORM] TOC: 'SECTION IV. TESTING MATRICES' | heading_core: 'testingmatrices' | candidate: 'at least an annual basis thereafter.' | candidate_core: 'atleastanannualbasisthereafter'
[DEBUG] Topic: Control_Descriptions | i: 1362 | n: 1 | candidate: 'at least an annual basis thereafter.' | candidate_core: 'atleastanannualbasisthereafter' | heading_core: 'testingmatrices' | fuzzy_score: 40.0
[DEBUG-NORM] TOC: 'SECTION IV. TESTING MATRICES' | heading_core: 'testingmatrices' | candidate: 'at least an annual basis thereafter. For all new hires during the period, inspected security' | candidate_core: 'atleastanannualbasisthereafterforallnewhiresduringtheperiodinspectedsecurity'
[DEBUG] Topic: Control_Descriptions | i: 1362 | n: 2 | candidate: 'at least an annual basis thereafter. For all new hires during the period, inspected security' | candidate_core: 'atleastanannualbasisthereafterforallnewhiresduringtheperiodinspectedsecurity' | heading_core: 'testingmatrices' | fuzzy_score: 28.57142857142857
[DEBUG-NORM] TOC: 'SECTION IV. TESTING MATRICES' | heading_core: 'testingmatrices' | candidate: 'at least an annual basis thereafter. For all new hires during the period, inspected security training completion certificates to verify whether training was' | candidate_core: 'atleastanannualbasisthereafterforallnewhiresduringtheperiodinspectedsecuritytrainingcompletioncertificatestoverifywhethertrainingwas'
[DEBUG] Topic: Control_Descriptions | i: 1362 | n: 3 | candidate: 'at least an annual basis thereafter. For all new hires during the period, inspected security training completion certificates to verify whether training was' | candidate_core: 'atleastanannualbasisthereafterforallnewhiresduringtheperiodinspectedsecuritytrainingcompletioncertificatestoverifywhethertrainingwas' | heading_core: 'testingmatrices' | fuzzy_score: 19.047619047619047
[DEBUG-NORM] TOC: 'SECTION IV. TESTING MATRICES' | heading_core: 'testingmatrices' | candidate: 'For all new hires during the period, inspected security' | candidate_core: 'forallnewhiresduringtheperiodinspectedsecurity'
[DEBUG] Topic: Control_Descriptions | i: 1363 | n: 1 | candidate: 'For all new hires during the period, inspected security' | candidate_core: 'forallnewhiresduringtheperiodinspectedsecurity' | heading_core: 'testingmatrices' | fuzzy_score: 36.065573770491795
[DEBUG-NORM] TOC: 'SECTION IV. TESTING MATRICES' | heading_core: 'testingmatrices' | candidate: 'For all new hires during the period, inspected security training completion certificates to verify whether training was' | candidate_core: 'forallnewhiresduringtheperiodinspectedsecuritytrainingcompletioncertificatestoverifywhethertrainingwas'
[DEBUG] Topic: Control_Descriptions | i: 1363 | n: 2 | candidate: 'For all new hires during the period, inspected security training completion certificates to verify whether training was' | candidate_core: 'forallnewhiresduringtheperiodinspectedsecuritytrainingcompletioncertificatestoverifywhethertrainingwas' | heading_core: 'testingmatrices' | fuzzy_score: 23.931623931623935
[DEBUG-NORM] TOC: 'SECTION IV. TESTING MATRICES' | heading_core: 'testingmatrices' | candidate: 'For all new hires during the period, inspected security training completion certificates to verify whether training was completed upon hire.' | candidate_core: 'forallnewhiresduringtheperiodinspectedsecuritytrainingcompletioncertificatestoverifywhethertrainingwascompleteduponhire'
[DEBUG] Topic: Control_Descriptions | i: 1363 | n: 3 | candidate: 'For all new hires during the period, inspected security training completion certificates to verify whether training was completed upon hire.' | candidate_core: 'forallnewhiresduringtheperiodinspectedsecuritytrainingcompletioncertificatestoverifywhethertrainingwascompleteduponhire' | heading_core: 'testingmatrices' | fuzzy_score: 20.895522388059707
[DEBUG-NORM] TOC: 'SECTION IV. TESTING MATRICES' | heading_core: 'testingmatrices' | candidate: 'training completion certificates to verify whether training was' | candidate_core: 'trainingcompletioncertificatestoverifywhethertrainingwas'
[DEBUG] Topic: Control_Descriptions | i: 1364 | n: 1 | candidate: 'training completion certificates to verify whether training was' | candidate_core: 'trainingcompletioncertificatestoverifywhethertrainingwas' | heading_core: 'testingmatrices' | fuzzy_score: 30.98591549295775
[DEBUG-NORM] TOC: 'SECTION IV. TESTING MATRICES' | heading_core: 'testingmatrices' | candidate: 'training completion certificates to verify whether training was completed upon hire.' | candidate_core: 'trainingcompletioncertificatestoverifywhethertrainingwascompleteduponhire'
[DEBUG] Topic: Control_Descriptions | i: 1364 | n: 2 | candidate: 'training completion certificates to verify whether training was completed upon hire.' | candidate_core: 'trainingcompletioncertificatestoverifywhethertrainingwascompleteduponhire' | heading_core: 'testingmatrices' | fuzzy_score: 25.0
[DEBUG-NORM] TOC: 'SECTION IV. TESTING MATRICES' | heading_core: 'testingmatrices' | candidate: 'training completion certificates to verify whether training was completed upon hire. For a selection of active personnel during the period,' | candidate_core: 'trainingcompletioncertificatestoverifywhethertrainingwascompleteduponhireforaselectionofactivepersonnelduringtheperiod'
[DEBUG] Topic: Control_Descriptions | i: 1364 | n: 3 | candidate: 'training completion certificates to verify whether training was completed upon hire. For a selection of active personnel during the period,' | candidate_core: 'trainingcompletioncertificatestoverifywhethertrainingwascompleteduponhireforaselectionofactivepersonnelduringtheperiod' | heading_core: 'testingmatrices' | fuzzy_score: 21.052631578947366
[DEBUG-NORM] TOC: 'SECTION IV. TESTING MATRICES' | heading_core: 'testingmatrices' | candidate: 'completed upon hire.' | candidate_core: 'ompleteduponhire'
[DEBUG] Topic: Control_Descriptions | i: 1365 | n: 1 | candidate: 'completed upon hire.' | candidate_core: 'ompleteduponhire' | heading_core: 'testingmatrices' | fuzzy_score: 32.25806451612904
[DEBUG-NORM] TOC: 'SECTION IV. TESTING MATRICES' | heading_core: 'testingmatrices' | candidate: 'completed upon hire. For a selection of active personnel during the period,' | candidate_core: 'ompleteduponhireforaselectionofactivepersonnelduringtheperiod'
[DEBUG] Topic: Control_Descriptions | i: 1365 | n: 2 | candidate: 'completed upon hire. For a selection of active personnel during the period,' | candidate_core: 'ompleteduponhireforaselectionofactivepersonnelduringtheperiod' | heading_core: 'testingmatrices' | fuzzy_score: 28.947368421052634
[DEBUG-NORM] TOC: 'SECTION IV. TESTING MATRICES' | heading_core: 'testingmatrices' | candidate: 'completed upon hire. For a selection of active personnel during the period, inspected security training completion certificates to verify' | candidate_core: 'ompleteduponhireforaselectionofactivepersonnelduringtheperiodinspectedsecuritytrainingcompletioncertificatestoverify'
[DEBUG] Topic: Control_Descriptions | i: 1365 | n: 3 | candidate: 'completed upon hire. For a selection of active personnel during the period, inspected security training completion certificates to verify' | candidate_core: 'ompleteduponhireforaselectionofactivepersonnelduringtheperiodinspectedsecuritytrainingcompletioncertificatestoverify' | heading_core: 'testingmatrices' | fuzzy_score: 21.37404580152672
[DEBUG-NORM] TOC: 'SECTION IV. TESTING MATRICES' | heading_core: 'testingmatrices' | candidate: 'For a selection of active personnel during the period,' | candidate_core: 'foraselectionofactivepersonnelduringtheperiod'
[DEBUG] Topic: Control_Descriptions | i: 1366 | n: 1 | candidate: 'For a selection of active personnel during the period,' | candidate_core: 'foraselectionofactivepersonnelduringtheperiod' | heading_core: 'testingmatrices' | fuzzy_score: 30.000000000000004
[DEBUG-NORM] TOC: 'SECTION IV. TESTING MATRICES' | heading_core: 'testingmatrices' | candidate: 'For a selection of active personnel during the period, inspected security training completion certificates to verify' | candidate_core: 'foraselectionofactivepersonnelduringtheperiodinspectedsecuritytrainingcompletioncertificatestoverify'
[DEBUG] Topic: Control_Descriptions | i: 1366 | n: 2 | candidate: 'For a selection of active personnel during the period, inspected security training completion certificates to verify' | candidate_core: 'foraselectionofactivepersonnelduringtheperiodinspectedsecuritytrainingcompletioncertificatestoverify' | heading_core: 'testingmatrices' | fuzzy_score: 24.347826086956527
[DEBUG-NORM] TOC: 'SECTION IV. TESTING MATRICES' | heading_core: 'testingmatrices' | candidate: 'For a selection of active personnel during the period, inspected security training completion certificates to verify whether training was completed annually.' | candidate_core: 'foraselectionofactivepersonnelduringtheperiodinspectedsecuritytrainingcompletioncertificatestoverifywhethertrainingwascompletedannually'
[DEBUG] Topic: Control_Descriptions | i: 1366 | n: 3 | candidate: 'For a selection of active personnel during the period, inspected security training completion certificates to verify whether training was completed annually.' | candidate_core: 'foraselectionofactivepersonnelduringtheperiodinspectedsecuritytrainingcompletioncertificatestoverifywhethertrainingwascompletedannually' | heading_core: 'testingmatrices' | fuzzy_score: 18.666666666666664
[DEBUG-NORM] TOC: 'SECTION IV. TESTING MATRICES' | heading_core: 'testingmatrices' | candidate: 'inspected security training completion certificates to verify' | candidate_core: 'nspectedsecuritytrainingcompletioncertificatestoverify'
[DEBUG] Topic: Control_Descriptions | i: 1367 | n: 1 | candidate: 'inspected security training completion certificates to verify' | candidate_core: 'nspectedsecuritytrainingcompletioncertificatestoverify' | heading_core: 'testingmatrices' | fuzzy_score: 40.57971014492754
[DEBUG-NORM] TOC: 'SECTION IV. TESTING MATRICES' | heading_core: 'testingmatrices' | candidate: 'inspected security training completion certificates to verify whether training was completed annually.' | candidate_core: 'nspectedsecuritytrainingcompletioncertificatestoverifywhethertrainingwascompletedannually'
[DEBUG] Topic: Control_Descriptions | i: 1367 | n: 2 | candidate: 'inspected security training completion certificates to verify whether training was completed annually.' | candidate_core: 'nspectedsecuritytrainingcompletioncertificatestoverifywhethertrainingwascompletedannually' | heading_core: 'testingmatrices' | fuzzy_score: 26.923076923076927
[DEBUG-NORM] TOC: 'SECTION IV. TESTING MATRICES' | heading_core: 'testingmatrices' | candidate: 'inspected security training completion certificates to verify whether training was completed annually. No exceptions noted.' | candidate_core: 'nspectedsecuritytrainingcompletioncertificatestoverifywhethertrainingwascompletedannuallynoexceptionsnoted'
[DEBUG] Topic: Control_Descriptions | i: 1367 | n: 3 | candidate: 'inspected security training completion certificates to verify whether training was completed annually. No exceptions noted.' | candidate_core: 'nspectedsecuritytrainingcompletioncertificatestoverifywhethertrainingwascompletedannuallynoexceptionsnoted' | heading_core: 'testingmatrices' | fuzzy_score: 24.79338842975206
[DEBUG-NORM] TOC: 'SECTION IV. TESTING MATRICES' | heading_core: 'testingmatrices' | candidate: 'whether training was completed annually.' | candidate_core: 'whethertrainingwascompletedannually'
[DEBUG] Topic: Control_Descriptions | i: 1368 | n: 1 | candidate: 'whether training was completed annually.' | candidate_core: 'whethertrainingwascompletedannually' | heading_core: 'testingmatrices' | fuzzy_score: 36.0
[DEBUG-NORM] TOC: 'SECTION IV. TESTING MATRICES' | heading_core: 'testingmatrices' | candidate: 'whether training was completed annually. No exceptions noted.' | candidate_core: 'whethertrainingwascompletedannuallynoexceptionsnoted'
[DEBUG] Topic: Control_Descriptions | i: 1368 | n: 2 | candidate: 'whether training was completed annually. No exceptions noted.' | candidate_core: 'whethertrainingwascompletedannuallynoexceptionsnoted' | heading_core: 'testingmatrices' | fuzzy_score: 32.83582089552238
[DEBUG-NORM] TOC: 'SECTION IV. TESTING MATRICES' | heading_core: 'testingmatrices' | candidate: 'whether training was completed annually. No exceptions noted. CC2.2.3' | candidate_core: 'whethertrainingwascompletedannuallynoexceptionsnotedcc223'
[DEBUG] Topic: Control_Descriptions | i: 1368 | n: 3 | candidate: 'whether training was completed annually. No exceptions noted. CC2.2.3' | candidate_core: 'whethertrainingwascompletedannuallynoexceptionsnotedcc223' | heading_core: 'testingmatrices' | fuzzy_score: 30.555555555555557
[DEBUG-NORM] TOC: 'SECTION IV. TESTING MATRICES' | heading_core: 'testingmatrices' | candidate: 'No exceptions noted.' | candidate_core: 'noexceptionsnoted'
[DEBUG] Topic: Control_Descriptions | i: 1369 | n: 1 | candidate: 'No exceptions noted.' | candidate_core: 'noexceptionsnoted' | heading_core: 'testingmatrices' | fuzzy_score: 37.5
[DEBUG-NORM] TOC: 'SECTION IV. TESTING MATRICES' | heading_core: 'testingmatrices' | candidate: 'No exceptions noted. CC2.2.3' | candidate_core: 'noexceptionsnotedcc223'
[DEBUG] Topic: Control_Descriptions | i: 1369 | n: 2 | candidate: 'No exceptions noted. CC2.2.3' | candidate_core: 'noexceptionsnotedcc223' | heading_core: 'testingmatrices' | fuzzy_score: 32.432432432432435
[DEBUG-NORM] TOC: 'SECTION IV. TESTING MATRICES' | heading_core: 'testingmatrices' | candidate: 'No exceptions noted. CC2.2.3 SimpleLegal provides a process for employees and' | candidate_core: 'noexceptionsnotedcc223simplelegalprovidesaprocessforemployeesand'
[DEBUG] Topic: Control_Descriptions | i: 1369 | n: 3 | candidate: 'No exceptions noted. CC2.2.3 SimpleLegal provides a process for employees and' | candidate_core: 'noexceptionsnotedcc223simplelegalprovidesaprocessforemployeesand' | heading_core: 'testingmatrices' | fuzzy_score: 27.848101265822788
[DEBUG-NORM] TOC: 'SECTION IV. TESTING MATRICES' | heading_core: 'testingmatrices' | candidate: 'CC2.2.3' | candidate_core: '23'
[DEBUG] Topic: Control_Descriptions | i: 1370 | n: 1 | candidate: 'CC2.2.3' | candidate_core: '23' | heading_core: 'testingmatrices' | fuzzy_score: 0.0
[DEBUG-NORM] TOC: 'SECTION IV. TESTING MATRICES' | heading_core: 'testingmatrices' | candidate: 'CC2.2.3 SimpleLegal provides a process for employees and' | candidate_core: '23simplelegalprovidesaprocessforemployeesand'
[DEBUG] Topic: Control_Descriptions | i: 1370 | n: 2 | candidate: 'CC2.2.3 SimpleLegal provides a process for employees and' | candidate_core: '23simplelegalprovidesaprocessforemployeesand' | heading_core: 'testingmatrices' | fuzzy_score: 30.508474576271183
[DEBUG-NORM] TOC: 'SECTION IV. TESTING MATRICES' | heading_core: 'testingmatrices' | candidate: 'CC2.2.3 SimpleLegal provides a process for employees and contractors to report security failures, incidents and' | candidate_core: '23simplelegalprovidesaprocessforemployeesandcontractorstoreportsecurityfailuresincidentsand'
[DEBUG] Topic: Control_Descriptions | i: 1370 | n: 3 | candidate: 'CC2.2.3 SimpleLegal provides a process for employees and contractors to report security failures, incidents and' | candidate_core: '23simplelegalprovidesaprocessforemployeesandcontractorstoreportsecurityfailuresincidentsand' | heading_core: 'testingmatrices' | fuzzy_score: 20.75471698113207
[DEBUG-NORM] TOC: 'SECTION IV. TESTING MATRICES' | heading_core: 'testingmatrices' | candidate: 'SimpleLegal provides a process for employees and' | candidate_core: 'simplelegalprovidesaprocessforemployeesand'
[DEBUG] Topic: Control_Descriptions | i: 1371 | n: 1 | candidate: 'SimpleLegal provides a process for employees and' | candidate_core: 'simplelegalprovidesaprocessforemployeesand' | heading_core: 'testingmatrices' | fuzzy_score: 31.57894736842105
[DEBUG-NORM] TOC: 'SECTION IV. TESTING MATRICES' | heading_core: 'testingmatrices' | candidate: 'SimpleLegal provides a process for employees and contractors to report security failures, incidents and' | candidate_core: 'simplelegalprovidesaprocessforemployeesandcontractorstoreportsecurityfailuresincidentsand'
[DEBUG] Topic: Control_Descriptions | i: 1371 | n: 2 | candidate: 'SimpleLegal provides a process for employees and contractors to report security failures, incidents and' | candidate_core: 'simplelegalprovidesaprocessforemployeesandcontractorstoreportsecurityfailuresincidentsand' | heading_core: 'testingmatrices' | fuzzy_score: 21.153846153846157
[DEBUG-NORM] TOC: 'SECTION IV. TESTING MATRICES' | heading_core: 'testingmatrices' | candidate: 'SimpleLegal provides a process for employees and contractors to report security failures, incidents and concerns, and other complaints to management.' | candidate_core: 'simplelegalprovidesaprocessforemployeesandcontractorstoreportsecurityfailuresincidentsandconcernsandothercomplaintstomanagement'
[DEBUG] Topic: Control_Descriptions | i: 1371 | n: 3 | candidate: 'SimpleLegal provides a process for employees and contractors to report security failures, incidents and concerns, and other complaints to management.' | candidate_core: 'simplelegalprovidesaprocessforemployeesandcontractorstoreportsecurityfailuresincidentsandconcernsandothercomplaintstomanagement' | heading_core: 'testingmatrices' | fuzzy_score: 15.492957746478876
[DEBUG-NORM] TOC: 'SECTION IV. TESTING MATRICES' | heading_core: 'testingmatrices' | candidate: 'contractors to report security failures, incidents and' | candidate_core: 'ontractorstoreportsecurityfailuresincidentsand'
[DEBUG] Topic: Control_Descriptions | i: 1372 | n: 1 | candidate: 'contractors to report security failures, incidents and' | candidate_core: 'ontractorstoreportsecurityfailuresincidentsand' | heading_core: 'testingmatrices' | fuzzy_score: 32.786885245901644
[DEBUG-NORM] TOC: 'SECTION IV. TESTING MATRICES' | heading_core: 'testingmatrices' | candidate: 'contractors to report security failures, incidents and concerns, and other complaints to management.' | candidate_core: 'ontractorstoreportsecurityfailuresincidentsandconcernsandothercomplaintstomanagement'
[DEBUG] Topic: Control_Descriptions | i: 1372 | n: 2 | candidate: 'contractors to report security failures, incidents and concerns, and other complaints to management.' | candidate_core: 'ontractorstoreportsecurityfailuresincidentsandconcernsandothercomplaintstomanagement' | heading_core: 'testingmatrices' | fuzzy_score: 22.22222222222222
[DEBUG-NORM] TOC: 'SECTION IV. TESTING MATRICES' | heading_core: 'testingmatrices' | candidate: 'contractors to report security failures, incidents and concerns, and other complaints to management. Inspected the Incident Reporting and Response Policy to' | candidate_core: 'ontractorstoreportsecurityfailuresincidentsandconcernsandothercomplaintstomanagementinspectedtheincidentreportingandresponsepolicyto'
[DEBUG] Topic: Control_Descriptions | i: 1372 | n: 3 | candidate: 'contractors to report security failures, incidents and concerns, and other complaints to management. Inspected the Incident Reporting and Response Policy to' | candidate_core: 'ontractorstoreportsecurityfailuresincidentsandconcernsandothercomplaintstomanagementinspectedtheincidentreportingandresponsepolicyto' | heading_core: 'testingmatrices' | fuzzy_score: 17.68707482993197
[DEBUG-NORM] TOC: 'SECTION IV. TESTING MATRICES' | heading_core: 'testingmatrices' | candidate: 'concerns, and other complaints to management.' | candidate_core: 'oncernsandothercomplaintstomanagement'
[DEBUG] Topic: Control_Descriptions | i: 1373 | n: 1 | candidate: 'concerns, and other complaints to management.' | candidate_core: 'oncernsandothercomplaintstomanagement' | heading_core: 'testingmatrices' | fuzzy_score: 30.76923076923077
[DEBUG-NORM] TOC: 'SECTION IV. TESTING MATRICES' | heading_core: 'testingmatrices' | candidate: 'concerns, and other complaints to management. Inspected the Incident Reporting and Response Policy to' | candidate_core: 'oncernsandothercomplaintstomanagementinspectedtheincidentreportingandresponsepolicyto'
[DEBUG] Topic: Control_Descriptions | i: 1373 | n: 2 | candidate: 'concerns, and other complaints to management. Inspected the Incident Reporting and Response Policy to' | candidate_core: 'oncernsandothercomplaintstomanagementinspectedtheincidentreportingandresponsepolicyto' | heading_core: 'testingmatrices' | fuzzy_score: 24.0
[DEBUG-NORM] TOC: 'SECTION IV. TESTING MATRICES' | heading_core: 'testingmatrices' | candidate: 'concerns, and other complaints to management. Inspected the Incident Reporting and Response Policy to verify whether it provided a process for employees and' | candidate_core: 'oncernsandothercomplaintstomanagementinspectedtheincidentreportingandresponsepolicytoverifywhetheritprovidedaprocessforemployeesand'
[DEBUG] Topic: Control_Descriptions | i: 1373 | n: 3 | candidate: 'concerns, and other complaints to management. Inspected the Incident Reporting and Response Policy to verify whether it provided a process for employees and' | candidate_core: 'oncernsandothercomplaintstomanagementinspectedtheincidentreportingandresponsepolicytoverifywhetheritprovidedaprocessforemployeesand' | heading_core: 'testingmatrices' | fuzzy_score: 19.17808219178082
[DEBUG-NORM] TOC: 'SECTION IV. TESTING MATRICES' | heading_core: 'testingmatrices' | candidate: 'Inspected the Incident Reporting and Response Policy to' | candidate_core: 'nspectedtheincidentreportingandresponsepolicyto'
[DEBUG] Topic: Control_Descriptions | i: 1374 | n: 1 | candidate: 'Inspected the Incident Reporting and Response Policy to' | candidate_core: 'nspectedtheincidentreportingandresponsepolicyto' | heading_core: 'testingmatrices' | fuzzy_score: 32.25806451612904
[DEBUG-NORM] TOC: 'SECTION IV. TESTING MATRICES' | heading_core: 'testingmatrices' | candidate: 'Inspected the Incident Reporting and Response Policy to verify whether it provided a process for employees and' | candidate_core: 'nspectedtheincidentreportingandresponsepolicytoverifywhetheritprovidedaprocessforemployeesand'
[DEBUG] Topic: Control_Descriptions | i: 1374 | n: 2 | candidate: 'Inspected the Incident Reporting and Response Policy to verify whether it provided a process for employees and' | candidate_core: 'nspectedtheincidentreportingandresponsepolicytoverifywhetheritprovidedaprocessforemployeesand' | heading_core: 'testingmatrices' | fuzzy_score: 24.07407407407407
[DEBUG-NORM] TOC: 'SECTION IV. TESTING MATRICES' | heading_core: 'testingmatrices' | candidate: 'Inspected the Incident Reporting and Response Policy to verify whether it provided a process for employees and contractors to report security failures, incidents and' | candidate_core: 'nspectedtheincidentreportingandresponsepolicytoverifywhetheritprovidedaprocessforemployeesandcontractorstoreportsecurityfailuresincidentsand'
[DEBUG] Topic: Control_Descriptions | i: 1374 | n: 3 | candidate: 'Inspected the Incident Reporting and Response Policy to verify whether it provided a process for employees and contractors to report security failures, incidents and' | candidate_core: 'nspectedtheincidentreportingandresponsepolicytoverifywhetheritprovidedaprocessforemployeesandcontractorstoreportsecurityfailuresincidentsand' | heading_core: 'testingmatrices' | fuzzy_score: 18.06451612903226
[DEBUG-NORM] TOC: 'SECTION IV. TESTING MATRICES' | heading_core: 'testingmatrices' | candidate: 'verify whether it provided a process for employees and' | candidate_core: 'erifywhetheritprovidedaprocessforemployeesand'
[DEBUG] Topic: Control_Descriptions | i: 1375 | n: 1 | candidate: 'verify whether it provided a process for employees and' | candidate_core: 'erifywhetheritprovidedaprocessforemployeesand' | heading_core: 'testingmatrices' | fuzzy_score: 30.000000000000004
[DEBUG-NORM] TOC: 'SECTION IV. TESTING MATRICES' | heading_core: 'testingmatrices' | candidate: 'verify whether it provided a process for employees and contractors to report security failures, incidents and' | candidate_core: 'erifywhetheritprovidedaprocessforemployeesandcontractorstoreportsecurityfailuresincidentsand'
[DEBUG] Topic: Control_Descriptions | i: 1375 | n: 2 | candidate: 'verify whether it provided a process for employees and contractors to report security failures, incidents and' | candidate_core: 'erifywhetheritprovidedaprocessforemployeesandcontractorstoreportsecurityfailuresincidentsand' | heading_core: 'testingmatrices' | fuzzy_score: 22.429906542056077
[DEBUG-NORM] TOC: 'SECTION IV. TESTING MATRICES' | heading_core: 'testingmatrices' | candidate: 'verify whether it provided a process for employees and contractors to report security failures, incidents and concerns, and other complaints to management.' | candidate_core: 'erifywhetheritprovidedaprocessforemployeesandcontractorstoreportsecurityfailuresincidentsandconcernsandothercomplaintstomanagement'
[DEBUG] Topic: Control_Descriptions | i: 1375 | n: 3 | candidate: 'verify whether it provided a process for employees and contractors to report security failures, incidents and concerns, and other complaints to management.' | candidate_core: 'erifywhetheritprovidedaprocessforemployeesandcontractorstoreportsecurityfailuresincidentsandconcernsandothercomplaintstomanagement' | heading_core: 'testingmatrices' | fuzzy_score: 16.551724137931036
[DEBUG-NORM] TOC: 'SECTION IV. TESTING MATRICES' | heading_core: 'testingmatrices' | candidate: 'contractors to report security failures, incidents and' | candidate_core: 'ontractorstoreportsecurityfailuresincidentsand'
[DEBUG] Topic: Control_Descriptions | i: 1376 | n: 1 | candidate: 'contractors to report security failures, incidents and' | candidate_core: 'ontractorstoreportsecurityfailuresincidentsand' | heading_core: 'testingmatrices' | fuzzy_score: 32.786885245901644
[DEBUG-NORM] TOC: 'SECTION IV. TESTING MATRICES' | heading_core: 'testingmatrices' | candidate: 'contractors to report security failures, incidents and concerns, and other complaints to management.' | candidate_core: 'ontractorstoreportsecurityfailuresincidentsandconcernsandothercomplaintstomanagement'
[DEBUG] Topic: Control_Descriptions | i: 1376 | n: 2 | candidate: 'contractors to report security failures, incidents and concerns, and other complaints to management.' | candidate_core: 'ontractorstoreportsecurityfailuresincidentsandconcernsandothercomplaintstomanagement' | heading_core: 'testingmatrices' | fuzzy_score: 22.22222222222222
[DEBUG-NORM] TOC: 'SECTION IV. TESTING MATRICES' | heading_core: 'testingmatrices' | candidate: 'contractors to report security failures, incidents and concerns, and other complaints to management. No exceptions noted.' | candidate_core: 'ontractorstoreportsecurityfailuresincidentsandconcernsandothercomplaintstomanagementnoexceptionsnoted'
[DEBUG] Topic: Control_Descriptions | i: 1376 | n: 3 | candidate: 'contractors to report security failures, incidents and concerns, and other complaints to management. No exceptions noted.' | candidate_core: 'ontractorstoreportsecurityfailuresincidentsandconcernsandothercomplaintstomanagementnoexceptionsnoted' | heading_core: 'testingmatrices' | fuzzy_score: 22.413793103448278
[DEBUG-NORM] TOC: 'SECTION IV. TESTING MATRICES' | heading_core: 'testingmatrices' | candidate: 'concerns, and other complaints to management.' | candidate_core: 'oncernsandothercomplaintstomanagement'
[DEBUG] Topic: Control_Descriptions | i: 1377 | n: 1 | candidate: 'concerns, and other complaints to management.' | candidate_core: 'oncernsandothercomplaintstomanagement' | heading_core: 'testingmatrices' | fuzzy_score: 30.76923076923077
[DEBUG-NORM] TOC: 'SECTION IV. TESTING MATRICES' | heading_core: 'testingmatrices' | candidate: 'concerns, and other complaints to management. No exceptions noted.' | candidate_core: 'oncernsandothercomplaintstomanagementnoexceptionsnoted'
[DEBUG] Topic: Control_Descriptions | i: 1377 | n: 2 | candidate: 'concerns, and other complaints to management. No exceptions noted.' | candidate_core: 'oncernsandothercomplaintstomanagementnoexceptionsnoted' | heading_core: 'testingmatrices' | fuzzy_score: 31.88405797101449
[DEBUG-NORM] TOC: 'SECTION IV. TESTING MATRICES' | heading_core: 'testingmatrices' | candidate: 'concerns, and other complaints to management. No exceptions noted. === PAGE 29 ===' | candidate_core: 'oncernsandothercomplaintstomanagementnoexceptionsnotedpage29'
[DEBUG] Topic: Control_Descriptions | i: 1377 | n: 3 | candidate: 'concerns, and other complaints to management. No exceptions noted. === PAGE 29 ===' | candidate_core: 'oncernsandothercomplaintstomanagementnoexceptionsnotedpage29' | heading_core: 'testingmatrices' | fuzzy_score: 29.333333333333332
[DEBUG-NORM] TOC: 'SECTION IV. TESTING MATRICES' | heading_core: 'testingmatrices' | candidate: 'No exceptions noted.' | candidate_core: 'noexceptionsnoted'
[DEBUG] Topic: Control_Descriptions | i: 1378 | n: 1 | candidate: 'No exceptions noted.' | candidate_core: 'noexceptionsnoted' | heading_core: 'testingmatrices' | fuzzy_score: 37.5
[DEBUG-NORM] TOC: 'SECTION IV. TESTING MATRICES' | heading_core: 'testingmatrices' | candidate: 'No exceptions noted. === PAGE 29 ===' | candidate_core: 'noexceptionsnotedpage29'
[DEBUG] Topic: Control_Descriptions | i: 1378 | n: 2 | candidate: 'No exceptions noted. === PAGE 29 ===' | candidate_core: 'noexceptionsnotedpage29' | heading_core: 'testingmatrices' | fuzzy_score: 31.57894736842105
[DEBUG-NORM] TOC: 'SECTION IV. TESTING MATRICES' | heading_core: 'testingmatrices' | candidate: 'No exceptions noted. === PAGE 29 === ' | candidate_core: 'noexceptionsnotedpage29'
[DEBUG] Topic: Control_Descriptions | i: 1378 | n: 3 | candidate: 'No exceptions noted. === PAGE 29 === ' | candidate_core: 'noexceptionsnotedpage29' | heading_core: 'testingmatrices' | fuzzy_score: 31.57894736842105
[DEBUG-NORM] TOC: 'SECTION IV. TESTING MATRICES' | heading_core: 'testingmatrices' | candidate: '=== PAGE 29 ===' | candidate_core: 'page29'
[DEBUG] Topic: Control_Descriptions | i: 1379 | n: 1 | candidate: '=== PAGE 29 ===' | candidate_core: 'page29' | heading_core: 'testingmatrices' | fuzzy_score: 19.047619047619047
[DEBUG-NORM] TOC: 'SECTION IV. TESTING MATRICES' | heading_core: 'testingmatrices' | candidate: '=== PAGE 29 === ' | candidate_core: 'page29'
[DEBUG] Topic: Control_Descriptions | i: 1379 | n: 2 | candidate: '=== PAGE 29 === ' | candidate_core: 'page29' | heading_core: 'testingmatrices' | fuzzy_score: 19.047619047619047
[DEBUG-NORM] TOC: 'SECTION IV. TESTING MATRICES' | heading_core: 'testingmatrices' | candidate: '=== PAGE 29 ===  Control #' | candidate_core: 'page29control'
[DEBUG] Topic: Control_Descriptions | i: 1379 | n: 3 | candidate: '=== PAGE 29 ===  Control #' | candidate_core: 'page29control' | heading_core: 'testingmatrices' | fuzzy_score: 28.57142857142857
